,meter_sale_price,procedure_area,rooms_en,floor_bin,swimming_pool,balcony,elevator,metro,has_parking,area_name_en
0,11031.1,65.27,1 B/R,1-10,1,1,1,1,1,Al Barsha South Fifth
1,5005.26,36.34,1 B/R,Below 1st floor,1,1,1,1,1,Al Barsha South Fifth
2,6918.96,54.17,Studio,1-10,1,1,1,1,1,Al Barsha South Fifth
3,12347.54,55.33,1 B/R,21-30,1,1,1,1,1,Al Barsha South Fifth
4,10298.37,173.04,3 B/R,1-10,1,1,1,1,1,Al Barsha South Fifth
5,5498.45,103.12,2 B/R,1-10,0,1,1,1,1,Al Barsha South Fifth
6,16385.33,65.56,1 B/R,11-20,1,1,1,1,1,Al Barsha South Fifth
7,12873.61,35.17,Studio,1-10,0,1,1,1,1,Al Barsha South Fifth
8,17055.41,32.55,Studio,11-20,1,1,1,1,1,Al Barsha South Fifth
9,20216.28,78.6,1 B/R,31-40,1,1,1,1,1,Al Barsha South Fifth
10,13662.11,115.25,2 B/R,1-10,1,1,1,1,1,Al Barsha South Fifth
11,15629.19,99.54,2 B/R,21-30,1,1,1,1,1,Al Barsha South Fifth
12,20291.53,29.74,Studio,31-40,1,1,1,1,1,Al Barsha South Fifth
13,8297.99,54.23,Studio,21-30,1,1,1,1,1,Al Barsha South Fifth
14,22956.87,32.23,Studio,51-60,1,1,1,1,1,Al Barsha South Fifth
15,18822.92,136.38,3 B/R,31-40,1,1,1,1,1,Al Barsha South Fifth
16,5005.26,38.67,Studio,Below 1st floor,1,1,1,1,1,Al Barsha South Fifth
17,10850.4,73.73,1 B/R,1-10,0,1,1,1,1,Al Barsha South Fifth
18,21588.57,42.51,Studio,41-50,1,1,1,1,1,Al Barsha South Fifth
19,9024.72,36.54,Studio,11-20,1,0,1,1,1,Al Barsha South Fifth
20,6883.96,38.35,Studio,Below 1st floor,1,0,1,1,1,Al Barsha South Fifth
21,13776.18,105.98,2 B/R,Below 1st floor,1,1,1,1,1,Al Barsha South Fifth
22,12994.31,57.96,1 B/R,21-30,0,1,1,1,1,Al Barsha South Fifth
23,14136.19,103.52,2 B/R,11-20,1,1,1,1,1,Al Barsha South Fifth
24,17416.06,75.61,1 B/R,1-10,1,1,1,0,1,Al Barsha South Fifth
25,13432.43,92.87,2 B/R,31-40,1,1,1,1,1,Al Barsha South Fifth
26,17302.41,36.44,Studio,1-10,1,0,1,1,1,Al Barsha South Fifth
27,6392.25,103.25,2 B/R,11-20,0,1,1,1,1,Al Barsha South Fifth
28,10251.5,36.58,Studio,21-30,1,0,1,1,1,Al Barsha South Fifth
29,4398.83,71.61,1 B/R,11-20,0,1,1,1,1,Al Barsha South Fifth
30,17876.54,81.0,1 B/R,41-50,1,1,1,1,1,Al Barsha South Fifth
31,17365.23,136.71,3 B/R,21-30,1,1,1,1,1,Al Barsha South Fifth
32,9142.98,162.7,3 B/R,Below 1st floor,1,1,1,1,1,Al Barsha South Fifth
33,9473.68,7.6,1 B/R,Below 1st floor,1,1,0,1,1,Al Barsha South Fifth
34,8474.02,40.38,Studio,1-10,1,1,0,1,1,Al Barsha South Fifth
35,15668.15,113.34,2 B/R,1-10,1,1,1,0,1,Al Barsha South Fifth
36,13232.24,139.81,2 B/R,21-30,0,1,1,1,1,Al Barsha South Fifth
37,7217.51,151.62,3 B/R,21-30,0,1,1,1,1,Al Barsha South Fifth
38,10963.06,59.29,1 B/R,Below 1st floor,0,1,1,1,1,Al Barsha South Fifth
39,6902.08,162.27,2 B/R,1-10,1,1,0,1,1,Al Barsha South Fifth
40,8637.57,86.83,1 B/R,1-10,1,1,0,1,1,Al Barsha South Fifth
41,21008.06,76.97,1 B/R,51-60,1,1,1,1,1,Al Barsha South Fifth
42,18168.95,42.38,Studio,31-40,1,0,1,1,1,Al Barsha South Fifth
43,5453.16,91.69,PENTHOUSE,1-10,1,1,0,1,0,Al Barsha South Fifth
44,14404.61,62.48,1 B/R,1-10,1,0,1,1,1,Al Barsha South Fifth
45,10763.87,53.36,1 B/R,Below 1st floor,1,0,1,1,1,Al Barsha South Fifth
46,12700.32,37.04,Studio,11-20,0,1,1,1,1,Al Barsha South Fifth
47,17845.93,110.6,2 B/R,51-60,1,1,1,1,1,Al Barsha South Fifth
48,6306.05,71.36,1 B/R,1-10,1,0,0,1,1,Al Barsha South Fifth
49,4382.21,46.78,Studio,1-10,1,1,0,1,0,Al Barsha South Fifth
50,9192.93,41.88,Studio,Below 1st floor,1,1,0,1,1,Al Barsha South Fifth
51,4266.61,43.36,Studio,-9-0,1,1,0,1,0,Al Barsha South Fifth
52,7371.98,139.04,2 B/R,Other,1,1,1,1,1,Al Barsha South Fifth
53,18544.41,109.44,2 B/R,41-50,1,1,1,1,1,Al Barsha South Fifth
54,14183.05,141.38,3 B/R,11-20,1,1,1,1,1,Al Barsha South Fifth
55,13925.8,37.05,Studio,21-30,0,1,1,1,1,Al Barsha South Fifth
56,4501.53,140.23,PENTHOUSE,1-10,1,0,0,1,0,Al Barsha South Fifth
57,12966.29,83.2,2 B/R,21-30,1,0,1,1,1,Al Barsha South Fourth
58,15553.68,59.15,1 B/R,21-30,1,1,1,0,1,Al Barsha South Fourth
59,10075.25,126.25,3 B/R,1-10,1,1,1,0,1,Al Barsha South Fourth
60,6565.54,88.34,1 B/R,Below 1st floor,1,1,1,0,1,Al Barsha South Fourth
61,3931.2,130.24,2 B/R,Below 1st floor,1,1,0,1,1,Al Barsha South Fourth
62,6928.25,72.89,1 B/R,Below 1st floor,1,0,0,1,1,Al Barsha South Fourth
63,16330.0,61.87,1 B/R,21-30,1,0,1,1,1,Al Barsha South Fourth
64,8440.24,59.24,1 B/R,11-20,1,1,1,0,1,Al Barsha South Fourth
65,17619.39,39.41,Studio,Below 1st floor,0,1,1,1,1,Al Barsha South Fourth
66,11880.25,126.26,3 B/R,11-20,1,1,1,0,1,Al Barsha South Fourth
67,8500.0,3.94,More than 3B/R,Below 1st floor,1,1,1,1,1,Al Barsha South Fourth
68,14121.63,106.22,2 B/R,21-30,1,1,1,0,1,Al Barsha South Fourth
69,7599.75,94.74,2 B/R,Below 1st floor,1,1,1,0,1,Al Barsha South Fourth
70,12772.41,125.27,3 B/R,21-30,1,1,1,0,1,Al Barsha South Fourth
71,14601.75,83.01,2 B/R,11-20,1,0,1,1,1,Al Barsha South Fourth
72,17422.2,40.81,Studio,11-20,0,0,1,1,1,Al Barsha South Fourth
73,6756.49,128.95,3 B/R,1-10,1,1,0,1,1,Al Barsha South Fourth
74,10783.61,125.19,3 B/R,Below 1st floor,1,1,1,0,1,Al Barsha South Fourth
75,16981.15,61.65,1 B/R,11-20,1,0,1,1,1,Al Barsha South Fourth
76,8909.85,38.16,Studio,1-10,1,0,0,1,1,Al Barsha South Fourth
77,18602.18,37.63,Studio,1-10,1,1,1,1,0,Al Barsha South Fourth
78,7246.38,91.08,2 B/R,1-10,1,0,1,1,1,Al Barsha South Fourth
79,16439.71,40.39,Studio,1-10,0,0,1,1,1,Al Barsha South Fourth
80,12067.91,129.98,3 B/R,Below 1st floor,0,1,1,1,1,Al Barsha South Fourth
81,13284.23,39.37,Studio,Other,1,1,1,1,1,Al Barsha South Fourth
82,11043.62,72.44,1 B/R,Other,1,1,1,1,1,Al Barsha South Fourth
83,16228.52,68.09,1 B/R,1-10,0,0,1,1,1,Al Barsha South Fourth
84,15702.12,68.08,1 B/R,11-20,0,0,1,1,1,Al Barsha South Fourth
85,9163.61,124.24,2 B/R,Below 1st floor,1,0,1,1,1,Al Barsha South Fourth
86,7221.35,31.85,Studio,Below 1st floor,1,0,0,1,1,Al Barsha South Fourth
87,9827.2,122.11,2 B/R,11-20,1,1,0,1,1,Al Barsha South Fourth
88,8762.88,47.68,Studio,1-10,0,1,1,1,0,Al Barsha South Fourth
89,14786.85,161.08,3 B/R,1-10,0,1,1,1,1,Al Barsha South Fourth
90,9142.24,37.19,Studio,Below 1st floor,0,0,1,1,1,Al Barsha South Fourth
91,6301.56,174.56,2 B/R,1-10,1,1,0,1,0,Al Barsha South Fourth
92,12108.63,173.43,2 B/R,Below 1st floor,0,1,1,1,1,Al Barsha South Fourth
93,10535.9,76.88,1 B/R,11-20,1,1,0,1,1,Al Barsha South Fourth
94,9684.15,67.12,1 B/R,31-40,1,0,1,1,1,Al Barsha South Fourth
95,12905.09,162.37,3 B/R,11-20,0,1,1,1,1,Al Barsha South Fourth
96,18545.36,114.53,3 B/R,Below 1st floor,1,1,0,1,1,Al Barsha South Fourth
97,6161.38,92.97,2 B/R,1-10,1,0,0,1,1,Al Barshaa South Third
98,13577.02,38.3,Studio,21-30,1,1,0,1,1,Al Barshaa South Third
99,8937.82,38.6,Studio,11-20,1,1,0,1,1,Al Barshaa South Third
100,10936.91,142.41,3 B/R,1-10,1,0,0,1,1,Al Barshaa South Third
101,11767.65,79.88,1 B/R,21-30,1,1,0,1,1,Al Barshaa South Third
102,17649.14,56.66,1 B/R,Below 1st floor,1,1,1,1,0,Al Barshaa South Third
103,15160.91,117.23,2 B/R,11-20,1,1,1,0,1,Al Barshaa South Third
104,9656.61,78.44,1 B/R,1-10,1,1,1,1,0,Al Barshaa South Third
105,11908.16,104.97,2 B/R,1-10,1,1,1,1,0,Al Barshaa South Third
106,13998.17,32.79,Studio,Below 1st floor,1,1,1,1,0,Al Barshaa South Third
107,8549.88,131.52,2 B/R,21-30,1,1,0,1,1,Al Barshaa South Third
108,17228.52,67.04,1 B/R,31-40,0,1,1,1,1,Al Hebiah Fourth
109,9990.1,141.39,3 B/R,11-20,1,1,0,1,1,Al Hebiah Fourth
110,16933.7,36.2,Studio,31-40,0,1,1,1,1,Al Hebiah Fourth
111,8757.66,79.93,1 B/R,31-40,1,1,0,1,1,Al Hebiah Fourth
112,6936.11,74.97,1 B/R,Below 1st floor,1,1,0,1,0,Al Hebiah Fourth
113,11142.72,42.18,Studio,11-20,1,1,1,1,0,Al Hebiah Fourth
114,10218.08,31.64,Studio,11-20,1,0,0,1,1,Al Hebiah Fourth
115,10051.78,65.66,1 B/R,1-10,1,0,0,1,0,Al Hebiah Fourth
116,14022.32,96.76,2 B/R,Below 1st floor,1,1,1,1,0,Al Hebiah Fourth
117,7438.02,72.6,1 B/R,1-10,1,1,0,1,0,Al Hebiah Fourth
118,7335.68,136.32,2 B/R,31-40,1,1,0,1,1,Al Hebiah Fourth
119,7572.3,87.35,1 B/R,11-20,1,1,0,1,0,Al Hebiah Fourth
120,5798.65,124.71,2 B/R,21-30,1,0,0,1,1,Al Hebiah Fourth
121,7039.7,143.33,3 B/R,11-20,1,1,0,1,0,Al Hebiah Fourth
122,10429.84,31.64,Studio,11-20,1,0,0,1,0,Al Hebiah Fourth
123,14106.86,31.63,Studio,1-10,1,0,0,1,0,Al Hebiah Fourth
124,4383.15,46.77,Studio,Below 1st floor,1,1,0,1,0,Al Hebiah Fourth
125,6162.33,138.19,3 B/R,21-30,1,1,0,1,1,Al Hebiah Fourth
126,22608.28,84.04,1 B/R,21-30,1,1,0,1,0,Al Hebiah Fourth
127,25656.04,71.09,1 B/R,1-10,0,1,1,0,1,Al Khairan First
128,15179.11,65.88,1 B/R,21-30,0,1,1,0,1,Al Khairan First
129,15096.35,112.61,2 B/R,11-20,0,1,1,0,1,Al Khairan First
130,29934.43,164.89,3 B/R,21-30,0,1,1,0,1,Al Khairan First
131,27634.94,134.97,2 B/R,41-50,1,1,1,0,1,Al Khairan First
132,28457.67,68.8,1 B/R,11-20,0,1,1,0,1,Al Khairan First
133,25217.73,106.27,2 B/R,1-10,0,1,1,0,1,Al Khairan First
134,28774.84,106.2,2 B/R,31-40,1,1,1,0,1,Al Khairan First
135,12600.81,158.72,3 B/R,11-20,0,1,1,0,1,Al Khairan First
136,21881.1,148.53,3 B/R,41-50,1,1,1,1,1,Al Khairan First
137,28247.8,70.09,1 B/R,41-50,1,1,1,0,1,Al Khairan First
138,26810.58,143.6,3 B/R,31-40,0,1,1,0,1,Al Khairan First
139,19127.43,109.79,2 B/R,31-40,0,1,1,0,1,Al Khairan First
140,28347.34,69.35,1 B/R,31-40,1,1,1,0,1,Al Khairan First
141,15123.18,109.6,2 B/R,21-30,0,1,1,0,1,Al Khairan First
142,24598.84,115.57,2 B/R,Other,0,1,1,1,1,Al Khairan First
143,20306.34,172.36,3 B/R,1-10,0,1,1,0,1,Al Khairan First
144,22638.63,170.38,3 B/R,31-40,1,1,1,0,1,Al Khairan First
145,28892.74,69.01,1 B/R,31-40,0,1,1,0,1,Al Khairan First
146,21976.82,96.79,3 B/R,Below 1st floor,0,1,1,0,1,Al Khairan First
147,26795.73,134.98,2 B/R,51-60,1,1,1,0,1,Al Khairan First
148,27176.74,171.65,3 B/R,51-60,1,1,1,0,1,Al Khairan First
149,17019.0,56.3,2 B/R,Below 1st floor,0,1,1,0,1,Al Khairan First
150,14497.0,136.58,2 B/R,31-40,0,1,1,1,1,Al Khairan First
151,19184.86,113.11,2 B/R,41-50,0,1,1,0,1,Al Khairan First
152,14447.48,76.83,1 B/R,41-50,0,1,1,0,1,Al Khairan First
153,20478.36,38.45,1 B/R,Below 1st floor,0,1,1,0,1,Al Khairan First
154,22367.5,107.07,2 B/R,Other,1,0,1,1,1,Al Khairan First
155,25455.23,75.54,1 B/R,Other,0,1,1,1,1,Al Khairan First
156,24019.86,136.97,2 B/R,61-70,1,1,1,1,1,Al Khairan First
157,22911.53,170.22,3 B/R,51-60,1,1,1,1,1,Al Khairan First
158,26847.35,156.44,3 B/R,31-40,0,1,1,1,1,Al Khairan First
159,19566.0,128.37,2 B/R,Below 1st floor,1,1,0,0,1,Al Merkadh
160,14789.3,49.36,Studio,1-10,1,0,1,0,1,Al Merkadh
161,22345.59,56.81,1 B/R,51-60,1,1,1,0,1,Al Merkadh
162,22098.4,175.77,3 B/R,61-70,1,1,1,0,1,Al Merkadh
163,18672.04,133.89,2 B/R,61-70,1,1,1,0,1,Al Merkadh
164,21560.16,115.9,3 B/R,41-50,1,1,1,0,1,Al Merkadh
165,18158.81,72.62,1 B/R,Below 1st floor,1,1,0,0,1,Al Merkadh
166,23949.63,49.55,1 B/R,51-60,1,0,1,0,1,Al Merkadh
167,21274.52,65.75,1 B/R,1-10,1,0,1,0,1,Al Merkadh
168,12326.04,125.75,2 B/R,Below 1st floor,0,0,1,1,1,Al Merkadh
169,21258.63,98.46,1 B/R,61-70,1,1,1,1,1,Al Thanyah Fifth
170,10894.94,38.55,Studio,11-20,1,1,0,1,0,Al Thanyah Fifth
171,7383.8,90.36,1 B/R,21-30,1,0,0,1,1,Al Thanyah Fifth
172,7247.35,111.42,2 B/R,11-20,1,0,0,1,1,Al Thanyah Fifth
173,20905.57,119.59,2 B/R,Top floor,1,1,1,1,1,Al Thanyah Fifth
174,25059.31,165.98,3 B/R,61-70,1,1,1,1,1,Al Thanyah Fifth
175,22020.84,37.82,Studio,Top floor,1,1,1,1,1,Al Thanyah Fifth
176,14979.1,43.06,Studio,31-40,1,0,0,1,1,Al Thanyah Fifth
177,26746.92,47.7,Studio,1-10,1,1,1,0,1,Al Thanyah Fifth
178,14873.84,75.3,1 B/R,11-20,1,0,0,1,1,Al Thanyah Fifth
179,19134.78,174.49,3 B/R,Top floor,1,1,1,1,1,Al Thanyah Fifth
180,31579.97,74.23,1 B/R,51-60,1,0,1,1,1,Al Thanyah Fifth
181,10752.69,44.64,Studio,21-30,1,0,0,1,1,Al Thanyah Fifth
182,6805.23,149.9,1 B/R,41-50,1,1,0,1,1,Al Thanyah Fifth
183,4514.89,114.1,3 B/R,31-40,1,1,0,1,1,Al Thanyah Fifth
184,16269.61,86.05,1 B/R,Top floor,1,1,1,1,1,Al Thanyah Fifth
185,14400.92,34.72,Studio,31-40,1,1,0,1,1,Al Thanyah Fifth
186,27596.12,139.15,2 B/R,51-60,1,0,1,1,1,Al Thanyah Fifth
187,32541.53,58.74,1 B/R,61-70,1,0,1,1,1,Al Thanyah Fifth
188,14010.01,69.95,1 B/R,31-40,1,1,0,1,0,Al Thanyah Fifth
189,28120.74,88.06,1 B/R,41-50,1,0,1,1,1,Al Thanyah Fifth
190,9137.64,175.1,3 B/R,21-30,1,0,1,1,1,Al Thanyah Fifth
191,16017.43,39.02,Studio,21-30,1,1,0,1,0,Al Thanyah Fifth
192,29594.73,151.32,2 B/R,41-50,1,0,1,1,1,Al Thanyah Fifth
193,9224.78,87.33,2 B/R,31-40,1,0,1,1,1,Al Thanyah Fifth
194,6228.84,147.7,2 B/R,41-50,1,0,0,1,1,Al Thanyah Fifth
195,10899.18,165.15,More than 3B/R,31-40,1,1,0,1,1,Al Thanyah Fifth
196,4345.66,124.4,PENTHOUSE,Below 1st floor,1,1,0,1,0,Al Thanyah Fifth
197,10146.18,35.56,Studio,21-30,1,0,0,1,0,Al Thanyah Fifth
198,17075.77,112.44,2 B/R,61-70,1,0,1,1,1,Al Thanyah Fifth
199,10000.63,159.99,More than 3B/R,21-30,1,1,0,1,1,Al Thanyah Fifth
200,13045.7,58.64,Studio,41-50,1,1,0,1,1,Al Thanyah Fifth
201,15620.64,35.85,Studio,41-50,1,0,0,1,0,Al Thanyah Fifth
202,8022.32,143.35,2 B/R,21-30,1,1,0,1,0,Al Thanyah Fifth
203,28286.25,144.77,2 B/R,71-80,1,0,1,1,1,Al Thanyah Fifth
204,13596.0,36.04,Studio,31-40,1,0,0,1,0,Al Thanyah Fifth
205,10763.61,112.23,PENTHOUSE,Below 1st floor,1,1,0,1,1,Al Thanyah Fifth
206,11107.24,114.88,2 B/R,31-40,1,1,0,1,0,Al Thanyah Fifth
207,10615.73,57.4,1 B/R,41-50,1,0,0,1,1,Al Thanyah Fifth
208,8745.08,137.22,3 B/R,31-40,1,1,0,1,0,Al Thanyah Fifth
209,9024.44,108.04,2 B/R,21-30,1,0,0,1,0,Al Thanyah Fifth
210,8261.89,72.33,2 B/R,Below 1st floor,1,0,0,1,1,Al Thanyah Fifth
211,4402.99,67.0,1 B/R,1-10,0,0,1,1,0,Al Warsan First
212,3697.68,67.61,1 B/R,Below 1st floor,0,1,1,1,0,Al Warsan First
213,5797.1,69.0,1 B/R,1-10,0,1,1,1,0,Al Warsan First
214,5116.28,43.0,Studio,1-10,0,0,1,1,0,Al Warsan First
215,5515.15,40.59,Studio,Below 1st floor,0,0,1,1,0,Al Warsan First
216,5824.84,22.5,Studio,Below 1st floor,0,1,1,1,0,Al Warsan First
217,2898.55,34.5,1 B/R,Below 1st floor,0,0,1,1,0,Al Warsan First
218,3421.05,114.0,2 B/R,1-10,0,0,1,1,0,Al Warsan First
219,4521.7,170.29,More than 3B/R,1-10,0,1,1,1,1,Al Warsan First
220,6727.78,67.63,2 B/R,1-10,0,0,1,1,1,Al Warsan First
221,4553.57,112.0,2 B/R,1-10,0,1,1,1,0,Al Warsan First
222,14956.98,32.82,Studio,Below 1st floor,1,1,1,0,1,Al Yelayiss 2
223,13258.2,30.17,Studio,1-10,0,0,1,0,1,Al Yelayiss 2
224,26425.39,78.57,1 B/R,61-70,1,1,1,0,1,Bukadra
225,28954.84,84.28,2 B/R,61-70,0,1,1,0,1,Bukadra
226,29385.53,115.05,2 B/R,51-60,0,1,1,0,1,Bukadra
227,26479.11,49.59,1 B/R,51-60,0,1,1,0,1,Bukadra
228,29385.61,115.15,2 B/R,71-80,0,1,1,0,1,Bukadra
229,27824.76,141.95,2 B/R,71-80,1,1,1,0,1,Bukadra
230,27621.73,130.25,2 B/R,31-40,1,1,1,1,0,Burj Khalifa
231,20404.54,112.72,3 B/R,41-50,1,1,0,1,1,Burj Khalifa
232,26733.82,130.06,2 B/R,21-30,1,1,1,1,0,Burj Khalifa
233,28853.8,133.31,2 B/R,41-50,1,1,1,1,0,Burj Khalifa
234,31771.8,65.03,1 B/R,41-50,1,1,1,1,0,Burj Khalifa
235,23750.71,105.26,1 B/R,91-100,1,0,0,1,1,Burj Khalifa
236,7408.86,169.69,3 B/R,11-20,1,0,0,1,1,Burj Khalifa
237,15469.1,129.29,2 B/R,51-60,0,1,1,1,1,Burj Khalifa
238,23828.51,136.85,2 B/R,41-50,0,1,1,1,1,Burj Khalifa
239,8611.14,169.78,3 B/R,21-30,1,0,0,1,1,Burj Khalifa
240,26214.19,130.54,2 B/R,11-20,1,1,1,1,0,Burj Khalifa
241,27663.26,63.55,1 B/R,11-20,1,1,1,1,0,Burj Khalifa
242,16889.45,166.08,3 B/R,41-50,0,1,1,1,1,Burj Khalifa
243,16111.4,132.67,2 B/R,51-60,1,0,0,1,1,Burj Khalifa
244,29390.85,64.68,1 B/R,21-30,1,1,1,1,0,Burj Khalifa
245,27132.63,64.24,1 B/R,31-40,1,1,1,1,0,Burj Khalifa
246,23433.84,128.02,1 B/R,51-60,1,0,0,1,1,Burj Khalifa
247,29739.08,73.08,1 B/R,41-50,0,1,1,1,1,Burj Khalifa
248,34167.88,165.36,3 B/R,51-60,0,1,1,1,1,Burj Khalifa
249,19482.75,172.69,2 B/R,41-50,1,1,0,1,1,Burj Khalifa
250,19932.31,132.95,3 B/R,11-20,1,0,1,1,1,Burj Khalifa
251,6632.56,157.43,More than 3B/R,Below 1st floor,0,1,1,1,1,Burj Khalifa
252,30340.25,89.76,More than 3B/R,Below 1st floor,1,1,0,1,1,Burj Khalifa
253,19352.69,149.85,2 B/R,71-80,1,0,0,1,1,Burj Khalifa
254,13854.93,49.08,Studio,21-30,0,0,1,1,1,Business Bay
255,31464.1,42.62,Studio,11-20,1,1,1,0,1,Business Bay
256,24853.43,39.23,Studio,41-50,0,1,1,1,1,Business Bay
257,15108.53,55.83,1 B/R,11-20,1,0,0,1,0,Business Bay
258,20816.71,42.61,Studio,11-20,1,0,1,1,0,Business Bay
259,31755.05,104.75,2 B/R,71-80,1,1,1,1,1,Business Bay
260,16597.12,105.44,1 B/R,Other,1,1,0,1,1,Business Bay
261,32900.0,70.0,1 B/R,71-80,1,1,1,1,1,Business Bay
262,11938.68,52.07,Studio,11-20,0,1,1,1,0,Business Bay
263,33810.0,69.63,1 B/R,71-80,1,1,1,0,1,Business Bay
264,32952.91,140.37,3 B/R,91-100,1,1,1,1,1,Business Bay
265,7493.46,175.9,PENTHOUSE,1-10,1,1,0,1,1,Business Bay
266,19569.42,38.46,Studio,21-30,1,1,1,1,0,Business Bay
267,14832.6,70.79,1 B/R,21-30,0,0,1,1,1,Business Bay
268,31961.98,138.61,3 B/R,81-90,1,1,1,1,1,Business Bay
269,29530.31,118.59,2 B/R,81-90,1,1,1,0,1,Business Bay
270,34297.39,169.27,More than 3B/R,91-100,1,1,1,1,1,Business Bay
271,28419.89,126.32,2 B/R,1-10,1,1,1,0,0,Business Bay
272,19181.7,165.88,3 B/R,1-10,1,0,1,1,1,Business Bay
273,17546.96,62.29,1 B/R,Other,1,0,1,1,1,Business Bay
274,19648.46,44.49,Studio,31-40,1,1,1,1,0,Business Bay
275,18681.06,41.7,Studio,31-40,1,0,1,1,0,Business Bay
276,31787.22,30.83,Studio,11-20,1,0,1,0,1,Business Bay
277,30414.75,43.4,Studio,21-30,1,1,1,0,1,Business Bay
278,17455.42,87.86,1 B/R,11-20,1,0,1,0,1,Business Bay
279,6695.6,145.17,PENTHOUSE,11-20,1,1,0,1,1,Business Bay
280,32846.9,118.55,2 B/R,81-90,1,1,1,1,1,Business Bay
281,6601.28,53.02,1 B/R,21-30,1,0,0,1,0,Business Bay
282,31141.56,112.39,2 B/R,91-100,1,1,1,0,1,Business Bay
283,15437.18,79.03,Studio,Other,1,1,0,1,1,Business Bay
284,19012.29,82.21,1 B/R,11-20,0,1,1,1,0,Business Bay
285,22704.71,69.59,1 B/R,Other,1,1,1,0,1,Hadaeq Sheikh Mohammed Bin Rashid
286,27479.94,153.89,3 B/R,Below 1st floor,1,1,0,0,1,Hadaeq Sheikh Mohammed Bin Rashid
287,27626.36,69.35,1 B/R,Other,0,1,1,0,1,Hadaeq Sheikh Mohammed Bin Rashid
288,24128.25,101.13,2 B/R,Other,1,1,1,0,1,Hadaeq Sheikh Mohammed Bin Rashid
289,8364.7,143.46,2 B/R,Below 1st floor,0,0,1,1,0,Jabal Ali First
290,18346.03,35.43,Studio,Below 1st floor,1,1,0,0,1,Jabal Ali First
291,9610.21,130.07,2 B/R,Below 1st floor,1,1,0,1,0,Jabal Ali First
292,11669.97,171.38,2 B/R,Below 1st floor,0,1,0,0,1,Madinat Al Mataar
293,7572.33,44.24,Studio,1-10,0,1,1,0,1,Madinat Al Mataar
294,27721.84,74.49,1 B/R,Below 1st floor,0,0,1,0,1,Madinat Al Mataar
295,6139.2,98.71,2 B/R,1-10,1,0,0,0,1,Madinat Al Mataar
296,26914.58,76.91,1 B/R,1-10,0,0,1,0,1,Madinat Al Mataar
297,6310.05,120.95,2 B/R,1-10,0,1,0,0,1,Madinat Al Mataar
298,11383.93,107.52,2 B/R,1-10,1,1,0,0,1,Madinat Al Mataar
299,26912.14,147.74,2 B/R,Below 1st floor,0,0,1,0,1,Madinat Al Mataar
300,5468.91,159.71,3 B/R,1-10,1,1,0,0,1,Madinat Al Mataar
301,27076.04,108.62,2 B/R,1-10,0,0,1,0,1,Madinat Al Mataar
302,6423.46,82.51,1 B/R,1-10,1,1,0,0,1,Madinat Al Mataar
303,8759.49,19.04,Studio,Below 1st floor,0,1,1,0,1,Madinat Al Mataar
304,7182.58,43.16,Studio,1-10,1,1,0,0,1,Madinat Al Mataar
305,22054.38,33.1,Studio,Other,1,1,1,0,1,Madinat Al Mataar
306,8337.15,82.87,1 B/R,1-10,1,1,0,0,0,Madinat Al Mataar
307,20309.02,125.56,2 B/R,11-20,1,0,1,0,1,Madinat Al Mataar
308,11840.3,27.32,Studio,1-10,1,0,1,0,0,Madinat Al Mataar
309,16046.34,174.55,3 B/R,Other,1,1,1,0,1,Madinat Al Mataar
310,9372.07,42.68,Studio,1-10,1,0,0,0,1,Madinat Al Mataar
311,2490.23,148.14,3 B/R,1-10,1,1,1,0,0,Madinat Al Mataar
312,16145.94,30.8,Studio,1-10,1,1,1,0,0,Madinat Al Mataar
313,8130.65,42.71,Studio,Below 1st floor,1,0,1,0,1,Madinat Al Mataar
314,27657.19,44.69,Studio,31-40,1,1,1,0,1,Madinat Dubai Almelaheyah
315,25272.33,55.08,Studio,21-30,0,1,1,0,1,Madinat Dubai Almelaheyah
316,31145.45,39.74,Studio,31-40,0,1,1,0,1,Madinat Dubai Almelaheyah
317,30548.01,39.78,Studio,41-50,1,1,1,0,1,Madinat Dubai Almelaheyah
318,21856.3,116.3,2 B/R,Other,0,1,1,0,1,Madinat Dubai Almelaheyah
319,34208.15,157.62,3 B/R,Other,0,1,1,0,1,Madinat Dubai Almelaheyah
320,20922.77,40.53,Studio,41-50,1,0,1,1,1,Madinat Dubai Almelaheyah
321,30442.48,39.55,Studio,21-30,1,1,1,0,0,Madinat Dubai Almelaheyah
322,22158.01,103.84,2 B/R,1-10,1,0,1,0,1,Madinat Dubai Almelaheyah
323,11532.97,116.91,2 B/R,51-60,1,1,0,1,1,Marsa Dubai
324,17310.5,109.76,2 B/R,61-70,1,1,0,1,1,Marsa Dubai
325,11641.4,167.54,3 B/R,61-70,1,1,0,1,1,Marsa Dubai
326,21307.76,75.09,1 B/R,71-80,1,1,0,1,1,Marsa Dubai
327,12752.69,158.79,2 B/R,11-20,1,1,0,1,0,Marsa Dubai
328,9072.06,154.32,3 B/R,51-60,1,1,0,1,1,Marsa Dubai
329,12885.05,83.43,1 B/R,31-40,1,0,0,1,1,Marsa Dubai
330,9901.0,85.12,1 B/R,51-60,1,1,0,1,1,Marsa Dubai
331,27467.76,161.28,2 B/R,91-100,1,0,1,1,1,Marsa Dubai
332,16262.36,85.1,1 B/R,61-70,1,1,0,1,1,Marsa Dubai
333,20105.55,159.16,PENTHOUSE,51-60,1,1,0,1,1,Marsa Dubai
334,6952.13,162.54,PENTHOUSE,41-50,1,0,1,1,1,Marsa Dubai
335,11344.68,149.85,More than 3B/R,11-20,1,1,0,1,1,Marsa Dubai
336,13527.12,84.63,1 B/R,31-40,0,0,1,1,1,Marsa Dubai
337,17636.33,98.66,1 B/R,81-90,1,1,0,1,1,Marsa Dubai
338,8736.64,159.1,3 B/R,71-80,1,1,0,1,1,Marsa Dubai
339,11606.82,110.28,1 B/R,41-50,1,1,0,1,0,Marsa Dubai
340,26795.08,133.42,2 B/R,81-90,1,0,1,1,1,Marsa Dubai
341,9168.54,111.0,3 B/R,Below 1st floor,1,1,0,1,0,Marsa Dubai
342,18503.62,124.3,2 B/R,31-40,0,0,1,1,1,Marsa Dubai
343,9741.24,132.94,2 B/R,41-50,1,1,0,1,0,Marsa Dubai
344,14947.03,141.77,2 B/R,71-80,1,1,0,1,1,Marsa Dubai
345,21101.55,131.27,2 B/R,Other,1,1,0,1,1,Marsa Dubai
346,10978.52,146.65,3 B/R,61-70,1,1,0,1,0,Marsa Dubai
347,7135.02,163.98,2 B/R,81-90,1,1,0,1,1,Marsa Dubai
348,14306.15,146.79,2 B/R,51-60,1,1,0,1,0,Marsa Dubai
349,11058.89,108.51,2 B/R,11-20,0,0,1,1,1,Marsa Dubai
350,6862.24,174.87,3 B/R,1-10,1,1,0,1,0,Marsa Dubai
351,15355.54,169.32,PENTHOUSE,31-40,1,1,0,1,1,Marsa Dubai
352,13888.89,132.48,2 B/R,Duplex,1,1,0,1,1,Marsa Dubai
353,10650.72,145.53,3 B/R,41-50,1,1,0,1,0,Marsa Dubai
354,10663.34,72.21,1 B/R,Below 1st floor,0,0,1,1,1,Me'Aisem First
355,6169.51,72.25,1 B/R,21-30,1,1,0,0,1,Nadd Hessa
356,7347.94,73.49,1 B/R,1-10,1,0,0,0,1,Nadd Hessa
357,6668.34,79.48,1 B/R,11-20,1,1,0,0,1,Nadd Hessa
358,21825.77,38.57,Studio,11-20,0,1,1,0,1,Nadd Hessa
359,6936.69,170.11,3 B/R,21-30,1,1,0,0,1,Nadd Hessa
360,4545.89,71.34,1 B/R,21-30,1,0,0,0,1,Nadd Hessa
361,11021.21,35.84,Studio,11-20,1,0,0,0,1,Nadd Hessa
362,6369.85,74.57,1 B/R,11-20,1,0,0,0,1,Nadd Hessa
363,6936.05,31.43,Studio,11-20,1,1,0,0,1,Nadd Hessa
364,2744.88,111.32,2 B/R,11-20,1,1,0,0,1,Nadd Hessa
365,7574.36,108.26,2 B/R,11-20,1,0,0,0,1,Nadd Hessa
366,7636.18,117.86,2 B/R,21-30,1,1,0,0,1,Nadd Hessa
367,6948.04,105.86,3 B/R,1-10,1,0,0,0,1,Nadd Hessa
368,10497.24,36.2,Studio,21-30,1,0,0,0,1,Nadd Hessa
369,7722.01,142.45,3 B/R,11-20,1,0,0,0,1,Nadd Hessa
370,6011.5,76.52,1 B/R,Other,1,0,1,0,1,Nadd Hessa
371,9732.36,32.88,Studio,21-30,1,1,0,0,1,Nadd Hessa
372,6674.5,93.64,2 B/R,Other,1,0,1,0,1,Nadd Hessa
373,13787.17,78.36,1 B/R,1-10,1,1,1,0,0,Wadi Al Safa 5
374,15028.35,39.04,Studio,11-20,1,1,1,0,0,Wadi Al Safa 5
375,12295.08,35.38,Studio,11-20,0,0,1,0,1,Wadi Al Safa 5
376,13090.91,74.44,1 B/R,21-30,1,1,1,0,0,Wadi Al Safa 5
377,6869.17,41.49,Studio,21-30,1,0,1,0,1,Wadi Al Safa 5
378,7203.27,73.3,1 B/R,Below 1st floor,1,0,1,0,1,Wadi Al Safa 5
379,17542.47,38.38,Studio,31-40,1,1,1,0,0,Wadi Al Safa 5
380,8205.76,70.37,1 B/R,11-20,1,1,1,0,0,Wadi Al Safa 5
381,22916.36,68.51,1 B/R,11-20,1,1,1,1,1,Al Thanyah Fifth
382,12582.78,151.0,2 B/R,1-10,1,1,0,1,1,Al Thanyah Fifth
383,7067.14,59.43,1 B/R,21-30,1,1,1,1,1,Al Thanyah Fifth
384,7035.91,110.28,2 B/R,21-30,1,1,0,1,1,Al Thanyah Fifth
385,11249.15,160.99,2 B/R,11-20,1,1,0,1,1,Al Thanyah Fifth
386,25698.9,38.99,Studio,21-30,1,1,1,1,1,Al Thanyah Fifth
387,28792.76,81.16,1 B/R,1-10,1,1,1,1,1,Al Thanyah Fifth
388,21655.52,98.57,2 B/R,11-20,1,1,1,1,1,Al Thanyah Fifth
389,8932.49,28.13,Studio,1-10,1,1,1,1,1,Al Barsha South Fourth
390,18656.46,37.14,Studio,11-20,1,1,1,1,1,Al Barsha South Fourth
391,10508.3,37.97,Studio,21-30,1,0,1,1,1,Al Barsha South Fourth
392,15546.73,43.55,Studio,Below 1st floor,1,1,1,1,1,Al Barsha South Fourth
393,16139.31,79.99,1 B/R,1-10,1,1,1,1,1,Al Barsha South Fourth
394,15863.3,106.96,2 B/R,11-20,1,1,1,1,1,Al Barsha South Fourth
395,14053.57,74.69,1 B/R,11-20,1,1,1,1,1,Al Barsha South Fourth
396,10350.95,69.61,1 B/R,1-10,1,1,1,1,1,Al Barsha South Fourth
397,10468.56,78.32,1 B/R,1-10,1,1,1,1,1,Al Barsha South Fourth
398,17874.25,38.17,Studio,1-10,0,1,1,1,1,Al Barsha South Fourth
399,23696.48,98.11,2 B/R,Other,1,1,1,1,1,Al Khairan First
400,22328.28,109.99,2 B/R,1-10,1,1,1,1,1,Al Khairan First
401,17590.77,71.06,1 B/R,1-10,1,1,1,1,1,Al Khairan First
402,25489.4,91.72,2 B/R,1-10,0,1,1,1,1,Al Khairan First
403,22492.02,103.37,2 B/R,1-10,1,1,1,1,1,Al Khairan First
404,16738.63,150.55,3 B/R,21-30,1,1,1,1,1,Al Khairan First
405,20406.09,113.0,2 B/R,31-40,1,1,1,1,1,Al Khairan First
406,16507.37,102.19,2 B/R,Below 1st floor,1,1,1,1,1,Al Khairan First
407,21354.35,156.45,3 B/R,1-10,0,1,1,1,1,Al Khairan First
408,25656.04,71.09,1 B/R,1-10,0,1,1,0,1,Al Khairan First
409,22822.48,69.23,1 B/R,11-20,1,1,0,1,1,Al Khairan First
410,27833.81,173.49,3 B/R,Below 1st floor,0,1,1,1,1,Al Khairan First
411,17540.39,138.36,3 B/R,Below 1st floor,1,1,1,1,1,Al Khairan First
412,15179.11,65.88,1 B/R,21-30,0,1,1,0,1,Al Khairan First
413,18664.07,72.01,1 B/R,1-10,1,1,1,1,1,Al Khairan First
414,14715.35,108.73,1 B/R,21-30,0,1,1,1,1,Al Khairan First
415,27048.82,149.91,3 B/R,1-10,1,1,1,1,1,Al Khairan First
416,23994.74,135.02,2 B/R,11-20,1,1,1,0,1,Al Khairan First
417,20023.51,136.14,2 B/R,1-10,1,0,1,1,1,Business Bay
418,22130.6,91.11,1 B/R,31-40,1,1,1,1,1,Business Bay
419,13854.93,49.08,Studio,21-30,0,0,1,1,1,Business Bay
420,21794.77,79.4,1 B/R,Below 1st floor,1,1,1,1,1,Business Bay
421,18180.69,40.29,Studio,21-30,1,1,1,1,1,Business Bay
422,27431.95,94.78,1 B/R,1-10,1,1,1,1,1,Business Bay
423,25295.19,51.36,Studio,11-20,1,1,1,1,1,Business Bay
424,29348.34,78.71,1 B/R,Below 1st floor,1,1,1,1,1,Business Bay
425,19058.21,125.93,2 B/R,1-10,0,1,1,1,1,Business Bay
426,11622.66,59.84,1 B/R,1-10,1,1,1,1,1,Business Bay
427,24896.78,79.93,1 B/R,1-10,1,1,1,1,1,Business Bay
428,31464.1,42.62,Studio,11-20,1,1,1,0,1,Business Bay
429,24208.79,84.68,2 B/R,11-20,1,1,1,1,1,Business Bay
430,23836.55,70.48,1 B/R,Below 1st floor,1,1,1,1,1,Business Bay
431,23484.91,120.29,2 B/R,1-10,1,1,0,1,1,Business Bay
432,19990.53,156.59,2 B/R,Below 1st floor,1,1,1,1,1,Business Bay
433,18336.92,125.43,3 B/R,21-30,1,1,1,1,1,Business Bay
434,16318.91,45.53,1 B/R,Below 1st floor,1,1,1,1,1,Business Bay
435,21253.46,50.58,1 B/R,1-10,1,1,1,1,1,Business Bay
436,27753.37,65.96,1 B/R,Below 1st floor,1,1,1,1,1,Marsa Dubai
437,16085.79,55.95,1 B/R,Below 1st floor,1,0,0,1,1,Marsa Dubai
438,18073.38,165.99,3 B/R,21-30,1,1,0,1,1,Marsa Dubai
439,24663.14,83.12,1 B/R,41-50,1,0,1,1,1,Marsa Dubai
440,10374.8,136.5,2 B/R,1-10,1,1,0,1,1,Marsa Dubai
441,22370.49,127.4,2 B/R,1-10,1,1,0,1,1,Marsa Dubai
442,25237.4,72.29,1 B/R,Below 1st floor,1,1,1,0,1,Marsa Dubai
443,11807.02,66.1,1 B/R,1-10,0,1,1,0,1,Marsa Dubai
444,24801.59,120.96,2 B/R,11-20,1,1,1,1,1,Marsa Dubai
445,11043.81,109.81,1 B/R,1-10,1,1,0,1,1,Marsa Dubai
446,12397.4,116.96,2 B/R,21-30,1,1,1,1,1,Marsa Dubai
447,8932.87,145.53,3 B/R,41-50,1,1,0,1,1,Marsa Dubai
448,26288.12,133.14,2 B/R,71-80,1,0,1,1,1,Marsa Dubai
449,9519.83,107.67,1 B/R,21-30,1,1,0,1,1,Marsa Dubai
450,11532.97,116.91,2 B/R,51-60,1,1,0,1,1,Marsa Dubai
451,31656.43,68.54,1 B/R,Below 1st floor,0,1,1,0,1,Marsa Dubai
452,12189.15,60.48,1 B/R,21-30,1,1,0,1,1,Marsa Dubai
453,9269.03,110.09,2 B/R,11-20,0,1,1,1,1,Marsa Dubai
454,30254.92,98.41,1 B/R,1-10,1,1,1,0,1,Marsa Dubai
455,29872.27,97.08,2 B/R,21-30,1,1,1,1,1,Burj Khalifa
456,11445.01,132.11,2 B/R,11-20,0,1,1,1,1,Burj Khalifa
457,12392.97,66.57,1 B/R,11-20,1,0,1,1,1,Burj Khalifa
458,17026.51,93.56,1 B/R,11-20,1,1,1,1,1,Burj Khalifa
459,17722.18,76.74,1 B/R,1-10,0,1,1,1,1,Burj Khalifa
460,15795.87,82.3,1 B/R,11-20,1,1,0,1,1,Burj Khalifa
461,16064.26,99.6,2 B/R,11-20,1,1,1,1,1,Burj Khalifa
462,17730.51,159.97,2 B/R,51-60,1,1,1,1,1,Burj Khalifa
463,28521.57,119.73,2 B/R,1-10,0,1,1,1,1,Burj Khalifa
464,21551.72,111.36,2 B/R,11-20,1,1,0,1,1,Burj Khalifa
465,24161.85,48.44,Studio,21-30,1,1,1,1,1,Burj Khalifa
466,28252.53,143.35,2 B/R,31-40,1,1,1,1,1,Burj Khalifa
467,25485.71,135.37,2 B/R,21-30,1,1,1,1,1,Burj Khalifa
468,12405.96,122.9,1 B/R,Below 1st floor,1,1,0,1,1,Burj Khalifa
469,32023.88,123.97,2 B/R,1-10,0,1,1,1,1,Burj Khalifa
470,10109.18,123.65,2 B/R,1-10,0,1,1,1,1,Burj Khalifa
471,14152.83,91.88,Studio,11-20,1,1,0,1,1,Burj Khalifa
472,20256.02,159.36,3 B/R,11-20,1,1,1,1,1,Burj Khalifa
473,29960.81,110.98,2 B/R,11-20,1,1,1,1,1,Burj Khalifa
474,25104.57,70.03,1 B/R,Below 1st floor,1,1,1,1,1,Burj Khalifa
475,33409.11,101.17,2 B/R,61-70,1,1,1,1,1,Burj Khalifa
476,26455.41,137.59,2 B/R,1-10,0,1,1,1,1,Burj Khalifa
477,27692.4,149.29,2 B/R,31-40,1,1,1,1,1,Burj Khalifa
478,25753.73,145.61,2 B/R,31-40,1,1,1,1,1,Burj Khalifa
479,30221.69,119.48,2 B/R,Below 1st floor,0,1,1,1,1,Burj Khalifa
480,21366.46,40.25,Studio,1-10,1,1,1,1,1,Burj Khalifa
481,11669.97,171.38,2 B/R,Below 1st floor,0,1,0,0,1,Madinat Al Mataar
482,8037.26,70.05,1 B/R,1-10,1,1,1,0,1,Madinat Al Mataar
483,17023.1,67.02,1 B/R,1-10,1,1,1,0,1,Madinat Al Mataar
484,22815.11,103.26,2 B/R,1-10,1,1,1,1,1,Madinat Al Mataar
485,18112.4,129.96,2 B/R,1-10,1,1,1,0,1,Madinat Al Mataar
486,6032.36,72.94,1 B/R,1-10,1,1,1,0,1,Madinat Al Mataar
487,8566.04,58.37,1 B/R,1-10,0,1,1,0,1,Madinat Al Mataar
488,17450.04,35.53,Studio,11-20,1,1,1,0,1,Madinat Al Mataar
489,20610.25,86.85,1 B/R,1-10,1,1,1,0,1,Madinat Al Mataar
490,5930.81,91.05,1 B/R,1-10,1,1,1,0,1,Madinat Al Mataar
491,12013.57,106.13,2 B/R,Below 1st floor,1,1,1,0,1,Madinat Al Mataar
492,20871.36,33.97,Studio,1-10,1,1,1,0,1,Madinat Al Mataar
493,18496.94,113.31,2 B/R,11-20,1,1,1,0,1,Madinat Al Mataar
494,17649.61,93.21,2 B/R,1-10,1,1,1,0,1,Madinat Al Mataar
495,15473.03,67.86,1 B/R,1-10,1,1,1,0,1,Madinat Al Mataar
496,8804.07,39.3,Studio,1-10,1,1,1,0,1,Madinat Al Mataar
497,9248.87,90.93,1 B/R,1-10,1,1,1,0,1,Madinat Al Mataar
498,8971.86,81.44,1 B/R,1-10,1,1,1,0,1,Madinat Al Mataar
499,9094.5,75.87,1 B/R,1-10,1,1,1,0,1,Madinat Al Mataar
500,22080.05,128.17,2 B/R,1-10,1,1,1,0,1,Madinat Al Mataar
501,7250.21,45.23,Studio,1-10,1,1,1,0,1,Madinat Al Mataar
502,18996.73,116.18,2 B/R,1-10,1,1,1,0,1,Madinat Al Mataar
503,19387.45,61.84,1 B/R,1-10,1,1,1,0,1,Madinat Al Mataar
504,7572.33,44.24,Studio,1-10,0,1,1,0,1,Madinat Al Mataar
505,14711.59,90.07,1 B/R,1-10,1,1,1,0,1,Madinat Al Mataar
506,22981.36,102.6,2 B/R,1-10,1,1,1,1,1,Madinat Al Mataar
507,21143.57,69.59,1 B/R,1-10,1,1,1,1,1,Madinat Al Mataar
508,21331.49,68.11,1 B/R,1-10,1,1,1,1,1,Madinat Al Mataar
509,7579.22,109.51,2 B/R,1-10,1,1,1,1,1,Al Hebiah Fourth
510,6351.5,62.19,Studio,1-10,1,1,0,1,1,Al Hebiah Fourth
511,6203.96,51.58,Studio,1-10,1,1,0,1,1,Al Hebiah Fourth
512,5161.13,79.44,1 B/R,1-10,1,1,0,1,1,Al Hebiah Fourth
513,4515.63,50.96,1 B/R,Below 1st floor,1,1,1,1,0,Al Hebiah Fourth
514,5224.3,73.63,1 B/R,1-10,1,1,0,1,1,Al Hebiah Fourth
515,15787.56,82.47,2 B/R,1-10,0,1,1,1,1,Al Hebiah Fourth
516,5257.18,70.38,1 B/R,1-10,1,1,1,1,1,Al Hebiah Fourth
517,4760.7,157.54,2 B/R,11-20,1,1,1,1,1,Al Hebiah Fourth
518,19102.77,58.14,1 B/R,11-20,1,1,1,1,1,Al Hebiah Fourth
519,6094.71,97.05,1 B/R,1-10,1,1,1,1,1,Al Hebiah Fourth
520,6060.02,103.96,2 B/R,11-20,1,1,0,1,1,Al Hebiah Fourth
521,13463.57,37.88,Studio,11-20,1,1,1,1,1,Al Hebiah Fourth
522,8614.05,41.56,Studio,11-20,1,1,0,1,1,Al Hebiah Fourth
523,11980.44,40.9,Studio,11-20,1,1,0,1,1,Al Hebiah Fourth
524,15374.76,78.05,2 B/R,11-20,1,1,1,1,1,Al Hebiah Fourth
525,4950.5,76.76,1 B/R,1-10,1,1,0,1,1,Al Hebiah Fourth
526,10314.17,43.32,Studio,1-10,1,1,1,1,1,Al Hebiah Fourth
527,5550.01,90.09,2 B/R,11-20,1,1,1,1,1,Al Hebiah Fourth
528,7703.42,41.54,Studio,1-10,1,0,1,1,1,Al Hebiah Fourth
529,5721.83,113.6,2 B/R,11-20,1,1,1,1,1,Al Hebiah Fourth
530,7672.96,95.76,1 B/R,11-20,1,1,1,1,1,Al Hebiah Fourth
531,16241.59,78.81,2 B/R,1-10,0,1,1,1,1,Al Hebiah Fourth
532,6968.4,142.07,2 B/R,1-10,1,1,0,1,1,Al Hebiah Fourth
533,10288.95,116.63,2 B/R,11-20,1,1,1,1,1,Al Hebiah Fourth
534,6103.76,49.15,Studio,1-10,1,1,0,1,1,Al Hebiah Fourth
535,15057.4,99.56,2 B/R,1-10,1,1,1,1,1,Al Hebiah Fourth
536,4329.75,115.48,2 B/R,1-10,1,1,0,1,1,Al Hebiah Fourth
537,19390.95,37.84,Studio,1-10,1,1,1,1,1,Al Hebiah Fourth
538,12827.09,92.14,1 B/R,1-10,1,1,1,1,1,Al Hebiah Fourth
539,7908.39,79.03,1 B/R,11-20,1,1,0,1,1,Al Hebiah Fourth
540,6612.84,71.83,1 B/R,1-10,1,1,1,0,1,Nadd Hessa
541,6374.21,83.26,2 B/R,1-10,1,1,1,0,1,Nadd Hessa
542,11601.77,71.61,1 B/R,11-20,1,1,1,0,1,Nadd Hessa
543,9711.95,45.86,Studio,1-10,1,1,1,0,1,Nadd Hessa
544,9581.23,121.07,2 B/R,1-10,1,1,1,0,1,Nadd Hessa
545,19385.9,58.59,1 B/R,21-30,1,1,1,0,1,Nadd Hessa
546,6883.48,73.51,1 B/R,1-10,1,1,0,0,1,Nadd Hessa
547,4659.77,78.33,1 B/R,1-10,1,1,0,0,1,Nadd Hessa
548,7614.21,49.25,Studio,1-10,1,1,1,0,1,Nadd Hessa
549,11374.41,42.2,Studio,1-10,1,1,1,0,1,Nadd Hessa
550,9823.02,41.88,Studio,1-10,1,1,1,0,1,Nadd Hessa
551,7436.05,67.24,1 B/R,1-10,1,1,0,0,1,Nadd Hessa
552,10961.91,72.98,1 B/R,1-10,1,1,1,0,1,Nadd Hessa
553,6453.19,143.34,3 B/R,1-10,1,1,0,0,1,Nadd Hessa
554,5602.28,80.86,1 B/R,1-10,1,1,0,0,1,Nadd Hessa
555,4555.01,71.35,1 B/R,1-10,1,1,0,0,1,Nadd Hessa
556,20695.54,52.42,1 B/R,11-20,1,1,1,0,1,Nadd Hessa
557,8144.09,63.85,1 B/R,1-10,1,1,1,0,1,Nadd Hessa
558,11696.62,71.62,1 B/R,11-20,1,1,1,0,1,Nadd Hessa
559,7973.17,41.74,Studio,1-10,1,1,1,0,1,Nadd Hessa
560,6169.51,72.25,1 B/R,21-30,1,1,0,0,1,Nadd Hessa
561,7347.94,73.49,1 B/R,1-10,1,0,0,0,1,Nadd Hessa
562,6213.94,154.25,3 B/R,1-10,1,1,1,0,1,Nadd Hessa
563,19056.95,76.56,2 B/R,1-10,1,1,1,0,1,Nadd Hessa
564,10975.11,112.21,2 B/R,1-10,1,1,1,0,1,Nadd Hessa
565,5998.4,75.02,1 B/R,1-10,1,1,1,0,1,Nadd Hessa
566,5787.48,129.59,2 B/R,1-10,1,1,0,0,1,Nadd Hessa
567,5657.71,35.35,1 B/R,Below 1st floor,1,1,0,0,1,Nadd Hessa
568,15757.68,114.23,2 B/R,1-10,1,1,1,0,1,Nadd Hessa
569,7481.42,78.06,1 B/R,1-10,1,1,1,0,1,Nadd Hessa
570,9845.29,28.44,Studio,1-10,1,0,0,0,1,Nadd Hessa
571,11821.55,74.85,1 B/R,1-10,1,1,1,0,1,Nadd Hessa
572,11600.0,135.68,2 B/R,1-10,1,1,1,1,1,Al Barshaa South Third
573,7209.96,45.77,Studio,1-10,1,0,0,1,1,Al Barshaa South Third
574,12515.07,68.03,1 B/R,1-10,1,1,1,1,1,Al Barshaa South Third
575,12779.65,66.03,1 B/R,1-10,1,1,1,1,1,Al Barshaa South Third
576,16727.27,71.5,1 B/R,11-20,1,1,1,1,1,Al Barshaa South Third
577,14045.08,80.74,1 B/R,1-10,1,1,1,1,1,Al Barshaa South Third
578,7354.42,149.57,2 B/R,1-10,1,1,1,1,1,Al Barshaa South Third
579,14689.67,41.73,Studio,1-10,1,1,1,1,1,Al Barshaa South Third
580,8247.42,43.65,Studio,1-10,1,1,1,1,1,Al Barshaa South Third
581,16975.61,40.18,Studio,1-10,1,1,1,1,1,Al Barshaa South Third
582,12674.63,39.37,Studio,1-10,1,1,1,1,1,Al Barshaa South Third
583,14976.29,120.19,2 B/R,1-10,1,1,1,1,1,Al Barshaa South Third
584,15012.36,77.16,1 B/R,1-10,1,1,1,1,1,Al Barshaa South Third
585,17502.14,70.22,1 B/R,11-20,1,1,1,1,1,Al Barshaa South Third
586,14573.5,45.28,Studio,1-10,1,1,1,1,1,Al Barshaa South Third
587,11216.35,40.12,Studio,11-20,1,1,1,1,1,Al Barshaa South Third
588,12870.92,80.88,1 B/R,1-10,1,1,1,1,1,Al Barshaa South Third
589,11511.51,39.96,Studio,1-10,1,1,1,1,1,Al Barshaa South Third
590,13995.6,85.17,1 B/R,1-10,1,1,1,1,1,Al Barshaa South Third
591,15086.9,114.94,2 B/R,1-10,1,1,1,1,1,Al Barshaa South Third
592,16005.7,42.11,Studio,11-20,1,1,1,1,1,Al Barshaa South Third
593,15391.09,36.59,Studio,1-10,1,1,1,1,1,Al Barshaa South Third
594,17467.56,70.13,1 B/R,1-10,1,1,1,1,1,Al Barshaa South Third
595,10232.42,97.05,1 B/R,1-10,0,1,1,1,1,Al Barshaa South Third
596,14425.31,42.98,Studio,Below 1st floor,1,1,1,1,1,Al Barshaa South Third
597,15618.46,42.04,Studio,1-10,1,1,1,1,1,Al Barshaa South Third
598,13839.04,108.67,2 B/R,1-10,1,1,1,1,1,Al Barshaa South Third
599,9189.65,104.64,2 B/R,1-10,1,1,1,1,1,Al Barshaa South Third
600,11023.62,44.45,Studio,1-10,1,1,0,1,1,Al Barshaa South Third
601,14535.53,52.55,1 B/R,1-10,1,1,1,1,1,Al Barshaa South Third
602,8714.88,51.5,Studio,1-10,1,1,1,1,1,Al Barshaa South Third
603,11203.75,38.38,Studio,1-10,1,1,1,1,1,Al Barshaa South Third
604,16094.36,44.17,Studio,11-20,1,1,1,1,1,Al Barshaa South Third
605,11428.57,113.75,2 B/R,1-10,1,1,1,1,1,Al Barshaa South Third
606,9036.14,36.52,Studio,1-10,1,1,1,1,1,Al Barshaa South Third
607,18221.47,40.11,Studio,11-20,1,1,1,1,1,Al Barshaa South Third
608,14183.6,91.56,2 B/R,11-20,1,1,1,1,1,Al Barshaa South Third
609,15536.5,71.18,1 B/R,21-30,1,1,1,1,1,Al Barshaa South Third
610,18014.67,44.18,Studio,11-20,1,1,1,1,1,Al Barshaa South Third
611,6321.84,43.5,Studio,1-10,0,1,1,1,0,Al Warsan First
612,5777.78,45.0,Studio,1-10,0,1,1,1,0,Al Warsan First
613,4402.99,67.0,1 B/R,1-10,0,0,1,1,0,Al Warsan First
614,4347.83,46.0,Studio,1-10,0,1,1,1,0,Al Warsan First
615,4036.35,109.35,1 B/R,1-10,1,1,0,1,1,Al Warsan First
616,5223.88,67.0,1 B/R,1-10,0,0,1,1,0,Al Warsan First
617,3697.68,67.61,1 B/R,Below 1st floor,0,1,1,1,0,Al Warsan First
618,5555.56,45.0,Studio,1-10,0,1,1,1,0,Al Warsan First
619,4310.24,67.0,1 B/R,1-10,0,0,1,1,0,Al Warsan First
620,8760.29,37.67,Studio,1-10,1,1,1,1,1,Al Warsan First
621,5797.1,69.0,1 B/R,1-10,0,1,1,1,0,Al Warsan First
622,4148.77,79.18,1 B/R,1-10,0,1,1,1,0,Al Warsan First
623,5072.46,69.0,1 B/R,1-10,0,1,1,1,0,Al Warsan First
624,6222.22,45.0,Studio,1-10,0,1,1,1,0,Al Warsan First
625,4552.24,67.0,1 B/R,1-10,0,0,1,1,0,Al Warsan First
626,4444.44,45.0,Studio,1-10,0,1,1,1,0,Al Warsan First
627,9381.34,39.44,Studio,Below 1st floor,1,1,1,1,1,Al Warsan First
628,4897.06,69.11,1 B/R,1-10,0,1,1,1,0,Al Warsan First
629,6490.13,115.56,2 B/R,1-10,1,1,1,1,1,Al Warsan First
630,5169.38,96.53,2 B/R,1-10,1,1,0,1,1,Al Warsan First
631,4647.11,68.86,1 B/R,1-10,0,1,1,1,0,Al Warsan First
632,6555.56,45.0,Studio,1-10,0,1,1,1,0,Al Warsan First
633,5979.53,81.11,1 B/R,1-10,0,1,1,1,1,Al Warsan First
634,4777.78,45.0,Studio,1-10,0,1,1,1,0,Al Warsan First
635,5431.41,64.44,1 B/R,1-10,0,1,1,1,1,Al Warsan First
636,4411.76,68.0,1 B/R,1-10,0,0,1,1,0,Al Warsan First
637,4888.89,45.0,Studio,1-10,0,1,1,1,0,Al Warsan First
638,9050.04,58.95,1 B/R,Below 1st floor,1,1,1,1,1,Al Warsan First
639,5071.43,70.0,1 B/R,1-10,0,0,1,1,0,Al Warsan First
640,5555.56,45.0,Studio,1-10,0,1,1,1,0,Al Warsan First
641,4944.38,105.17,1 B/R,1-10,1,1,0,1,1,Al Warsan First
642,6351.32,82.66,2 B/R,1-10,0,1,1,1,1,Al Warsan First
643,5116.28,43.0,Studio,1-10,0,0,1,1,0,Al Warsan First
644,7309.24,62.25,2 B/R,1-10,0,1,1,1,1,Al Warsan First
645,6243.5,96.1,3 B/R,1-10,1,1,0,1,1,Al Warsan First
646,5537.45,43.0,Studio,1-10,0,0,1,1,0,Al Warsan First
647,7196.71,43.77,Studio,1-10,0,1,1,1,0,Al Warsan First
648,5000.0,44.0,Studio,1-10,0,0,1,1,0,Al Warsan First
649,5466.67,45.0,Studio,1-10,0,1,1,1,0,Al Warsan First
650,19177.13,28.68,Studio,Below 1st floor,1,1,1,1,1,Al Merkadh
651,20380.43,29.44,Studio,1-10,1,1,1,1,1,Al Merkadh
652,18469.48,32.73,Studio,1-10,1,1,1,1,1,Al Merkadh
653,19644.23,88.08,1 B/R,11-20,1,1,1,1,1,Al Merkadh
654,12207.53,108.13,2 B/R,11-20,1,1,1,1,1,Al Merkadh
655,22289.33,69.54,1 B/R,Below 1st floor,0,1,1,1,1,Al Merkadh
656,13205.11,69.67,1 B/R,Below 1st floor,1,1,1,1,1,Al Merkadh
657,15916.51,70.39,1 B/R,1-10,0,1,1,1,1,Al Merkadh
658,22637.59,48.15,1 B/R,1-10,1,1,1,1,1,Al Merkadh
659,21104.9,128.88,2 B/R,1-10,0,1,1,0,1,Al Merkadh
660,20022.25,44.95,1 B/R,1-10,1,1,1,1,1,Al Merkadh
661,13647.83,77.33,1 B/R,Below 1st floor,0,1,1,1,1,Al Merkadh
662,19576.52,51.95,1 B/R,Below 1st floor,1,1,1,1,1,Al Merkadh
663,18298.67,116.87,2 B/R,Below 1st floor,1,1,1,1,1,Al Merkadh
664,19644.11,136.55,2 B/R,31-40,1,1,1,1,1,Al Merkadh
665,15439.77,43.95,1 B/R,Below 1st floor,1,1,1,1,1,Al Merkadh
666,26297.81,131.76,2 B/R,1-10,0,1,1,1,1,Al Merkadh
667,19327.92,45.53,1 B/R,1-10,1,1,1,1,1,Al Merkadh
668,18330.53,36.85,Studio,1-10,1,1,1,1,1,Al Merkadh
669,11452.32,57.15,1 B/R,1-10,1,1,1,1,1,Al Merkadh
670,21149.28,93.68,2 B/R,1-10,1,1,1,1,1,Al Merkadh
671,21566.11,31.16,Studio,1-10,1,1,1,1,1,Al Merkadh
672,18197.91,101.66,2 B/R,1-10,1,1,1,0,1,Al Merkadh
673,18686.13,68.5,2 B/R,1-10,1,1,1,1,1,Al Merkadh
674,14287.76,69.99,1 B/R,1-10,0,1,1,1,1,Al Merkadh
675,22359.82,58.14,1 B/R,11-20,1,1,1,1,1,Al Merkadh
676,18621.97,128.88,2 B/R,1-10,0,1,1,0,1,Al Merkadh
677,14616.02,66.1,1 B/R,Below 1st floor,1,1,1,1,1,Al Merkadh
678,23416.82,49.11,1 B/R,Below 1st floor,1,1,1,1,1,Al Merkadh
679,22122.63,57.57,1 B/R,1-10,1,1,1,1,1,Al Merkadh
680,20338.98,29.5,Studio,1-10,1,1,1,1,1,Al Merkadh
681,18557.64,82.67,2 B/R,Below 1st floor,1,1,1,1,1,Al Merkadh
682,14217.86,71.4,1 B/R,Below 1st floor,1,1,1,1,1,Al Merkadh
683,20674.65,91.9,2 B/R,1-10,1,1,1,0,1,Al Merkadh
684,25206.04,111.87,2 B/R,1-10,1,1,1,0,1,Al Merkadh
685,16332.44,48.37,1 B/R,1-10,1,1,1,1,1,Al Merkadh
686,17010.84,54.63,1 B/R,Below 1st floor,1,1,1,1,1,Al Merkadh
687,19336.07,29.22,Studio,Below 1st floor,1,1,1,1,1,Al Merkadh
688,16947.37,82.08,2 B/R,Below 1st floor,1,1,1,1,1,Al Merkadh
689,18742.86,27.3,Studio,1-10,1,1,1,1,1,Al Merkadh
690,25874.78,110.83,2 B/R,11-20,1,1,1,1,1,Madinat Dubai Almelaheyah
691,34203.44,156.94,3 B/R,11-20,0,1,1,0,1,Madinat Dubai Almelaheyah
692,20730.05,74.91,1 B/R,1-10,0,1,1,0,1,Madinat Dubai Almelaheyah
693,19173.81,118.94,2 B/R,31-40,1,1,1,1,1,Madinat Dubai Almelaheyah
694,28858.22,39.85,Studio,1-10,1,1,1,0,1,Madinat Dubai Almelaheyah
695,25135.42,114.46,2 B/R,41-50,1,1,1,1,1,Madinat Dubai Almelaheyah
696,27090.69,75.75,1 B/R,21-30,1,1,1,0,1,Madinat Dubai Almelaheyah
697,19649.68,75.93,1 B/R,11-20,1,1,1,1,1,Madinat Dubai Almelaheyah
698,22405.19,149.38,3 B/R,1-10,1,1,1,0,1,Madinat Dubai Almelaheyah
699,30859.44,81.97,1 B/R,31-40,1,1,1,0,1,Madinat Dubai Almelaheyah
700,28537.84,76.67,1 B/R,Below 1st floor,1,1,1,0,1,Madinat Dubai Almelaheyah
701,19379.52,107.47,2 B/R,11-20,1,1,1,1,1,Madinat Dubai Almelaheyah
702,27508.44,156.93,3 B/R,31-40,1,1,1,0,1,Madinat Dubai Almelaheyah
703,28975.12,71.13,1 B/R,21-30,1,1,1,0,1,Madinat Dubai Almelaheyah
704,21089.19,122.19,2 B/R,1-10,1,1,1,0,1,Madinat Dubai Almelaheyah
705,33807.42,70.31,1 B/R,Below 1st floor,1,1,0,0,1,Madinat Dubai Almelaheyah
706,29256.2,60.5,1 B/R,31-40,1,1,1,0,1,Madinat Dubai Almelaheyah
707,20325.83,119.35,2 B/R,1-10,1,1,1,0,1,Madinat Dubai Almelaheyah
708,23872.92,74.85,1 B/R,1-10,1,1,1,0,1,Madinat Dubai Almelaheyah
709,23095.31,62.74,1 B/R,41-50,1,1,1,0,1,Madinat Dubai Almelaheyah
710,20843.97,122.62,2 B/R,1-10,1,1,1,0,1,Madinat Dubai Almelaheyah
711,25267.37,73.45,1 B/R,1-10,1,1,1,0,1,Madinat Dubai Almelaheyah
712,27870.49,135.58,2 B/R,31-40,1,1,1,0,1,Madinat Dubai Almelaheyah
713,28992.2,69.26,1 B/R,31-40,1,1,1,0,1,Madinat Dubai Almelaheyah
714,32802.34,157.15,3 B/R,11-20,0,1,1,0,1,Madinat Dubai Almelaheyah
715,30148.92,71.18,1 B/R,41-50,1,1,1,0,1,Madinat Dubai Almelaheyah
716,22864.15,36.24,Studio,1-10,1,1,1,1,1,Madinat Dubai Almelaheyah
717,19544.54,72.7,1 B/R,1-10,1,1,1,0,1,Madinat Dubai Almelaheyah
718,28303.82,77.94,1 B/R,31-40,1,1,1,0,1,Madinat Dubai Almelaheyah
719,29961.06,108.17,2 B/R,1-10,1,1,1,0,1,Madinat Dubai Almelaheyah
720,30496.1,39.71,Studio,21-30,1,1,1,0,1,Madinat Dubai Almelaheyah
721,25306.94,72.94,1 B/R,1-10,0,1,1,0,1,Madinat Dubai Almelaheyah
722,28337.86,69.2,1 B/R,11-20,1,1,1,0,1,Madinat Dubai Almelaheyah
723,30622.01,39.71,Studio,21-30,1,1,1,0,1,Madinat Dubai Almelaheyah
724,19339.91,85.31,1 B/R,1-10,0,1,1,0,1,Madinat Dubai Almelaheyah
725,21758.92,175.79,3 B/R,31-40,1,1,1,1,1,Madinat Dubai Almelaheyah
726,24984.1,110.07,2 B/R,11-20,1,1,1,0,1,Madinat Dubai Almelaheyah
727,27948.77,92.92,2 B/R,31-40,1,1,1,1,1,Madinat Dubai Almelaheyah
728,23056.61,126.13,2 B/R,21-30,1,1,1,1,1,Madinat Dubai Almelaheyah
729,29488.79,39.71,Studio,21-30,1,1,1,0,1,Madinat Dubai Almelaheyah
730,26520.58,71.19,1 B/R,1-10,1,1,1,0,1,Madinat Dubai Almelaheyah
731,10646.11,27.24,Studio,Below 1st floor,1,1,1,0,1,Wadi Al Safa 5
732,14064.98,48.22,Studio,Below 1st floor,1,1,1,0,1,Wadi Al Safa 5
733,8073.08,77.24,1 B/R,1-10,1,1,1,0,1,Wadi Al Safa 5
734,13475.59,32.85,Studio,1-10,1,1,1,0,1,Wadi Al Safa 5
735,11947.94,111.23,2 B/R,1-10,1,1,1,0,1,Wadi Al Safa 5
736,3970.12,68.18,1 B/R,11-20,1,1,0,0,1,Wadi Al Safa 5
737,7836.85,112.29,2 B/R,1-10,0,1,1,0,1,Wadi Al Safa 5
738,14032.01,73.77,1 B/R,1-10,1,1,1,0,1,Wadi Al Safa 5
739,17467.91,39.73,Studio,1-10,1,1,1,0,1,Wadi Al Safa 5
740,9924.65,54.41,Studio,11-20,1,1,1,0,1,Wadi Al Safa 5
741,10576.96,124.45,2 B/R,Below 1st floor,1,1,1,0,1,Wadi Al Safa 5
742,19534.12,39.71,Studio,21-30,1,1,1,0,1,Wadi Al Safa 5
743,6996.54,98.73,2 B/R,1-10,1,1,0,0,1,Wadi Al Safa 5
744,8877.37,86.85,1 B/R,11-20,1,1,1,0,1,Wadi Al Safa 5
745,12378.49,68.62,1 B/R,1-10,1,1,1,0,1,Wadi Al Safa 5
746,14009.2,73.89,1 B/R,31-40,1,1,1,0,1,Wadi Al Safa 5
747,16440.54,37.91,Studio,1-10,1,1,1,0,1,Wadi Al Safa 5
748,6197.04,48.39,Studio,11-20,1,1,1,0,1,Wadi Al Safa 5
749,6641.97,78.29,1 B/R,1-10,1,1,0,0,1,Wadi Al Safa 5
750,17017.21,39.81,Studio,1-10,1,1,1,0,1,Wadi Al Safa 5
751,7612.42,84.73,1 B/R,1-10,1,1,1,0,1,Wadi Al Safa 5
752,9149.72,103.68,2 B/R,1-10,1,1,1,0,1,Wadi Al Safa 5
753,12212.69,86.72,1 B/R,11-20,1,1,1,0,1,Wadi Al Safa 5
754,9846.58,43.67,Studio,1-10,1,1,1,0,1,Wadi Al Safa 5
755,8536.59,41.0,Studio,11-20,1,1,0,0,1,Wadi Al Safa 5
756,10253.49,35.11,Studio,1-10,1,1,1,0,1,Wadi Al Safa 5
757,6268.29,41.0,Studio,11-20,1,1,0,0,1,Wadi Al Safa 5
758,5770.05,84.15,2 B/R,11-20,1,0,1,0,1,Wadi Al Safa 5
759,12952.06,78.36,1 B/R,1-10,1,1,1,0,1,Wadi Al Safa 5
760,7007.71,85.62,1 B/R,1-10,1,1,1,0,1,Wadi Al Safa 5
761,4782.22,78.29,1 B/R,1-10,1,1,0,0,1,Wadi Al Safa 5
762,6797.84,42.85,Studio,11-20,1,0,1,0,1,Wadi Al Safa 5
763,6726.5,42.81,Studio,11-20,1,0,1,0,1,Wadi Al Safa 5
764,12509.53,152.2,2 B/R,1-10,1,1,1,0,1,Wadi Al Safa 5
765,17284.59,115.71,2 B/R,1-10,1,1,1,0,1,Wadi Al Safa 5
766,6998.7,81.16,1 B/R,1-10,1,1,1,0,1,Wadi Al Safa 5
767,7111.19,119.53,2 B/R,1-10,1,1,0,0,1,Wadi Al Safa 5
768,11753.25,88.44,1 B/R,1-10,1,1,1,0,1,Wadi Al Safa 5
769,14127.98,74.54,1 B/R,1-10,1,1,1,0,1,Wadi Al Safa 5
770,9526.26,47.95,Studio,1-10,1,1,1,0,1,Wadi Al Safa 5
771,6996.53,101.65,2 B/R,1-10,1,0,0,0,1,Wadi Al Safa 5
772,5795.76,86.27,1 B/R,1-10,1,1,1,0,1,Wadi Al Safa 5
773,26210.13,71.16,1 B/R,51-60,1,1,1,0,1,Bukadra
774,28039.97,104.11,2 B/R,41-50,1,1,1,0,1,Bukadra
775,23680.64,84.72,1 B/R,1-10,1,1,1,0,1,Bukadra
776,26909.78,69.0,1 B/R,1-10,1,1,1,0,1,Bukadra
777,26963.52,63.74,1 B/R,41-50,1,1,1,0,1,Bukadra
778,25887.25,66.42,1 B/R,41-50,1,1,1,0,1,Bukadra
779,27071.27,73.24,1 B/R,41-50,1,1,1,0,1,Bukadra
780,26425.39,78.57,1 B/R,61-70,1,1,1,0,1,Bukadra
781,23573.0,81.12,1 B/R,51-60,1,1,1,0,1,Bukadra
782,27717.07,65.95,1 B/R,31-40,1,1,1,0,1,Bukadra
783,25564.31,71.12,1 B/R,21-30,1,1,1,0,1,Bukadra
784,26479.2,63.66,1 B/R,21-30,1,1,1,0,1,Bukadra
785,27178.9,64.3,1 B/R,11-20,1,1,1,0,1,Bukadra
786,26263.78,64.11,1 B/R,11-20,1,1,1,0,1,Bukadra
787,28147.75,73.97,1 B/R,11-20,0,1,1,0,1,Bukadra
788,25618.17,102.43,2 B/R,11-20,1,1,1,0,1,Bukadra
789,21798.54,75.41,1 B/R,1-10,1,1,1,1,1,Bukadra
790,28954.84,84.28,2 B/R,61-70,0,1,1,0,1,Bukadra
791,26156.42,71.09,1 B/R,31-40,0,1,1,0,1,Bukadra
792,23250.01,78.27,1 B/R,1-10,1,1,1,0,1,Bukadra
793,22604.16,78.31,1 B/R,1-10,1,1,1,0,1,Bukadra
794,26371.35,63.17,1 B/R,41-50,1,1,1,0,1,Bukadra
795,26586.86,78.53,1 B/R,51-60,1,1,1,0,1,Bukadra
796,29385.53,115.05,2 B/R,51-60,0,1,1,0,1,Bukadra
797,25725.84,46.6,1 B/R,31-40,1,1,1,0,1,Bukadra
798,25833.26,70.17,1 B/R,1-10,0,1,1,0,1,Bukadra
799,29116.3,84.28,2 B/R,61-70,0,1,1,0,1,Bukadra
800,26963.58,67.43,1 B/R,51-60,1,1,1,0,1,Bukadra
801,25564.22,69.88,1 B/R,41-50,1,1,1,0,1,Bukadra
802,25833.1,48.94,1 B/R,21-30,1,1,1,0,1,Bukadra
803,26533.01,62.77,1 B/R,1-10,1,1,1,0,1,Bukadra
804,27017.45,104.67,2 B/R,11-20,0,1,1,0,1,Bukadra
805,28147.54,66.66,1 B/R,11-20,0,1,1,0,1,Bukadra
806,25295.07,105.15,2 B/R,11-20,1,1,1,0,1,Bukadra
807,26748.24,86.82,2 B/R,51-60,0,1,1,0,1,Bukadra
808,26210.07,64.42,1 B/R,41-50,1,1,1,0,1,Bukadra
809,24703.12,72.21,1 B/R,11-20,1,1,1,0,1,Bukadra
810,27448.09,84.73,2 B/R,21-30,1,1,1,0,1,Bukadra
811,26802.15,48.88,1 B/R,41-50,1,1,1,0,1,Bukadra
812,27986.28,66.64,1 B/R,11-20,0,1,1,0,1,Bukadra
813,28470.72,56.69,1 B/R,1-10,1,1,1,0,1,Bukadra
814,28416.5,58.05,1 B/R,1-10,0,1,1,0,1,Bukadra
815,25079.71,51.36,1 B/R,11-20,1,1,1,0,1,Bukadra
816,27071.25,82.47,1 B/R,51-60,1,1,1,0,1,Bukadra
817,12248.23,146.96,3 B/R,1-10,1,1,1,1,1,Hadaeq Sheikh Mohammed Bin Rashid
818,9842.31,94.49,1 B/R,1-10,1,1,1,1,1,Hadaeq Sheikh Mohammed Bin Rashid
819,12671.83,119.73,2 B/R,1-10,1,1,1,1,1,Hadaeq Sheikh Mohammed Bin Rashid
820,18285.97,45.39,1 B/R,11-20,1,1,1,1,1,Hadaeq Sheikh Mohammed Bin Rashid
821,25187.13,155.71,3 B/R,1-10,1,1,1,0,1,Hadaeq Sheikh Mohammed Bin Rashid
822,18196.19,99.74,2 B/R,1-10,1,1,1,0,1,Hadaeq Sheikh Mohammed Bin Rashid
823,29455.71,100.52,2 B/R,Below 1st floor,1,1,0,0,1,Hadaeq Sheikh Mohammed Bin Rashid
824,20350.88,98.86,2 B/R,Other,1,1,1,1,1,Hadaeq Sheikh Mohammed Bin Rashid
825,30871.25,101.45,2 B/R,1-10,0,1,1,0,1,Hadaeq Sheikh Mohammed Bin Rashid
826,19576.37,62.72,1 B/R,11-20,1,1,1,0,1,Hadaeq Sheikh Mohammed Bin Rashid
827,28151.26,119.0,2 B/R,1-10,1,1,1,1,1,Hadaeq Sheikh Mohammed Bin Rashid
828,13504.5,59.98,1 B/R,11-20,1,1,1,1,1,Hadaeq Sheikh Mohammed Bin Rashid
829,21696.26,65.49,1 B/R,1-10,1,1,1,0,1,Hadaeq Sheikh Mohammed Bin Rashid
830,15075.38,63.68,1 B/R,1-10,1,1,1,1,1,Hadaeq Sheikh Mohammed Bin Rashid
831,28584.43,68.32,1 B/R,11-20,1,1,1,0,1,Hadaeq Sheikh Mohammed Bin Rashid
832,29334.25,99.33,2 B/R,1-10,1,1,1,0,1,Hadaeq Sheikh Mohammed Bin Rashid
833,20283.3,150.37,3 B/R,1-10,1,1,1,1,1,Hadaeq Sheikh Mohammed Bin Rashid
834,25421.27,68.84,2 B/R,1-10,1,1,1,1,1,Hadaeq Sheikh Mohammed Bin Rashid
835,26022.46,69.82,1 B/R,1-10,1,1,1,1,1,Hadaeq Sheikh Mohammed Bin Rashid
836,20828.98,102.4,2 B/R,1-10,1,1,1,0,1,Hadaeq Sheikh Mohammed Bin Rashid
837,25008.34,59.98,1 B/R,11-20,1,1,1,1,1,Hadaeq Sheikh Mohammed Bin Rashid
838,17880.28,38.59,Studio,1-10,1,1,1,1,1,Hadaeq Sheikh Mohammed Bin Rashid
839,26353.9,69.06,2 B/R,11-20,1,1,1,1,1,Hadaeq Sheikh Mohammed Bin Rashid
840,19443.24,93.24,2 B/R,11-20,1,1,1,0,1,Hadaeq Sheikh Mohammed Bin Rashid
841,19357.24,60.85,1 B/R,1-10,1,1,1,1,1,Hadaeq Sheikh Mohammed Bin Rashid
842,19464.72,45.21,Studio,1-10,1,1,1,1,1,Hadaeq Sheikh Mohammed Bin Rashid
843,20212.32,60.7,1 B/R,11-20,1,1,1,1,1,Hadaeq Sheikh Mohammed Bin Rashid
844,28141.04,60.41,1 B/R,21-30,1,1,1,1,1,Hadaeq Sheikh Mohammed Bin Rashid
845,16131.7,86.85,1 B/R,1-10,1,1,1,1,1,Hadaeq Sheikh Mohammed Bin Rashid
846,23357.15,69.38,1 B/R,1-10,1,1,1,0,1,Hadaeq Sheikh Mohammed Bin Rashid
847,18371.85,122.47,2 B/R,1-10,1,1,1,1,1,Hadaeq Sheikh Mohammed Bin Rashid
848,23769.2,99.62,2 B/R,1-10,1,1,1,0,1,Hadaeq Sheikh Mohammed Bin Rashid
849,29405.97,100.52,2 B/R,Below 1st floor,1,1,0,0,1,Hadaeq Sheikh Mohammed Bin Rashid
850,23554.12,164.51,3 B/R,11-20,1,1,1,0,1,Hadaeq Sheikh Mohammed Bin Rashid
851,25561.85,60.53,1 B/R,1-10,1,1,1,1,1,Hadaeq Sheikh Mohammed Bin Rashid
852,18919.75,60.09,1 B/R,1-10,1,1,1,1,1,Hadaeq Sheikh Mohammed Bin Rashid
853,28718.21,101.43,2 B/R,1-10,0,1,1,0,1,Hadaeq Sheikh Mohammed Bin Rashid
854,28839.41,147.78,3 B/R,1-10,1,1,1,0,1,Hadaeq Sheikh Mohammed Bin Rashid
855,22142.66,106.13,2 B/R,1-10,1,1,1,0,1,Hadaeq Sheikh Mohammed Bin Rashid
856,18157.46,67.19,1 B/R,Below 1st floor,1,1,1,1,1,Hadaeq Sheikh Mohammed Bin Rashid
857,16545.48,93.07,2 B/R,1-10,1,1,1,1,1,Hadaeq Sheikh Mohammed Bin Rashid
858,17106.58,149.65,3 B/R,11-20,0,1,1,1,1,Hadaeq Sheikh Mohammed Bin Rashid
859,26510.62,143.41,3 B/R,11-20,1,1,1,1,1,Hadaeq Sheikh Mohammed Bin Rashid
860,22887.26,98.74,2 B/R,1-10,1,1,1,0,1,Hadaeq Sheikh Mohammed Bin Rashid
861,19990.25,61.53,1 B/R,11-20,1,1,1,1,1,Hadaeq Sheikh Mohammed Bin Rashid
862,23877.91,69.39,1 B/R,11-20,1,1,1,0,1,Hadaeq Sheikh Mohammed Bin Rashid
863,13075.31,47.8,1 B/R,1-10,1,1,1,1,1,Jabal Ali First
864,8090.56,131.63,2 B/R,1-10,1,1,1,1,1,Jabal Ali First
865,10267.82,137.03,2 B/R,Below 1st floor,1,1,1,1,1,Jabal Ali First
866,8258.55,144.48,2 B/R,1-10,1,1,1,1,1,Jabal Ali First
867,13582.86,66.26,1 B/R,1-10,1,1,1,0,1,Jabal Ali First
868,14566.4,103.32,2 B/R,1-10,1,1,1,1,1,Jabal Ali First
869,17060.55,80.99,1 B/R,1-10,1,1,1,0,1,Jabal Ali First
870,12311.0,111.77,2 B/R,1-10,1,1,1,1,1,Jabal Ali First
871,11423.38,70.45,2 B/R,1-10,0,1,1,1,1,Jabal Ali First
872,11625.04,71.29,1 B/R,1-10,1,1,1,1,1,Jabal Ali First
873,10409.61,77.39,1 B/R,1-10,1,1,1,1,1,Jabal Ali First
874,15074.78,117.68,2 B/R,1-10,1,1,1,1,1,Jabal Ali First
875,15544.14,65.7,1 B/R,1-10,1,1,1,1,1,Jabal Ali First
876,10494.81,40.06,Studio,Below 1st floor,1,1,1,1,1,Jabal Ali First
877,13075.31,38.24,Studio,1-10,1,1,1,1,1,Jabal Ali First
878,9687.58,144.48,2 B/R,1-10,1,1,1,1,1,Jabal Ali First
879,14728.48,39.04,Studio,1-10,1,1,1,1,1,Jabal Ali First
880,12030.63,121.44,2 B/R,1-10,1,1,1,1,1,Jabal Ali First
881,14046.38,113.41,2 B/R,1-10,1,1,1,1,1,Jabal Ali First
882,13177.97,72.09,1 B/R,Below 1st floor,1,1,0,0,1,Jabal Ali First
883,10830.04,35.42,Studio,1-10,1,1,1,1,1,Jabal Ali First
884,13134.1,38.18,Studio,1-10,1,1,1,1,1,Jabal Ali First
885,12181.24,37.52,Studio,1-10,1,1,1,1,1,Jabal Ali First
886,13118.68,105.72,2 B/R,1-10,1,1,1,0,1,Jabal Ali First
887,8215.07,144.48,2 B/R,1-10,1,1,1,1,1,Jabal Ali First
888,7776.4,145.54,2 B/R,11-20,1,1,1,1,1,Jabal Ali First
889,9736.47,77.03,1 B/R,1-10,1,1,1,1,1,Jabal Ali First
890,10274.69,95.38,2 B/R,1-10,1,1,1,1,1,Jabal Ali First
891,13479.59,91.48,2 B/R,1-10,1,1,1,1,1,Jabal Ali First
892,9728.14,37.52,Studio,1-10,1,1,1,1,1,Jabal Ali First
893,12283.53,124.15,2 B/R,Below 1st floor,1,1,1,1,1,Jabal Ali First
894,6623.87,98.13,1 B/R,1-10,1,1,1,1,1,Jabal Ali First
895,13402.25,109.31,2 B/R,1-10,0,1,1,1,1,Jabal Ali First
896,13438.74,63.25,1 B/R,Below 1st floor,1,1,1,1,1,Jabal Ali First
897,11395.8,137.77,2 B/R,Below 1st floor,1,1,1,1,1,Jabal Ali First
898,12572.03,38.18,Studio,1-10,1,1,1,1,1,Jabal Ali First
899,10669.8,36.23,Studio,1-10,1,1,1,1,1,Jabal Ali First
900,6037.35,70.66,2 B/R,1-10,0,1,1,1,1,Jabal Ali First
901,13777.52,157.14,3 B/R,1-10,1,1,1,1,1,Jabal Ali First
902,7260.11,135.13,2 B/R,1-10,1,1,1,1,1,Jabal Ali First
903,9231.81,133.56,2 B/R,1-10,1,1,1,1,1,Jabal Ali First
904,11496.54,37.78,Studio,11-20,1,1,1,1,1,Jabal Ali First
905,10780.79,112.56,2 B/R,1-10,1,1,1,1,1,Jabal Ali First
906,15014.87,64.54,1 B/R,1-10,1,1,1,1,1,Jabal Ali First
907,7855.82,86.56,1 B/R,1-10,0,0,1,1,0,Jabal Ali First
908,11517.97,133.27,2 B/R,Below 1st floor,1,1,1,0,1,Jabal Ali First
909,11655.01,38.61,Studio,1-10,1,1,1,1,1,Jabal Ali First
910,14390.52,141.76,3 B/R,1-10,1,1,1,0,1,Al Yelayiss 2
911,14833.93,44.56,1 B/R,1-10,1,1,1,0,1,Al Yelayiss 2
912,13774.12,58.58,1 B/R,1-10,1,1,1,0,1,Al Yelayiss 2
913,6675.45,113.85,2 B/R,1-10,1,1,1,0,1,Al Yelayiss 2
914,12370.84,64.74,1 B/R,1-10,1,1,1,0,1,Al Yelayiss 2
915,8415.84,86.86,2 B/R,1-10,1,1,1,0,1,Al Yelayiss 2
916,14881.98,93.73,2 B/R,1-10,1,1,1,0,1,Al Yelayiss 2
917,10814.15,87.93,2 B/R,Below 1st floor,1,1,1,0,1,Al Yelayiss 2
918,8949.3,87.34,2 B/R,1-10,1,1,1,0,1,Al Yelayiss 2
919,14956.98,32.82,Studio,Below 1st floor,1,1,1,0,1,Al Yelayiss 2
920,9359.21,160.27,2 B/R,1-10,1,1,1,0,1,Al Yelayiss 2
921,9002.45,90.49,2 B/R,1-10,1,1,1,0,1,Al Yelayiss 2
922,11792.45,29.68,Studio,1-10,1,0,1,0,1,Al Yelayiss 2
923,5315.92,63.18,1 B/R,1-10,1,1,1,0,1,Al Yelayiss 2
924,12605.34,141.21,3 B/R,1-10,1,1,1,0,1,Al Yelayiss 2
925,17735.5,92.52,2 B/R,1-10,1,1,1,0,1,Al Yelayiss 2
926,11601.66,62.74,1 B/R,1-10,1,1,1,0,1,Al Yelayiss 2
927,10408.38,83.96,2 B/R,Below 1st floor,1,1,1,0,1,Al Yelayiss 2
928,8981.28,101.5,2 B/R,1-10,1,1,1,0,1,Al Yelayiss 2
929,7982.97,56.37,1 B/R,1-10,1,1,1,0,1,Al Yelayiss 2
930,13180.35,88.76,2 B/R,11-20,1,1,1,0,1,Al Yelayiss 2
931,15548.64,61.22,1 B/R,1-10,1,1,1,0,1,Al Yelayiss 2
932,11851.15,84.38,2 B/R,1-10,1,1,1,0,1,Al Yelayiss 2
933,12225.08,44.86,1 B/R,1-10,1,1,1,0,1,Al Yelayiss 2
934,12829.05,95.01,2 B/R,1-10,1,1,1,0,1,Al Yelayiss 2
935,11075.22,65.01,1 B/R,1-10,1,1,1,0,1,Al Yelayiss 2
936,11216.2,164.94,3 B/R,11-20,1,1,1,0,1,Al Yelayiss 2
937,13354.73,44.62,1 B/R,1-10,1,1,1,0,1,Al Yelayiss 2
938,12317.7,50.74,1 B/R,1-10,1,0,1,0,1,Al Yelayiss 2
939,9992.14,89.07,2 B/R,1-10,1,1,1,0,1,Al Yelayiss 2
940,7630.16,89.12,2 B/R,1-10,1,1,1,0,1,Al Yelayiss 2
941,8054.82,83.18,2 B/R,1-10,0,1,1,0,1,Al Yelayiss 2
942,14020.27,59.2,1 B/R,1-10,1,1,1,0,1,Al Yelayiss 2
943,16596.02,88.87,2 B/R,1-10,1,1,1,0,1,Al Yelayiss 2
944,14274.39,63.05,1 B/R,1-10,1,1,1,0,1,Al Yelayiss 2
945,11995.37,60.44,1 B/R,1-10,1,0,1,0,1,Al Yelayiss 2
946,8801.71,79.53,1 B/R,1-10,1,1,1,0,1,Al Yelayiss 2
947,8902.71,93.23,2 B/R,1-10,1,1,1,0,1,Al Yelayiss 2
948,13531.64,57.93,1 B/R,1-10,1,1,1,0,1,Al Yelayiss 2
949,7791.02,87.28,2 B/R,1-10,1,1,1,0,1,Al Yelayiss 2
950,11613.09,57.77,1 B/R,Below 1st floor,1,1,1,0,1,Al Yelayiss 2
951,15383.49,31.26,Studio,Below 1st floor,1,1,1,0,1,Al Yelayiss 2
952,12533.25,94.38,2 B/R,1-10,1,1,1,0,1,Al Yelayiss 2
953,12469.51,110.26,2 B/R,11-20,1,1,1,0,1,Al Yelayiss 2
954,11583.01,90.65,2 B/R,11-20,1,1,1,0,1,Al Yelayiss 2
955,12951.6,58.68,1 B/R,1-10,1,1,1,0,1,Al Yelayiss 2
956,11515.57,86.7,2 B/R,1-10,1,1,1,0,1,Al Yelayiss 2
957,12974.45,74.06,1 B/R,1-10,1,1,1,0,1,Al Yelayiss 2
958,12583.35,70.49,1 B/R,1-10,1,1,1,1,1,Me'Aisem First
959,9250.69,108.1,2 B/R,1-10,1,1,1,1,1,Me'Aisem First
960,12450.2,60.24,1 B/R,1-10,1,1,1,1,1,Me'Aisem First
961,12634.53,66.83,1 B/R,1-10,1,1,1,1,1,Me'Aisem First
962,11156.28,127.91,2 B/R,1-10,0,1,1,1,1,Me'Aisem First
963,10694.21,83.26,1 B/R,1-10,0,1,1,1,1,Me'Aisem First
964,4799.26,57.98,1 B/R,1-10,1,1,1,1,1,Me'Aisem First
965,14057.69,75.57,1 B/R,1-10,1,1,1,1,1,Me'Aisem First
966,12805.33,39.78,Studio,Below 1st floor,1,1,1,1,1,Me'Aisem First
967,11555.98,60.8,1 B/R,1-10,1,1,1,1,1,Me'Aisem First
968,12806.79,57.68,1 B/R,1-10,1,1,1,1,1,Me'Aisem First
969,12278.34,79.2,1 B/R,1-10,1,1,1,1,1,Me'Aisem First
970,10800.43,83.33,1 B/R,1-10,0,1,1,1,1,Me'Aisem First
971,3877.47,128.95,2 B/R,21-30,1,1,0,1,1,Me'Aisem First
972,8689.36,69.05,1 B/R,11-20,1,0,0,1,1,Me'Aisem First
973,16681.56,167.85,3 B/R,1-10,1,1,0,1,1,Me'Aisem First
974,5802.36,55.15,1 B/R,11-20,1,1,0,1,1,Me'Aisem First
975,10491.51,167.85,3 B/R,1-10,0,1,1,1,1,Me'Aisem First
976,13111.11,135.0,2 B/R,1-10,1,1,0,1,1,Me'Aisem First
977,12391.13,112.98,2 B/R,1-10,1,1,1,1,1,Me'Aisem First
978,8312.36,61.57,1 B/R,1-10,1,1,1,1,1,Me'Aisem First
979,15404.36,38.95,Studio,1-10,1,1,1,1,0,Me'Aisem First
980,18543.85,40.25,Studio,1-10,1,1,1,1,1,Me'Aisem First
981,8521.26,58.09,1 B/R,1-10,1,1,0,1,1,Me'Aisem First
982,12607.16,39.66,Studio,11-20,1,1,1,1,1,Me'Aisem First
983,4756.5,116.59,2 B/R,1-10,1,1,0,1,0,Me'Aisem First
984,7443.34,119.57,2 B/R,11-20,1,1,0,1,1,Me'Aisem First
985,6267.94,66.21,1 B/R,1-10,1,1,0,1,1,Me'Aisem First
986,11018.42,60.8,1 B/R,1-10,1,1,1,1,1,Me'Aisem First
987,13151.47,72.06,1 B/R,1-10,1,1,1,1,1,Me'Aisem First
988,15603.33,57.68,1 B/R,1-10,1,1,1,1,1,Me'Aisem First
989,16106.72,74.35,1 B/R,1-10,1,1,1,1,1,Me'Aisem First
990,13907.51,65.37,1 B/R,Below 1st floor,1,1,0,1,1,Me'Aisem First
991,6101.45,109.81,1 B/R,1-10,1,1,0,1,1,Me'Aisem First
992,8459.82,40.19,Studio,11-20,1,1,1,1,1,Me'Aisem First
993,13607.31,113.22,2 B/R,1-10,1,1,1,1,1,Me'Aisem First
994,13028.47,57.68,1 B/R,1-10,1,1,1,1,1,Me'Aisem First
995,15642.78,35.16,Studio,11-20,1,1,1,0,1,Me'Aisem First
996,4335.63,46.36,Studio,1-10,1,1,0,1,0,Me'Aisem First
997,17616.26,39.12,Studio,1-10,1,1,1,1,1,Me'Aisem First
998,3869.3,34.89,Studio,1-10,1,1,0,1,1,Me'Aisem First
999,5466.18,118.73,2 B/R,1-10,1,1,0,1,1,Me'Aisem First
1000,8177.41,57.72,1 B/R,11-20,1,1,1,1,1,Me'Aisem First
1001,14741.69,67.36,1 B/R,1-10,1,1,1,1,1,Me'Aisem First
1002,13773.48,107.94,2 B/R,1-10,1,1,1,1,1,Me'Aisem First
1003,13800.55,83.33,1 B/R,1-10,0,1,1,1,1,Me'Aisem First
1004,5416.25,130.57,2 B/R,11-20,1,1,0,1,1,Me'Aisem First
1005,19044.83,38.66,Studio,11-20,1,1,1,1,1,Me'Aisem First
1006,15207.84,59.18,1 B/R,1-10,1,1,1,1,1,Me'Aisem First
