Area,Model,Summary
Al Barsha South Fifth,ARIMA,"                               SARIMAX Results                                
==============================================================================
Dep. Variable:                      y   No. Observations:                   28
Model:               SARIMAX(0, 1, 0)   Log Likelihood                -243.294
Date:                Sun, 26 Oct 2025   AIC                            488.587
Time:                        09:16:03   BIC                            489.883
Sample:                    09-01-2022   HQIC                           488.972
                         - 12-01-2024                                         
Covariance Type:                  opg                                         
==============================================================================
                 coef    std err          z      P>|z|      [0.025      0.975]
------------------------------------------------------------------------------
sigma2      3.924e+06   5.53e+05      7.094      0.000    2.84e+06    5.01e+06
===================================================================================
Ljung-Box (L1) (Q):                   0.24   Jarque-Bera (JB):                34.54
Prob(Q):                              0.63   Prob(JB):                         0.00
Heteroskedasticity (H):               0.25   Skew:                             1.25
Prob(H) (two-sided):                  0.05   Kurtosis:                         7.94
===================================================================================

Warnings:
[1] Covariance matrix calculated using the outer product of gradients (complex-step)."
Al Barsha South Fifth,SARIMA,"                                     SARIMAX Results                                      
==========================================================================================
Dep. Variable:                                  y   No. Observations:                   28
Model:             SARIMAX(1, 1, 0)x(1, 1, 0, 12)   Log Likelihood                -132.759
Date:                            Sun, 26 Oct 2025   AIC                            271.519
Time:                                    09:16:19   BIC                            273.643
Sample:                                09-01-2022   HQIC                           271.496
                                     - 12-01-2024                                         
Covariance Type:                              opg                                         
==============================================================================
                 coef    std err          z      P>|z|      [0.025      0.975]
------------------------------------------------------------------------------
ar.L1          0.4417      0.477      0.927      0.354      -0.492       1.376
ar.S.L12      -0.7380      0.212     -3.488      0.000      -1.153      -0.323
sigma2      2.482e+06   1.38e+06      1.799      0.072   -2.23e+05    5.19e+06
===================================================================================
Ljung-Box (L1) (Q):                   0.00   Jarque-Bera (JB):                 4.71
Prob(Q):                              0.99   Prob(JB):                         0.09
Heteroskedasticity (H):               1.26   Skew:                            -1.35
Prob(H) (two-sided):                  0.80   Kurtosis:                         3.45
===================================================================================

Warnings:
[1] Covariance matrix calculated using the outer product of gradients (complex-step)."
Al Barsha South Fourth,ARIMA,"                               SARIMAX Results                                
==============================================================================
Dep. Variable:                      y   No. Observations:                   28
Model:               SARIMAX(0, 1, 0)   Log Likelihood                -205.699
Date:                Sun, 26 Oct 2025   AIC                            415.398
Time:                        09:16:25   BIC                            417.990
Sample:                    09-01-2022   HQIC                           416.169
                         - 12-01-2024                                         
Covariance Type:                  opg                                         
==============================================================================
                 coef    std err          z      P>|z|      [0.025      0.975]
------------------------------------------------------------------------------
intercept    142.1204     94.833      1.499      0.134     -43.749     327.990
sigma2      2.426e+05   7.05e+04      3.442      0.001    1.04e+05    3.81e+05
===================================================================================
Ljung-Box (L1) (Q):                   0.22   Jarque-Bera (JB):                 0.07
Prob(Q):                              0.64   Prob(JB):                         0.96
Heteroskedasticity (H):               1.52   Skew:                             0.04
Prob(H) (two-sided):                  0.54   Kurtosis:                         2.76
===================================================================================

Warnings:
[1] Covariance matrix calculated using the outer product of gradients (complex-step)."
Al Barsha South Fourth,SARIMA,"                                     SARIMAX Results                                      
==========================================================================================
Dep. Variable:                                  y   No. Observations:                   28
Model:             SARIMAX(0, 1, 0)x(1, 1, 0, 12)   Log Likelihood                -116.675
Date:                            Sun, 26 Oct 2025   AIC                            237.349
Time:                                    09:16:47   BIC                            238.766
Sample:                                09-01-2022   HQIC                           237.334
                                     - 12-01-2024                                         
Covariance Type:                              opg                                         
==============================================================================
                 coef    std err          z      P>|z|      [0.025      0.975]
------------------------------------------------------------------------------
ar.S.L12       0.8148      0.283      2.878      0.004       0.260       1.370
sigma2      1.646e+05   1.75e+05      0.939      0.348   -1.79e+05    5.08e+05
===================================================================================
Ljung-Box (L1) (Q):                   0.81   Jarque-Bera (JB):                 1.37
Prob(Q):                              0.37   Prob(JB):                         0.50
Heteroskedasticity (H):               0.43   Skew:                            -0.60
Prob(H) (two-sided):                  0.37   Kurtosis:                         2.14
===================================================================================

Warnings:
[1] Covariance matrix calculated using the outer product of gradients (complex-step)."
Al Barshaa South Third,ARIMA,"                               SARIMAX Results                                
==============================================================================
Dep. Variable:                      y   No. Observations:                   28
Model:               SARIMAX(0, 1, 0)   Log Likelihood                -229.996
Date:                Sun, 26 Oct 2025   AIC                            461.992
Time:                        09:16:54   BIC                            463.288
Sample:                    09-01-2022   HQIC                           462.377
                         - 12-01-2024                                         
Covariance Type:                  opg                                         
==============================================================================
                 coef    std err          z      P>|z|      [0.025      0.975]
------------------------------------------------------------------------------
sigma2      1.465e+06   3.36e+05      4.367      0.000    8.08e+05    2.12e+06
===================================================================================
Ljung-Box (L1) (Q):                   0.54   Jarque-Bera (JB):                 0.82
Prob(Q):                              0.46   Prob(JB):                         0.66
Heteroskedasticity (H):               0.13   Skew:                             0.16
Prob(H) (two-sided):                  0.01   Kurtosis:                         3.79
===================================================================================

Warnings:
[1] Covariance matrix calculated using the outer product of gradients (complex-step)."
Al Barshaa South Third,SARIMA,"                                      SARIMAX Results                                       
============================================================================================
Dep. Variable:                                    y   No. Observations:                   28
Model:             SARIMAX(0, 1, 0)x(0, 1, [1], 12)   Log Likelihood                -132.522
Date:                              Sun, 26 Oct 2025   AIC                            269.045
Time:                                      09:17:05   BIC                            270.461
Sample:                                  09-01-2022   HQIC                           269.030
                                       - 12-01-2024                                         
Covariance Type:                                opg                                         
==============================================================================
                 coef    std err          z      P>|z|      [0.025      0.975]
------------------------------------------------------------------------------
ma.S.L12      -0.4346      0.179     -2.423      0.015      -0.786      -0.083
sigma2      2.545e+06   1.31e+06      1.948      0.051    -1.6e+04    5.11e+06
===================================================================================
Ljung-Box (L1) (Q):                   1.98   Jarque-Bera (JB):                 0.81
Prob(Q):                              0.16   Prob(JB):                         0.67
Heteroskedasticity (H):               2.03   Skew:                            -0.38
Prob(H) (two-sided):                  0.46   Kurtosis:                         2.16
===================================================================================

Warnings:
[1] Covariance matrix calculated using the outer product of gradients (complex-step)."
Al Hebiah First,ARIMA,"                               SARIMAX Results                                
==============================================================================
Dep. Variable:                      y   No. Observations:                   28
Model:               SARIMAX(2, 1, 1)   Log Likelihood                -251.479
Date:                Sun, 26 Oct 2025   AIC                            510.958
Time:                        09:17:15   BIC                            516.141
Sample:                    09-01-2022   HQIC                           512.499
                         - 12-01-2024                                         
Covariance Type:                  opg                                         
==============================================================================
                 coef    std err          z      P>|z|      [0.025      0.975]
------------------------------------------------------------------------------
ar.L1         -0.5995      0.247     -2.425      0.015      -1.084      -0.115
ar.L2         -0.6360      0.215     -2.955      0.003      -1.058      -0.214
ma.L1          0.6148      0.412      1.493      0.135      -0.192       1.422
sigma2      6.703e+06   7.94e+05      8.443      0.000    5.15e+06    8.26e+06
===================================================================================
Ljung-Box (L1) (Q):                   0.09   Jarque-Bera (JB):                85.27
Prob(Q):                              0.77   Prob(JB):                         0.00
Heteroskedasticity (H):               8.75   Skew:                             2.40
Prob(H) (two-sided):                  0.00   Kurtosis:                        10.27
===================================================================================

Warnings:
[1] Covariance matrix calculated using the outer product of gradients (complex-step)."
Al Hebiah First,SARIMA,"                                      SARIMAX Results                                      
===========================================================================================
Dep. Variable:                                   y   No. Observations:                   28
Model:             SARIMAX(0, 1, 1)x(1, 1, [], 12)   Log Likelihood                -140.547
Date:                             Sun, 26 Oct 2025   AIC                            287.093
Time:                                     09:18:30   BIC                            289.217
Sample:                                 09-01-2022   HQIC                           287.071
                                      - 12-01-2024                                         
Covariance Type:                               opg                                         
==============================================================================
                 coef    std err          z      P>|z|      [0.025      0.975]
------------------------------------------------------------------------------
ma.L1         -0.7643      0.407     -1.877      0.061      -1.563       0.034
ar.S.L12      -1.0000      0.198     -5.062      0.000      -1.387      -0.613
sigma2      1.014e+07   3.05e-08   3.33e+14      0.000    1.01e+07    1.01e+07
===================================================================================
Ljung-Box (L1) (Q):                   0.45   Jarque-Bera (JB):                 1.53
Prob(Q):                              0.50   Prob(JB):                         0.47
Heteroskedasticity (H):              23.83   Skew:                            -0.46
Prob(H) (two-sided):                  0.00   Kurtosis:                         4.27
===================================================================================

Warnings:
[1] Covariance matrix calculated using the outer product of gradients (complex-step).
[2] Covariance matrix is singular or near-singular, with condition number 2.17e+30. Standard errors may be unstable."
Al Hebiah Fourth,ARIMA,"                               SARIMAX Results                                
==============================================================================
Dep. Variable:                      y   No. Observations:                   28
Model:               SARIMAX(1, 1, 0)   Log Likelihood                -241.593
Date:                Sun, 26 Oct 2025   AIC                            487.187
Time:                        09:18:37   BIC                            489.778
Sample:                    09-01-2022   HQIC                           487.957
                         - 12-01-2024                                         
Covariance Type:                  opg                                         
==============================================================================
                 coef    std err          z      P>|z|      [0.025      0.975]
------------------------------------------------------------------------------
ar.L1         -0.3819      0.145     -2.639      0.008      -0.666      -0.098
sigma2      3.415e+06   5.45e+05      6.262      0.000    2.35e+06    4.48e+06
===================================================================================
Ljung-Box (L1) (Q):                   0.39   Jarque-Bera (JB):                15.14
Prob(Q):                              0.53   Prob(JB):                         0.00
Heteroskedasticity (H):               9.70   Skew:                             0.56
Prob(H) (two-sided):                  0.00   Kurtosis:                         6.49
===================================================================================

Warnings:
[1] Covariance matrix calculated using the outer product of gradients (complex-step)."
Al Hebiah Fourth,SARIMA,"                                     SARIMAX Results                                      
==========================================================================================
Dep. Variable:                                  y   No. Observations:                   28
Model:             SARIMAX(1, 1, 0)x(0, 1, 0, 12)   Log Likelihood                -139.321
Date:                            Sun, 26 Oct 2025   AIC                            282.643
Time:                                    09:18:55   BIC                            284.059
Sample:                                09-01-2022   HQIC                           282.628
                                     - 12-01-2024                                         
Covariance Type:                              opg                                         
==============================================================================
                 coef    std err          z      P>|z|      [0.025      0.975]
------------------------------------------------------------------------------
ar.L1         -0.4153      0.276     -1.507      0.132      -0.955       0.125
sigma2       7.08e+06   2.18e+06      3.251      0.001    2.81e+06    1.13e+07
===================================================================================
Ljung-Box (L1) (Q):                   0.14   Jarque-Bera (JB):                 2.15
Prob(Q):                              0.70   Prob(JB):                         0.34
Heteroskedasticity (H):               3.69   Skew:                             0.71
Prob(H) (two-sided):                  0.18   Kurtosis:                         4.19
===================================================================================

Warnings:
[1] Covariance matrix calculated using the outer product of gradients (complex-step)."
Al Khairan First,ARIMA,"                               SARIMAX Results                                
==============================================================================
Dep. Variable:                      y   No. Observations:                   28
Model:               SARIMAX(0, 1, 1)   Log Likelihood                -228.569
Date:                Sun, 26 Oct 2025   AIC                            461.138
Time:                        09:19:01   BIC                            463.730
Sample:                    09-01-2022   HQIC                           461.909
                         - 12-01-2024                                         
Covariance Type:                  opg                                         
==============================================================================
                 coef    std err          z      P>|z|      [0.025      0.975]
------------------------------------------------------------------------------
ma.L1         -0.1613      0.145     -1.112      0.266      -0.446       0.123
sigma2      1.354e+06   4.54e+05      2.983      0.003    4.65e+05    2.24e+06
===================================================================================
Ljung-Box (L1) (Q):                   0.85   Jarque-Bera (JB):                 0.27
Prob(Q):                              0.36   Prob(JB):                         0.88
Heteroskedasticity (H):               1.25   Skew:                            -0.15
Prob(H) (two-sided):                  0.75   Kurtosis:                         2.62
===================================================================================

Warnings:
[1] Covariance matrix calculated using the outer product of gradients (complex-step)."
Al Khairan First,SARIMA,"                                     SARIMAX Results                                      
==========================================================================================
Dep. Variable:                                  y   No. Observations:                   28
Model:             SARIMAX(0, 1, 0)x(0, 1, 0, 12)   Log Likelihood                -130.275
Date:                            Sun, 26 Oct 2025   AIC                            262.549
Time:                                    09:19:12   BIC                            263.257
Sample:                                09-01-2022   HQIC                           262.541
                                     - 12-01-2024                                         
Covariance Type:                              opg                                         
==============================================================================
                 coef    std err          z      P>|z|      [0.025      0.975]
------------------------------------------------------------------------------
sigma2      2.037e+06   8.31e+05      2.450      0.014    4.08e+05    3.67e+06
===================================================================================
Ljung-Box (L1) (Q):                   1.65   Jarque-Bera (JB):                 1.20
Prob(Q):                              0.20   Prob(JB):                         0.55
Heteroskedasticity (H):               0.69   Skew:                            -0.68
Prob(H) (two-sided):                  0.69   Kurtosis:                         2.74
===================================================================================

Warnings:
[1] Covariance matrix calculated using the outer product of gradients (complex-step)."
Al Merkadh,ARIMA,"                               SARIMAX Results                                
==============================================================================
Dep. Variable:                      y   No. Observations:                   28
Model:               SARIMAX(2, 0, 1)   Log Likelihood                -240.535
Date:                Sun, 26 Oct 2025   AIC                            489.070
Time:                        09:19:27   BIC                            494.399
Sample:                    09-01-2022   HQIC                           490.699
                         - 12-01-2024                                         
Covariance Type:                  opg                                         
==============================================================================
                 coef    std err          z      P>|z|      [0.025      0.975]
------------------------------------------------------------------------------
ar.L1          1.3791      0.270      5.111      0.000       0.850       1.908
ar.L2         -0.3791      0.270     -1.405      0.160      -0.908       0.150
ma.L1         -0.9423      0.294     -3.205      0.001      -1.519      -0.366
sigma2      1.317e+06    3.5e-08   3.77e+13      0.000    1.32e+06    1.32e+06
===================================================================================
Ljung-Box (L1) (Q):                   0.20   Jarque-Bera (JB):                 0.70
Prob(Q):                              0.66   Prob(JB):                         0.70
Heteroskedasticity (H):               0.90   Skew:                             0.05
Prob(H) (two-sided):                  0.88   Kurtosis:                         2.23
===================================================================================

Warnings:
[1] Covariance matrix calculated using the outer product of gradients (complex-step).
[2] Covariance matrix is singular or near-singular, with condition number 1.33e+30. Standard errors may be unstable."
Al Merkadh,SARIMA,"                                      SARIMAX Results                                       
============================================================================================
Dep. Variable:                                    y   No. Observations:                   28
Model:             SARIMAX(1, 1, 0)x(0, 1, [1], 12)   Log Likelihood                -127.643
Date:                              Sun, 26 Oct 2025   AIC                            261.285
Time:                                      09:19:49   BIC                            263.409
Sample:                                  09-01-2022   HQIC                           261.263
                                       - 12-01-2024                                         
Covariance Type:                                opg                                         
==============================================================================
                 coef    std err          z      P>|z|      [0.025      0.975]
------------------------------------------------------------------------------
ar.L1          0.2651      0.203      1.303      0.193      -0.134       0.664
ma.S.L12      -0.3306      0.481     -0.687      0.492      -1.274       0.613
sigma2      1.672e+06    1.3e+06      1.288      0.198   -8.73e+05    4.22e+06
===================================================================================
Ljung-Box (L1) (Q):                   1.16   Jarque-Bera (JB):                 1.12
Prob(Q):                              0.28   Prob(JB):                         0.57
Heteroskedasticity (H):               0.58   Skew:                             0.59
Prob(H) (two-sided):                  0.57   Kurtosis:                         2.36
===================================================================================

Warnings:
[1] Covariance matrix calculated using the outer product of gradients (complex-step)."
Al Thanyah Fifth,ARIMA,"                               SARIMAX Results                                
==============================================================================
Dep. Variable:                      y   No. Observations:                   28
Model:               SARIMAX(2, 0, 0)   Log Likelihood                -258.932
Date:                Sun, 26 Oct 2025   AIC                            525.864
Time:                        09:19:55   BIC                            531.193
Sample:                    09-01-2022   HQIC                           527.493
                         - 12-01-2024                                         
Covariance Type:                  opg                                         
==============================================================================
                 coef    std err          z      P>|z|      [0.025      0.975]
------------------------------------------------------------------------------
intercept   5956.8538   2742.512      2.172      0.030     581.630    1.13e+04
ar.L1          0.9336      0.308      3.028      0.002       0.329       1.538
ar.L2         -0.3252      0.239     -1.358      0.175      -0.795       0.144
sigma2      5.936e+06      1.031   5.76e+06      0.000    5.94e+06    5.94e+06
===================================================================================
Ljung-Box (L1) (Q):                   0.00   Jarque-Bera (JB):                15.32
Prob(Q):                              0.99   Prob(JB):                         0.00
Heteroskedasticity (H):               2.47   Skew:                             1.48
Prob(H) (two-sided):                  0.19   Kurtosis:                         5.09
===================================================================================

Warnings:
[1] Covariance matrix calculated using the outer product of gradients (complex-step).
[2] Covariance matrix is singular or near-singular, with condition number 1.59e+23. Standard errors may be unstable."
Al Thanyah Fifth,SARIMA,"                                     SARIMAX Results                                      
==========================================================================================
Dep. Variable:                                  y   No. Observations:                   28
Model:             SARIMAX(0, 1, 0)x(1, 1, 0, 12)   Log Likelihood                -144.593
Date:                            Sun, 26 Oct 2025   AIC                            293.186
Time:                                    09:20:19   BIC                            294.602
Sample:                                09-01-2022   HQIC                           293.170
                                     - 12-01-2024                                         
Covariance Type:                              opg                                         
==============================================================================
                 coef    std err          z      P>|z|      [0.025      0.975]
------------------------------------------------------------------------------
ar.S.L12      -0.5684      0.166     -3.433      0.001      -0.893      -0.244
sigma2      1.352e+07   4.57e+06      2.959      0.003    4.56e+06    2.25e+07
===================================================================================
Ljung-Box (L1) (Q):                   2.04   Jarque-Bera (JB):                 3.86
Prob(Q):                              0.15   Prob(JB):                         0.15
Heteroskedasticity (H):               3.99   Skew:                             1.07
Prob(H) (two-sided):                  0.16   Kurtosis:                         4.25
===================================================================================

Warnings:
[1] Covariance matrix calculated using the outer product of gradients (complex-step)."
Al Warsan First,ARIMA,"                               SARIMAX Results                                
==============================================================================
Dep. Variable:                      y   No. Observations:                   28
Model:               SARIMAX(2, 1, 1)   Log Likelihood                -181.919
Date:                Sun, 26 Oct 2025   AIC                            373.839
Time:                        09:20:30   BIC                            380.318
Sample:                    09-01-2022   HQIC                           375.766
                         - 12-01-2024                                         
Covariance Type:                  opg                                         
==============================================================================
                 coef    std err          z      P>|z|      [0.025      0.975]
------------------------------------------------------------------------------
intercept     46.7739     22.330      2.095      0.036       3.009      90.539
ar.L1         -0.1169      0.260     -0.449      0.653      -0.627       0.393
ar.L2          0.1526      0.197      0.776      0.438      -0.233       0.538
ma.L1         -0.9697      0.932     -1.040      0.298      -2.797       0.857
sigma2       3.48e+04   2.61e+04      1.334      0.182   -1.63e+04    8.59e+04
===================================================================================
Ljung-Box (L1) (Q):                   0.07   Jarque-Bera (JB):                 2.07
Prob(Q):                              0.79   Prob(JB):                         0.36
Heteroskedasticity (H):               0.07   Skew:                             0.55
Prob(H) (two-sided):                  0.00   Kurtosis:                         3.78
===================================================================================

Warnings:
[1] Covariance matrix calculated using the outer product of gradients (complex-step)."
Al Warsan First,SARIMA,"                                      SARIMAX Results                                      
===========================================================================================
Dep. Variable:                                   y   No. Observations:                   28
Model:             SARIMAX(0, 1, 2)x(0, 1, [], 12)   Log Likelihood                -104.699
Date:                             Sun, 26 Oct 2025   AIC                            215.398
Time:                                     09:20:56   BIC                            217.522
Sample:                                 09-01-2022   HQIC                           215.375
                                      - 12-01-2024                                         
Covariance Type:                               opg                                         
==============================================================================
                 coef    std err          z      P>|z|      [0.025      0.975]
------------------------------------------------------------------------------
ma.L1         -1.1456      0.416     -2.756      0.006      -1.960      -0.331
ma.L2          0.5426      0.467      1.163      0.245      -0.372       1.457
sigma2      5.239e+04   2.86e+04      1.833      0.067   -3614.385    1.08e+05
===================================================================================
Ljung-Box (L1) (Q):                   0.08   Jarque-Bera (JB):                 0.13
Prob(Q):                              0.78   Prob(JB):                         0.94
Heteroskedasticity (H):               0.28   Skew:                            -0.16
Prob(H) (two-sided):                  0.19   Kurtosis:                         2.67
===================================================================================

Warnings:
[1] Covariance matrix calculated using the outer product of gradients (complex-step)."
Al Yelayiss 2,ARIMA,"                               SARIMAX Results                                
==============================================================================
Dep. Variable:                      y   No. Observations:                   28
Model:               SARIMAX(0, 1, 0)   Log Likelihood                -229.019
Date:                Sun, 26 Oct 2025   AIC                            460.037
Time:                        09:21:01   BIC                            461.333
Sample:                    09-01-2022   HQIC                           460.423
                         - 12-01-2024                                         
Covariance Type:                  opg                                         
==============================================================================
                 coef    std err          z      P>|z|      [0.025      0.975]
------------------------------------------------------------------------------
sigma2      1.363e+06   1.53e+05      8.929      0.000    1.06e+06    1.66e+06
===================================================================================
Ljung-Box (L1) (Q):                   0.76   Jarque-Bera (JB):               114.13
Prob(Q):                              0.38   Prob(JB):                         0.00
Heteroskedasticity (H):               0.17   Skew:                             2.45
Prob(H) (two-sided):                  0.01   Kurtosis:                        11.80
===================================================================================

Warnings:
[1] Covariance matrix calculated using the outer product of gradients (complex-step)."
Al Yelayiss 2,SARIMA,"                                      SARIMAX Results                                       
============================================================================================
Dep. Variable:                                    y   No. Observations:                   28
Model:             SARIMAX(0, 1, 0)x(2, 1, [1], 12)   Log Likelihood                -125.120
Date:                              Sun, 26 Oct 2025   AIC                            258.240
Time:                                      09:21:45   BIC                            261.072
Sample:                                  09-01-2022   HQIC                           258.210
                                       - 12-01-2024                                         
Covariance Type:                                opg                                         
==============================================================================
                 coef    std err          z      P>|z|      [0.025      0.975]
------------------------------------------------------------------------------
ar.S.L12      -0.9735      1.388     -0.701      0.483      -3.694       1.747
ar.S.L24      -0.9861      0.951     -1.037      0.300      -2.849       0.877
ma.S.L12      -0.6162     61.984     -0.010      0.992    -122.102     120.870
sigma2      2.099e+04      0.003   6.31e+06      0.000     2.1e+04     2.1e+04
===================================================================================
Ljung-Box (L1) (Q):                   1.62   Jarque-Bera (JB):                 7.77
Prob(Q):                              0.20   Prob(JB):                         0.02
Heteroskedasticity (H):               0.22   Skew:                            -1.45
Prob(H) (two-sided):                  0.12   Kurtosis:                         5.01
===================================================================================

Warnings:
[1] Covariance matrix calculated using the outer product of gradients (complex-step).
[2] Covariance matrix is singular or near-singular, with condition number 5.04e+24. Standard errors may be unstable."
Bukadra,ARIMA,"                               SARIMAX Results                                
==============================================================================
Dep. Variable:                      y   No. Observations:                   16
Model:               SARIMAX(1, 0, 0)   Log Likelihood                -125.822
Date:                Sun, 26 Oct 2025   AIC                            257.643
Time:                        09:21:52   BIC                            259.961
Sample:                    01-01-2024   HQIC                           257.762
                         - 04-01-2025                                         
Covariance Type:                  opg                                         
==============================================================================
                 coef    std err          z      P>|z|      [0.025      0.975]
------------------------------------------------------------------------------
intercept   1.346e+04   1.09e+04      1.239      0.215   -7830.094    3.47e+04
ar.L1          0.4733      0.431      1.099      0.272      -0.371       1.317
sigma2      3.989e+05   1.83e+05      2.179      0.029    4.02e+04    7.58e+05
===================================================================================
Ljung-Box (L1) (Q):                   0.05   Jarque-Bera (JB):                 2.87
Prob(Q):                              0.83   Prob(JB):                         0.24
Heteroskedasticity (H):               1.83   Skew:                             0.94
Prob(H) (two-sided):                  0.52   Kurtosis:                         3.90
===================================================================================

Warnings:
[1] Covariance matrix calculated using the outer product of gradients (complex-step)."
Bukadra,SARIMA,"                                      SARIMAX Results                                      
===========================================================================================
Dep. Variable:                                   y   No. Observations:                   16
Model:             SARIMAX(0, 1, 1)x(0, 1, [], 12)   Log Likelihood                 -20.963
Date:                             Sun, 26 Oct 2025   AIC                             45.927
Time:                                     09:21:59   BIC                             44.124
Sample:                                 01-01-2024   HQIC                            42.303
                                      - 04-01-2025                                         
Covariance Type:                               opg                                         
==============================================================================
                 coef    std err          z      P>|z|      [0.025      0.975]
------------------------------------------------------------------------------
ma.L1         -0.9878     66.619     -0.015      0.988    -131.559     129.583
sigma2      9.005e+04   6.08e+06      0.015      0.988   -1.18e+07     1.2e+07
===================================================================================
Ljung-Box (L1) (Q):                   0.61   Jarque-Bera (JB):                 0.46
Prob(Q):                              0.44   Prob(JB):                         0.79
Heteroskedasticity (H):                nan   Skew:                             0.60
Prob(H) (two-sided):                   nan   Kurtosis:                         1.50
===================================================================================

Warnings:
[1] Covariance matrix calculated using the outer product of gradients (complex-step)."
Burj Khalifa,ARIMA,"                               SARIMAX Results                                
==============================================================================
Dep. Variable:                      y   No. Observations:                   28
Model:                        SARIMAX   Log Likelihood                -245.587
Date:                Sun, 26 Oct 2025   AIC                            495.173
Time:                        09:22:04   BIC                            497.837
Sample:                    09-01-2022   HQIC                           495.988
                         - 12-01-2024                                         
Covariance Type:                  opg                                         
==============================================================================
                 coef    std err          z      P>|z|      [0.025      0.975]
------------------------------------------------------------------------------
intercept    2.15e+04    299.855     71.711      0.000    2.09e+04    2.21e+04
sigma2      2.431e+06   7.56e+05      3.216      0.001     9.5e+05    3.91e+06
===================================================================================
Ljung-Box (L1) (Q):                   0.01   Jarque-Bera (JB):                 0.50
Prob(Q):                              0.94   Prob(JB):                         0.78
Heteroskedasticity (H):               1.67   Skew:                             0.23
Prob(H) (two-sided):                  0.45   Kurtosis:                         2.53
===================================================================================

Warnings:
[1] Covariance matrix calculated using the outer product of gradients (complex-step)."
Burj Khalifa,SARIMA,"                                      SARIMAX Results                                       
============================================================================================
Dep. Variable:                                    y   No. Observations:                   28
Model:             SARIMAX(2, 1, 2)x(0, 1, [1], 12)   Log Likelihood                -128.633
Date:                              Sun, 26 Oct 2025   AIC                            269.267
Time:                                      09:22:27   BIC                            273.515
Sample:                                  09-01-2022   HQIC                           269.222
                                       - 12-01-2024                                         
Covariance Type:                                opg                                         
==============================================================================
                 coef    std err          z      P>|z|      [0.025      0.975]
------------------------------------------------------------------------------
ar.L1          0.3784      0.181      2.093      0.036       0.024       0.733
ar.L2         -0.7391      0.166     -4.449      0.000      -1.065      -0.413
ma.L1         -0.7732      0.192     -4.034      0.000      -1.149      -0.398
ma.L2          0.9746      0.506      1.926      0.054      -0.017       1.966
ma.S.L12       0.0261      0.281      0.093      0.926      -0.525       0.577
sigma2       1.65e+06   2.75e-07      6e+12      0.000    1.65e+06    1.65e+06
===================================================================================
Ljung-Box (L1) (Q):                   2.72   Jarque-Bera (JB):                 1.70
Prob(Q):                              0.10   Prob(JB):                         0.43
Heteroskedasticity (H):               1.33   Skew:                             0.75
Prob(H) (two-sided):                  0.76   Kurtosis:                         2.33
===================================================================================

Warnings:
[1] Covariance matrix calculated using the outer product of gradients (complex-step).
[2] Covariance matrix is singular or near-singular, with condition number 2.64e+28. Standard errors may be unstable."
Business Bay,ARIMA,"                               SARIMAX Results                                
==============================================================================
Dep. Variable:                      y   No. Observations:                   28
Model:               SARIMAX(0, 1, 0)   Log Likelihood                -246.289
Date:                Sun, 26 Oct 2025   AIC                            494.578
Time:                        09:22:28   BIC                            495.873
Sample:                    09-01-2022   HQIC                           494.963
                         - 12-01-2024                                         
Covariance Type:                  opg                                         
==============================================================================
                 coef    std err          z      P>|z|      [0.025      0.975]
------------------------------------------------------------------------------
sigma2      4.898e+06    1.2e+06      4.071      0.000    2.54e+06    7.26e+06
===================================================================================
Ljung-Box (L1) (Q):                   0.73   Jarque-Bera (JB):                 0.24
Prob(Q):                              0.39   Prob(JB):                         0.89
Heteroskedasticity (H):               0.21   Skew:                            -0.03
Prob(H) (two-sided):                  0.03   Kurtosis:                         3.46
===================================================================================

Warnings:
[1] Covariance matrix calculated using the outer product of gradients (complex-step)."
Business Bay,SARIMA,"                                      SARIMAX Results                                       
============================================================================================
Dep. Variable:                                    y   No. Observations:                   28
Model:             SARIMAX(1, 1, 2)x(0, 1, [1], 12)   Log Likelihood                -135.455
Date:                              Sun, 26 Oct 2025   AIC                            280.909
Time:                                      09:22:57   BIC                            284.450
Sample:                                  09-01-2022   HQIC                           280.872
                                       - 12-01-2024                                         
Covariance Type:                                opg                                         
==============================================================================
                 coef    std err          z      P>|z|      [0.025      0.975]
------------------------------------------------------------------------------
ar.L1         -0.3183      0.317     -1.005      0.315      -0.939       0.302
ma.L1          0.6875      0.481      1.430      0.153      -0.255       1.630
ma.L2         -0.2926      0.413     -0.709      0.478      -1.101       0.516
ma.S.L12      -0.1945      0.223     -0.873      0.383      -0.632       0.242
sigma2      3.608e+06   1.24e-07   2.91e+13      0.000    3.61e+06    3.61e+06
===================================================================================
Ljung-Box (L1) (Q):                   0.12   Jarque-Bera (JB):                 0.27
Prob(Q):                              0.73   Prob(JB):                         0.87
Heteroskedasticity (H):              12.03   Skew:                             0.18
Prob(H) (two-sided):                  0.02   Kurtosis:                         2.45
===================================================================================

Warnings:
[1] Covariance matrix calculated using the outer product of gradients (complex-step).
[2] Covariance matrix is singular or near-singular, with condition number 1.54e+29. Standard errors may be unstable."
Hadaeq Sheikh Mohammed Bin Rashid,ARIMA,"                               SARIMAX Results                                
==============================================================================
Dep. Variable:                      y   No. Observations:                   28
Model:               SARIMAX(0, 1, 0)   Log Likelihood                -233.763
Date:                Sun, 26 Oct 2025   AIC                            469.526
Time:                        09:23:00   BIC                            470.822
Sample:                    09-01-2022   HQIC                           469.911
                         - 12-01-2024                                         
Covariance Type:                  opg                                         
==============================================================================
                 coef    std err          z      P>|z|      [0.025      0.975]
------------------------------------------------------------------------------
sigma2      1.937e+06   6.31e+05      3.067      0.002    6.99e+05    3.17e+06
===================================================================================
Ljung-Box (L1) (Q):                   7.12   Jarque-Bera (JB):                 0.73
Prob(Q):                              0.01   Prob(JB):                         0.69
Heteroskedasticity (H):               1.23   Skew:                            -0.33
Prob(H) (two-sided):                  0.76   Kurtosis:                         2.53
===================================================================================

Warnings:
[1] Covariance matrix calculated using the outer product of gradients (complex-step)."
Hadaeq Sheikh Mohammed Bin Rashid,SARIMA,"                                      SARIMAX Results                                       
============================================================================================
Dep. Variable:                                    y   No. Observations:                   28
Model:             SARIMAX(0, 1, 0)x(0, 1, [1], 12)   Log Likelihood                -133.023
Date:                              Sun, 26 Oct 2025   AIC                            270.046
Time:                                      09:23:10   BIC                            271.462
Sample:                                  09-01-2022   HQIC                           270.031
                                       - 12-01-2024                                         
Covariance Type:                                opg                                         
==============================================================================
                 coef    std err          z      P>|z|      [0.025      0.975]
------------------------------------------------------------------------------
ma.S.L12      -0.2582      0.243     -1.062      0.288      -0.735       0.218
sigma2      3.172e+06   2.14e+06      1.484      0.138   -1.02e+06    7.36e+06
===================================================================================
Ljung-Box (L1) (Q):                   2.30   Jarque-Bera (JB):                 0.92
Prob(Q):                              0.13   Prob(JB):                         0.63
Heteroskedasticity (H):               3.10   Skew:                             0.15
Prob(H) (two-sided):                  0.24   Kurtosis:                         1.83
===================================================================================

Warnings:
[1] Covariance matrix calculated using the outer product of gradients (complex-step)."
Jabal Ali First,ARIMA,"                               SARIMAX Results                                
==============================================================================
Dep. Variable:                      y   No. Observations:                   28
Model:               SARIMAX(0, 1, 0)   Log Likelihood                -228.246
Date:                Sun, 26 Oct 2025   AIC                            458.491
Time:                        09:23:13   BIC                            459.787
Sample:                    09-01-2022   HQIC                           458.877
                         - 12-01-2024                                         
Covariance Type:                  opg                                         
==============================================================================
                 coef    std err          z      P>|z|      [0.025      0.975]
------------------------------------------------------------------------------
sigma2      1.287e+06   2.53e+05      5.085      0.000    7.91e+05    1.78e+06
===================================================================================
Ljung-Box (L1) (Q):                   2.41   Jarque-Bera (JB):                 7.16
Prob(Q):                              0.12   Prob(JB):                         0.03
Heteroskedasticity (H):               0.10   Skew:                            -0.77
Prob(H) (two-sided):                  0.00   Kurtosis:                         5.00
===================================================================================

Warnings:
[1] Covariance matrix calculated using the outer product of gradients (complex-step)."
Jabal Ali First,SARIMA,"                                      SARIMAX Results                                      
===========================================================================================
Dep. Variable:                                   y   No. Observations:                   28
Model:             SARIMAX(2, 1, 1)x(0, 1, [], 12)   Log Likelihood                -125.272
Date:                             Sun, 26 Oct 2025   AIC                            258.543
Time:                                     09:23:27   BIC                            261.375
Sample:                                 09-01-2022   HQIC                           258.513
                                      - 12-01-2024                                         
Covariance Type:                               opg                                         
==============================================================================
                 coef    std err          z      P>|z|      [0.025      0.975]
------------------------------------------------------------------------------
ar.L1          0.0789      0.272      0.290      0.772      -0.454       0.612
ar.L2         -0.0247      0.217     -0.114      0.910      -0.451       0.401
ma.L1         -0.9893      0.356     -2.779      0.005      -1.687      -0.292
sigma2       9.47e+05   3.64e-07    2.6e+12      0.000    9.47e+05    9.47e+05
===================================================================================
Ljung-Box (L1) (Q):                   0.25   Jarque-Bera (JB):                 0.86
Prob(Q):                              0.62   Prob(JB):                         0.65
Heteroskedasticity (H):               0.53   Skew:                             0.58
Prob(H) (two-sided):                  0.50   Kurtosis:                         2.82
===================================================================================

Warnings:
[1] Covariance matrix calculated using the outer product of gradients (complex-step)."
Madinat Al Mataar,ARIMA,"                               SARIMAX Results                                
==============================================================================
Dep. Variable:                      y   No. Observations:                   28
Model:               SARIMAX(0, 1, 1)   Log Likelihood                -253.349
Date:                Sun, 26 Oct 2025   AIC                            510.699
Time:                        09:23:34   BIC                            513.290
Sample:                    09-01-2022   HQIC                           511.469
                         - 12-01-2024                                         
Covariance Type:                  opg                                         
==============================================================================
                 coef    std err          z      P>|z|      [0.025      0.975]
------------------------------------------------------------------------------
ma.L1         -0.5167      0.174     -2.965      0.003      -0.858      -0.175
sigma2      9.244e+06   2.81e+06      3.292      0.001    3.74e+06    1.47e+07
===================================================================================
Ljung-Box (L1) (Q):                   1.30   Jarque-Bera (JB):                 0.18
Prob(Q):                              0.25   Prob(JB):                         0.92
Heteroskedasticity (H):               4.78   Skew:                            -0.13
Prob(H) (two-sided):                  0.03   Kurtosis:                         3.30
===================================================================================

Warnings:
[1] Covariance matrix calculated using the outer product of gradients (complex-step)."
Madinat Al Mataar,SARIMA,"                                      SARIMAX Results                                       
============================================================================================
Dep. Variable:                                    y   No. Observations:                   28
Model:             SARIMAX(1, 1, 0)x(1, 1, [1], 12)   Log Likelihood                -141.097
Date:                              Sun, 26 Oct 2025   AIC                            290.194
Time:                                      09:24:05   BIC                            293.026
Sample:                                  09-01-2022   HQIC                           290.164
                                       - 12-01-2024                                         
Covariance Type:                                opg                                         
==============================================================================
                 coef    std err          z      P>|z|      [0.025      0.975]
------------------------------------------------------------------------------
ar.L1         -0.5565      0.232     -2.403      0.016      -1.011      -0.103
ar.S.L12      -0.9998      0.108     -9.269      0.000      -1.211      -0.788
ma.S.L12       0.3208      0.563      0.570      0.569      -0.782       1.423
sigma2      7.001e+06   9.79e-08   7.15e+13      0.000       7e+06       7e+06
===================================================================================
Ljung-Box (L1) (Q):                   1.65   Jarque-Bera (JB):                 0.06
Prob(Q):                              0.20   Prob(JB):                         0.97
Heteroskedasticity (H):               0.11   Skew:                            -0.10
Prob(H) (two-sided):                  0.03   Kurtosis:                         2.77
===================================================================================

Warnings:
[1] Covariance matrix calculated using the outer product of gradients (complex-step).
[2] Covariance matrix is singular or near-singular, with condition number 1.2e+29. Standard errors may be unstable."
Madinat Dubai Almelaheyah,ARIMA,"                               SARIMAX Results                                
==============================================================================
Dep. Variable:                      y   No. Observations:                   28
Model:               SARIMAX(0, 1, 0)   Log Likelihood                -237.832
Date:                Sun, 26 Oct 2025   AIC                            477.665
Time:                        09:24:06   BIC                            478.961
Sample:                    09-01-2022   HQIC                           478.050
                         - 12-01-2024                                         
Covariance Type:                  opg                                         
==============================================================================
                 coef    std err          z      P>|z|      [0.025      0.975]
------------------------------------------------------------------------------
sigma2      2.618e+06   6.19e+05      4.231      0.000    1.41e+06    3.83e+06
===================================================================================
Ljung-Box (L1) (Q):                   5.38   Jarque-Bera (JB):                 2.37
Prob(Q):                              0.02   Prob(JB):                         0.31
Heteroskedasticity (H):               4.16   Skew:                             0.73
Prob(H) (two-sided):                  0.05   Kurtosis:                         3.08
===================================================================================

Warnings:
[1] Covariance matrix calculated using the outer product of gradients (complex-step)."
Madinat Dubai Almelaheyah,SARIMA,"                                     SARIMAX Results                                      
==========================================================================================
Dep. Variable:                                  y   No. Observations:                   28
Model:             SARIMAX(0, 1, 0)x(0, 1, 0, 12)   Log Likelihood                -138.124
Date:                            Sun, 26 Oct 2025   AIC                            278.248
Time:                                    09:24:10   BIC                            278.956
Sample:                                09-01-2022   HQIC                           278.240
                                     - 12-01-2024                                         
Covariance Type:                              opg                                         
==============================================================================
                 coef    std err          z      P>|z|      [0.025      0.975]
------------------------------------------------------------------------------
sigma2      5.669e+06   2.74e+06      2.071      0.038    3.04e+05     1.1e+07
===================================================================================
Ljung-Box (L1) (Q):                   2.79   Jarque-Bera (JB):                 0.85
Prob(Q):                              0.10   Prob(JB):                         0.65
Heteroskedasticity (H):               1.66   Skew:                             0.41
Prob(H) (two-sided):                  0.59   Kurtosis:                         2.16
===================================================================================

Warnings:
[1] Covariance matrix calculated using the outer product of gradients (complex-step)."
Marsa Dubai,ARIMA,"                               SARIMAX Results                                
==============================================================================
Dep. Variable:                      y   No. Observations:                   28
Model:               SARIMAX(0, 1, 0)   Log Likelihood                -242.321
Date:                Sun, 26 Oct 2025   AIC                            486.643
Time:                        09:24:12   BIC                            487.939
Sample:                    09-01-2022   HQIC                           487.028
                         - 12-01-2024                                         
Covariance Type:                  opg                                         
==============================================================================
                 coef    std err          z      P>|z|      [0.025      0.975]
------------------------------------------------------------------------------
sigma2      3.651e+06   7.74e+05      4.715      0.000    2.13e+06    5.17e+06
===================================================================================
Ljung-Box (L1) (Q):                   2.66   Jarque-Bera (JB):                 5.10
Prob(Q):                              0.10   Prob(JB):                         0.08
Heteroskedasticity (H):               0.58   Skew:                            -0.70
Prob(H) (two-sided):                  0.43   Kurtosis:                         4.60
===================================================================================

Warnings:
[1] Covariance matrix calculated using the outer product of gradients (complex-step)."
Marsa Dubai,SARIMA,"                                      SARIMAX Results                                       
============================================================================================
Dep. Variable:                                    y   No. Observations:                   28
Model:             SARIMAX(0, 1, 0)x(0, 1, [1], 12)   Log Likelihood                -139.639
Date:                              Sun, 26 Oct 2025   AIC                            283.278
Time:                                      09:24:24   BIC                            284.694
Sample:                                  09-01-2022   HQIC                           283.263
                                       - 12-01-2024                                         
Covariance Type:                                opg                                         
==============================================================================
                 coef    std err          z      P>|z|      [0.025      0.975]
------------------------------------------------------------------------------
ma.S.L12      -0.4314      0.239     -1.802      0.072      -0.901       0.038
sigma2      7.735e+06   3.69e+06      2.097      0.036    5.04e+05     1.5e+07
===================================================================================
Ljung-Box (L1) (Q):                   1.40   Jarque-Bera (JB):                 0.27
Prob(Q):                              0.24   Prob(JB):                         0.87
Heteroskedasticity (H):               1.02   Skew:                            -0.30
Prob(H) (two-sided):                  0.99   Kurtosis:                         2.72
===================================================================================

Warnings:
[1] Covariance matrix calculated using the outer product of gradients (complex-step)."
Me'Aisem First,ARIMA,"                               SARIMAX Results                                
==============================================================================
Dep. Variable:                      y   No. Observations:                   28
Model:               SARIMAX(2, 1, 1)   Log Likelihood                -223.683
Date:                Sun, 26 Oct 2025   AIC                            457.365
Time:                        09:24:32   BIC                            463.844
Sample:                    09-01-2022   HQIC                           459.292
                         - 12-01-2024                                         
Covariance Type:                  opg                                         
==============================================================================
                 coef    std err          z      P>|z|      [0.025      0.975]
------------------------------------------------------------------------------
intercept    458.6048    371.098      1.236      0.217    -268.733    1185.943
ar.L1         -0.6961      0.185     -3.754      0.000      -1.059      -0.333
ar.L2         -0.4818      0.155     -3.108      0.002      -0.786      -0.178
ma.L1          0.7826      0.249      3.146      0.002       0.295       1.270
sigma2      7.687e+05   3.14e+05      2.452      0.014    1.54e+05    1.38e+06
===================================================================================
Ljung-Box (L1) (Q):                   0.25   Jarque-Bera (JB):                 1.31
Prob(Q):                              0.62   Prob(JB):                         0.52
Heteroskedasticity (H):               0.60   Skew:                             0.51
Prob(H) (two-sided):                  0.46   Kurtosis:                         2.67
===================================================================================

Warnings:
[1] Covariance matrix calculated using the outer product of gradients (complex-step)."
Me'Aisem First,SARIMA,"                                     SARIMAX Results                                      
==========================================================================================
Dep. Variable:                                  y   No. Observations:                   28
Model:             SARIMAX(0, 1, 1)x(0, 1, 1, 12)   Log Likelihood                -128.045
Date:                            Sun, 26 Oct 2025   AIC                            262.091
Time:                                    09:24:47   BIC                            264.215
Sample:                                09-01-2022   HQIC                           262.068
                                     - 12-01-2024                                         
Covariance Type:                              opg                                         
==============================================================================
                 coef    std err          z      P>|z|      [0.025      0.975]
------------------------------------------------------------------------------
ma.L1         -0.3520      0.203     -1.732      0.083      -0.750       0.046
ma.S.L12      -0.6306      0.473     -1.332      0.183      -1.558       0.297
sigma2      1.255e+06   9.93e+05      1.264      0.206   -6.91e+05     3.2e+06
===================================================================================
Ljung-Box (L1) (Q):                   0.46   Jarque-Bera (JB):                 0.77
Prob(Q):                              0.50   Prob(JB):                         0.68
Heteroskedasticity (H):               2.09   Skew:                            -0.12
Prob(H) (two-sided):                  0.44   Kurtosis:                         1.92
===================================================================================

Warnings:
[1] Covariance matrix calculated using the outer product of gradients (complex-step)."
Nadd Hessa,ARIMA,"                               SARIMAX Results                                
==============================================================================
Dep. Variable:                      y   No. Observations:                   28
Model:               SARIMAX(0, 1, 0)   Log Likelihood                -230.879
Date:                Sun, 26 Oct 2025   AIC                            463.759
Time:                        09:24:50   BIC                            465.054
Sample:                    09-01-2022   HQIC                           464.144
                         - 12-01-2024                                         
Covariance Type:                  opg                                         
==============================================================================
                 coef    std err          z      P>|z|      [0.025      0.975]
------------------------------------------------------------------------------
sigma2      1.564e+06   3.17e+05      4.939      0.000    9.44e+05    2.19e+06
===================================================================================
Ljung-Box (L1) (Q):                   1.12   Jarque-Bera (JB):                 4.25
Prob(Q):                              0.29   Prob(JB):                         0.12
Heteroskedasticity (H):               0.18   Skew:                             0.72
Prob(H) (two-sided):                  0.02   Kurtosis:                         4.30
===================================================================================

Warnings:
[1] Covariance matrix calculated using the outer product of gradients (complex-step)."
Nadd Hessa,SARIMA,"                                      SARIMAX Results                                      
===========================================================================================
Dep. Variable:                                   y   No. Observations:                   28
Model:             SARIMAX(0, 1, 1)x(2, 1, [], 12)   Log Likelihood                -126.449
Date:                             Sun, 26 Oct 2025   AIC                            260.899
Time:                                     09:25:22   BIC                            263.731
Sample:                                 09-01-2022   HQIC                           260.868
                                      - 12-01-2024                                         
Covariance Type:                               opg                                         
==============================================================================
                 coef    std err          z      P>|z|      [0.025      0.975]
------------------------------------------------------------------------------
ma.L1          0.1128      0.389      0.290      0.772      -0.649       0.875
ar.S.L12      -1.2156      0.336     -3.618      0.000      -1.874      -0.557
ar.S.L24      -0.9979      0.002   -580.489      0.000      -1.001      -0.995
sigma2      9066.7416   1.32e-07   6.85e+10      0.000    9066.742    9066.742
===================================================================================
Ljung-Box (L1) (Q):                   0.01   Jarque-Bera (JB):                 0.24
Prob(Q):                              0.90   Prob(JB):                         0.89
Heteroskedasticity (H):               0.08   Skew:                            -0.04
Prob(H) (two-sided):                  0.02   Kurtosis:                         2.38
===================================================================================

Warnings:
[1] Covariance matrix calculated using the outer product of gradients (complex-step).
[2] Covariance matrix is singular or near-singular, with condition number 6.05e+28. Standard errors may be unstable."
Palm Jumeirah,ARIMA,"                               SARIMAX Results                                
==============================================================================
Dep. Variable:                      y   No. Observations:                   28
Model:               SARIMAX(0, 0, 1)   Log Likelihood                -259.082
Date:                Sun, 26 Oct 2025   AIC                            524.163
Time:                        09:25:27   BIC                            528.160
Sample:                    09-01-2022   HQIC                           525.385
                         - 12-01-2024                                         
Covariance Type:                  opg                                         
==============================================================================
                 coef    std err          z      P>|z|      [0.025      0.975]
------------------------------------------------------------------------------
intercept   2.014e+04   1046.245     19.246      0.000    1.81e+04    2.22e+04
ma.L1          0.5951      0.189      3.157      0.002       0.226       0.965
sigma2      6.277e+06   1.53e+06      4.111      0.000    3.28e+06    9.27e+06
===================================================================================
Ljung-Box (L1) (Q):                   0.00   Jarque-Bera (JB):                14.62
Prob(Q):                              0.99   Prob(JB):                         0.00
Heteroskedasticity (H):               0.18   Skew:                             1.38
Prob(H) (two-sided):                  0.02   Kurtosis:                         5.23
===================================================================================

Warnings:
[1] Covariance matrix calculated using the outer product of gradients (complex-step)."
Palm Jumeirah,SARIMA,"                                      SARIMAX Results                                       
============================================================================================
Dep. Variable:                                    y   No. Observations:                   28
Model:             SARIMAX(1, 1, 0)x(2, 1, [1], 12)   Log Likelihood                -136.741
Date:                              Sun, 26 Oct 2025   AIC                            283.482
Time:                                      09:25:53   BIC                            287.022
Sample:                                  09-01-2022   HQIC                           283.444
                                       - 12-01-2024                                         
Covariance Type:                                opg                                         
==============================================================================
                 coef    std err          z      P>|z|      [0.025      0.975]
------------------------------------------------------------------------------
ar.L1          0.0564      0.360      0.157      0.875      -0.648       0.761
ar.S.L12      -0.9868      0.395     -2.501      0.012      -1.760      -0.213
ar.S.L24      -0.9933      0.224     -4.439      0.000      -1.432      -0.555
ma.S.L12      -0.5526     29.510     -0.019      0.985     -58.392      57.286
sigma2      7.498e+04      0.000    1.6e+08      0.000     7.5e+04     7.5e+04
===================================================================================
Ljung-Box (L1) (Q):                   1.11   Jarque-Bera (JB):                 7.36
Prob(Q):                              0.29   Prob(JB):                         0.03
Heteroskedasticity (H):               0.30   Skew:                             1.40
Prob(H) (two-sided):                  0.21   Kurtosis:                         4.97
===================================================================================

Warnings:
[1] Covariance matrix calculated using the outer product of gradients (complex-step).
[2] Covariance matrix is singular or near-singular, with condition number 2.8e+25. Standard errors may be unstable."
Wadi Al Safa 5,ARIMA,"                               SARIMAX Results                                
==============================================================================
Dep. Variable:                      y   No. Observations:                   28
Model:               SARIMAX(0, 1, 0)   Log Likelihood                -237.222
Date:                Sun, 26 Oct 2025   AIC                            476.444
Time:                        09:25:54   BIC                            477.740
Sample:                    09-01-2022   HQIC                           476.830
                         - 12-01-2024                                         
Covariance Type:                  opg                                         
==============================================================================
                 coef    std err          z      P>|z|      [0.025      0.975]
------------------------------------------------------------------------------
sigma2      2.503e+06   5.04e+05      4.964      0.000    1.51e+06    3.49e+06
===================================================================================
Ljung-Box (L1) (Q):                   3.02   Jarque-Bera (JB):                 3.48
Prob(Q):                              0.08   Prob(JB):                         0.18
Heteroskedasticity (H):               1.18   Skew:                            -0.13
Prob(H) (two-sided):                  0.81   Kurtosis:                         4.74
===================================================================================

Warnings:
[1] Covariance matrix calculated using the outer product of gradients (complex-step)."
Wadi Al Safa 5,SARIMA,"                                     SARIMAX Results                                      
==========================================================================================
Dep. Variable:                                  y   No. Observations:                   28
Model:             SARIMAX(1, 1, 0)x(1, 1, 0, 12)   Log Likelihood                -136.376
Date:                            Sun, 26 Oct 2025   AIC                            278.753
Time:                                    09:26:07   BIC                            280.877
Sample:                                09-01-2022   HQIC                           278.730
                                     - 12-01-2024                                         
Covariance Type:                              opg                                         
==============================================================================
                 coef    std err          z      P>|z|      [0.025      0.975]
------------------------------------------------------------------------------
ar.L1         -0.3992      0.223     -1.790      0.074      -0.836       0.038
ar.S.L12      -0.4329      0.286     -1.513      0.130      -0.994       0.128
sigma2      5.032e+06   2.52e+06      2.000      0.045    1.02e+05    9.96e+06
===================================================================================
Ljung-Box (L1) (Q):                   0.63   Jarque-Bera (JB):                 0.00
Prob(Q):                              0.43   Prob(JB):                         1.00
Heteroskedasticity (H):               0.24   Skew:                             0.02
Prob(H) (two-sided):                  0.14   Kurtosis:                         3.03
===================================================================================

Warnings:
[1] Covariance matrix calculated using the outer product of gradients (complex-step)."
