,ds,area_name_en,yhat,yhat_lower,yhat_upper,growth_factor,growth_factor_lower,growth_factor_upper
22,2025-09-30,Al Barsha South Fifth,14513.260714893617,10872.135161627246,18154.38626815999,1.0,0.7491173331207494,1.2508826668792508
23,2025-12-31,Al Barsha South Fifth,14513.260714893617,9363.931575161076,19662.58985462616,1.0,0.6451983299350323,1.3548016700649677
24,2026-03-31,Al Barsha South Fifth,14513.260714893617,8206.646259898924,20819.87516988831,1.0,0.5654584742267602,1.4345415257732397
25,2026-06-30,Al Barsha South Fifth,14513.260714893617,7231.009608360874,21795.51182142636,1.0,0.4982346662414986,1.5017653337585015
26,2026-09-30,Al Barsha South Fifth,14513.260714893617,6371.456463178481,22655.064966608752,1.0,0.4390093024815605,1.5609906975184396
27,2026-12-31,Al Barsha South Fifth,14513.260714893617,5594.361019981916,23432.160409805318,1.0,0.3854654808371864,1.6145345191628135
28,2027-03-31,Al Barsha South Fifth,14513.260714893617,4879.748008588333,24146.7734211989,1.0,0.3362268551808415,1.6637731448191584
29,2027-06-30,Al Barsha South Fifth,14513.260714893617,4214.602435428535,24811.918994358697,1.0,0.29039665987006474,1.709603340129935
30,2027-09-30,Al Barsha South Fifth,14513.260714893617,3589.884055094504,25436.637374692727,1.0,0.24735199936224797,1.7526480006377518
31,2027-12-31,Al Barsha South Fifth,14513.260714893617,2999.0107199311406,26027.51070985609,1.0,0.2066393472042801,1.7933606527957198
32,2028-03-31,Al Barsha South Fifth,14513.260714893617,2437.013440133849,26589.507989653386,1.0,0.1679163275578015,1.8320836724421987
33,2028-06-30,Al Barsha South Fifth,14513.260714893617,1900.0318049042307,27126.489624883005,1.0,0.13091694845352042,1.8690830515464798
55,2025-06-30,Al Barsha South Fourth,14424.595658279111,13047.85827274933,15801.333043808892,1.0215987738496664,0.924093564116944,1.1191039835823886
56,2025-09-30,Al Barsha South Fourth,14729.562331567127,12782.561649124835,16676.56301400942,1.0431975476993325,0.9053043576932837,1.1810907377053816
57,2025-12-31,Al Barsha South Fourth,15034.529004855143,12649.94990443802,17419.108105272266,1.0647963215489988,0.8959123442892645,1.2336802988087332
58,2026-03-31,Al Barsha South Fourth,15339.49567814316,12586.020907083597,18092.970449202723,1.0863950953986652,0.8913846759332207,1.28140551486411
59,2026-06-30,Al Barsha South Fourth,15644.462351431175,12565.983970221248,18722.940732641102,1.1079938692483315,0.8899655921255903,1.3260221463710726
60,2026-09-30,Al Barsha South Fourth,15949.429024719191,12577.124920357863,19321.73312908052,1.1295926430979977,0.8907546319897721,1.3684306542062235
61,2026-12-31,Al Barsha South Fourth,16254.395698007207,12611.890955250154,19896.90044076426,1.151191416947664,0.8932168804616863,1.4091659534336418
62,2027-03-31,Al Barsha South Fourth,16559.362371295225,12665.36100641064,20453.36373617981,1.1727901907973306,0.8970038107852327,1.4485765708094283
63,2027-06-30,Al Barsha South Fourth,16864.329044583243,12734.1168879939,20994.541201172586,1.194388964646997,0.9018733354488302,1.4869045938451637
64,2027-09-30,Al Barsha South Fourth,17169.29571787126,12815.669839691813,21522.921596050706,1.2159877384966633,0.9076491920088433,1.5243262849844832
65,2027-12-31,Al Barsha South Fourth,17474.26239115928,12908.141048502126,22040.38373381643,1.2375865123463299,0.9141983165579805,1.560974708134679
66,2028-03-31,Al Barsha South Fourth,17779.229064447296,13010.070863613051,22548.38726528154,1.2591852861959962,0.9214173316765275,1.596953240715465
89,2025-09-30,Al Barshaa South Third,14383.63529528309,12002.811410110078,16764.459180456102,1.0205606108314116,0.8516342560780348,1.1894869655847884
90,2025-12-31,Al Barshaa South Third,14383.63529528309,10009.2237586823,18758.04683188388,1.0205606108314116,0.7101834343963765,1.3309377872664465
91,2026-03-31,Al Barshaa South Third,14383.63529528309,8673.763999808747,20093.50659075743,1.0205606108314116,0.6154286940767502,1.425692527586073
92,2026-06-30,Al Barshaa South Third,14383.63529528309,7596.1627074771095,21171.10788308907,1.0205606108314116,0.5389697592833086,1.5021514623795145
93,2026-09-30,Al Barshaa South Third,14383.63529528309,6667.617018376705,22099.653572189472,1.0205606108314116,0.4730867515318574,1.5680344701309656
94,2026-12-31,Al Barshaa South Third,14383.63529528309,5839.392088954683,22927.878501611496,1.0205606108314116,0.41432179242906847,1.6267994292337546
95,2027-03-31,Al Barshaa South Third,14383.63529528309,5084.643635526376,23682.626955039803,1.0205606108314116,0.3607702022474505,1.6803510194153726
96,2027-06-30,Al Barshaa South Third,14383.63529528309,4386.715779374168,24380.55481119201,1.0205606108314116,0.3112501981199448,1.7298710235428783
97,2027-09-30,Al Barshaa South Third,14383.63529528309,3734.430924678849,25032.83966588733,1.0205606108314116,0.2649686972282864,1.7761525244345369
98,2027-12-31,Al Barshaa South Third,14383.63529528309,3119.856726515316,25647.41386405086,1.0205606108314116,0.22136287671052865,1.8197583449522943
99,2028-03-31,Al Barshaa South Third,14383.63529528309,2537.1226622096765,26230.147928356502,1.0205606108314116,0.18001620596901846,1.8611050156938045
100,2028-06-30,Al Barshaa South Third,14383.63529528309,1981.7396544988278,26785.53093606735,1.0205606108314116,0.14061017196170147,1.9005110497011215
123,2025-09-30,Al Hebiah Fourth,11679.797930258717,9956.127539420366,13403.468321097069,1.0,0.8524229270805398,1.1475770729194603
124,2025-12-31,Al Hebiah Fourth,11679.797930258717,9242.159886474188,14117.435974043246,1.0,0.7912945019819762,1.2087054980180238
125,2026-03-31,Al Hebiah Fourth,11679.797930258717,8694.31323782459,14665.282622692845,1.0,0.744389011671198,1.255610988328802
126,2026-06-30,Al Hebiah Fourth,11679.797930258717,8232.457148582016,15127.138711935419,1.0,0.7048458541610797,1.2951541458389204
127,2026-09-30,Al Hebiah Fourth,11679.797930258717,7825.553765540533,15534.042094976901,1.0,0.6700076330316436,1.3299923669683564
128,2026-12-31,Al Hebiah Fourth,11679.797930258717,7457.6849879611045,15901.910872556331,1.0,0.6385114736138171,1.361488526386183
129,2027-03-31,Al Hebiah Fourth,11679.797930258717,7119.394733854935,16240.2011266625,1.0,0.6095477658402635,1.3904522341597365
130,2027-06-30,Al Hebiah Fourth,11679.797930258717,6804.521842689659,16555.074017827777,1.0,0.5825890039639524,1.4174109960360477
131,2027-09-30,Al Hebiah Fourth,11679.797930258717,6508.786757743665,16850.80910277377,1.0,0.5572687812416194,1.4427312187583805
132,2027-12-31,Al Hebiah Fourth,11679.797930258717,6229.073559816902,17130.522300700533,1.0,0.5333203191537512,1.4666796808462488
133,2028-03-31,Al Hebiah Fourth,11679.797930258717,5963.029981602662,17396.56587891477,1.0,0.5105422214672318,1.489457778532768
134,2028-06-30,Al Hebiah Fourth,11679.797930258717,5708.828545390462,17650.767315126974,1.0,0.48877802334239584,1.5112219766576043
157,2025-09-30,Al Khairan First,28774.823567182917,27278.48870006044,30271.158434305395,1.1986858046773887,1.136352308172161,1.2610193011826163
158,2025-12-31,Al Khairan First,27793.871437876674,26287.708855094683,29300.034020658666,1.1578218393529065,1.095078945263504,1.2205647334423093
159,2026-03-31,Al Khairan First,26426.381234813252,24687.142322688705,28165.6201469378,1.1008556831358105,1.0284034232622203,1.1733079430094004
160,2026-06-30,Al Khairan First,26600.402611668178,24817.022846280226,28383.78237705613,1.1081049701265502,1.0338139148181367,1.182396025434964
161,2026-09-30,Al Khairan First,30433.447526522923,28327.843346279784,32539.051706766062,1.2677798511001837,1.180065747997729,1.355493954202638
162,2026-12-31,Al Khairan First,29782.59476852729,27664.460607511348,31900.728929543235,1.2406669841829296,1.1524309140195765,1.328903054346283
163,2027-03-31,Al Khairan First,29083.090635859116,26917.48016945598,31248.701102262254,1.2115274250059698,1.1213136129741639,1.3017412370377757
164,2027-06-30,Al Khairan First,29457.600187037046,27260.636974880785,31654.563399193306,1.2271285383078447,1.135608650804049,1.3186484258116404
165,2027-09-30,Al Khairan First,33056.47513623497,30676.017521229434,35436.93275124051,1.3770484953960456,1.2778846987847052,1.476212292007386
166,2027-12-31,Al Khairan First,32171.738575232364,29788.98832267049,34554.48882779424,1.3401926253999419,1.2409333233517867,1.4394519274480968
167,2028-03-31,Al Khairan First,31463.394007135077,29044.64748733094,33882.14052693921,1.310684796216693,1.2099259814273413,1.4114436110060447
168,2028-06-30,Al Khairan First,31953.997203940165,29518.48155910772,34389.51284877261,1.3311220748803334,1.2296647010856985,1.4325794486749686
191,2025-09-30,Al Merkadh,20734.856679810724,18604.54568230501,22865.167677316436,1.0,0.8972594298382602,1.1027405701617399
192,2025-12-31,Al Merkadh,20734.856679810724,17722.141975065588,23747.57138455586,1.0,0.854702892271323,1.1452971077286769
193,2026-03-31,Al Merkadh,20734.856679810724,17045.04979620809,24424.663563413356,1.0,0.8220481124812716,1.1779518875187285
194,2026-06-30,Al Merkadh,20734.856679810724,16474.234684799296,24995.478674822152,1.0,0.7945188596765203,1.2054811403234797
195,2026-09-30,Al Merkadh,20734.856679810724,15971.336476172564,25498.376883448884,1.0,0.7702651010712632,1.2297348989287369
196,2026-12-31,Al Merkadh,20734.856679810724,15516.68174248228,25953.031617139168,1.0,0.748338027221123,1.2516619727788771
197,2027-03-31,Al Merkadh,20734.856679810724,15098.583565184668,26371.12979443678,1.0,0.7281740017950533,1.2718259982049467
198,2027-06-30,Al Merkadh,20734.856679810724,14709.427270320451,26760.286089300997,1.0,0.709405784542646,1.290594215457354
199,2027-09-30,Al Merkadh,20734.856679810724,14343.923687293585,27125.78967232786,1.0,0.6917782895147806,1.3082217104852194
200,2027-12-31,Al Merkadh,20734.856679810724,13998.221803187393,27471.491556434055,1.0,0.6751057901845683,1.3248942098154317
201,2028-03-31,Al Merkadh,20734.856679810724,13669.414414316536,27800.298945304912,1.0,0.6592480780263255,1.3407519219736745
202,2028-06-30,Al Merkadh,20734.856679810724,13355.242912605463,28114.470447015985,1.0,0.6440962249625434,1.3559037750374567
221,2024-09-30,Al Thanyah Fifth,15745.049509616227,14391.947774892908,17098.151244339544,1.021257641292302,0.9334925640730726,1.1090227185115313
222,2024-12-31,Al Thanyah Fifth,16914.330704755852,15000.755880239572,18827.90552927213,1.0970997245214735,0.9729811620153171,1.2212182870276296
223,2025-03-31,Al Thanyah Fifth,17155.15373455097,14811.520890333106,19498.786578768835,1.1127200221411933,0.9607069751781263,1.2647330691042602
224,2025-06-30,Al Thanyah Fifth,17593.60303877639,14887.428345979837,20299.777731572944,1.141158783288691,0.9656304953654039,1.3166870712119783
225,2025-09-30,Al Thanyah Fifth,17941.566788350152,14642.950518535612,21240.18305816469,1.1637284575172726,0.949773139740611,1.377683775293934
226,2025-12-31,Al Thanyah Fifth,18289.530537923914,14489.7467120941,22089.31436375373,1.186298131745854,0.9398360126513692,1.432760250840339
227,2026-03-31,Al Thanyah Fifth,18637.494287497677,14395.343305909382,22879.645269085973,1.2088678059744355,0.9337128054889349,1.4840228064599366
228,2026-06-30,Al Thanyah Fifth,18985.45803707144,14342.901330024859,23628.01474411802,1.2314374802030172,0.9303113065883549,1.5325636538176794
229,2026-09-30,Al Thanyah Fifth,19333.4217866452,14322.351980137228,24344.491593153176,1.2540071544315987,0.9289784317324509,1.5790358771307464
230,2026-12-31,Al Thanyah Fifth,19681.385536218964,14327.106085793488,25035.664986644442,1.2765768286601802,0.9292867932098792,1.6238668641104814
231,2027-03-31,Al Thanyah Fifth,20029.349285792727,14352.57236038856,25706.126211196894,1.2991465028887619,0.9309385903356729,1.6673544154418507
232,2027-06-30,Al Thanyah Fifth,20377.31303536649,14395.399956062021,26359.226114670957,1.3217161771173433,0.9337164799391948,1.7097158742954919
255,2025-09-30,Al Yelayiss 2,14222.745936181396,12624.94560074723,15820.546271615562,1.0309993228151921,0.9151756224398766,1.1468230231905079
256,2025-12-31,Al Yelayiss 2,14259.148676187178,11999.517771851904,16518.779580522452,1.0336381381651243,0.8698386902501154,1.1974375860801332
257,2026-03-31,Al Yelayiss 2,14814.979789914963,12061.309290950368,17568.65028887956,1.0739300413197144,0.8743179247546266,1.273542157884802
258,2026-06-30,Al Yelayiss 2,14615.356817592643,11461.81636609008,17768.897269095207,1.0594594777445678,0.8308610000273751,1.2880579554617608
259,2026-09-30,Al Yelayiss 2,14730.422806433668,11527.752750296495,17933.09286257084,1.067800550355052,0.8356406936091019,1.2999604071010022
260,2026-12-31,Al Yelayiss 2,15023.567421782234,11772.510117197711,18274.624726366757,1.0890504483190198,0.8533830255512932,1.3247178710867464
261,2027-03-31,Al Yelayiss 2,16042.28737031201,12749.873682651905,19334.701057972114,1.1628969180362816,0.9242315929551527,1.4015622431174104
262,2027-06-30,Al Yelayiss 2,15973.726272414533,12649.886556107329,19297.565988721737,1.1579269603487197,0.9169835790891767,1.3988703416082624
263,2027-09-30,Al Yelayiss 2,16091.18420972676,12687.99751382541,19494.370905628108,1.1664414240374865,0.9197462222366736,1.4131366258382996
264,2027-12-31,Al Yelayiss 2,16381.549702821463,12900.824359646747,19862.27504599618,1.187489864900652,0.9351739276110975,1.4398058021902063
265,2028-03-31,Al Yelayiss 2,17376.42117654323,13826.758676748976,20926.083676337483,1.2596075713054309,1.002294416030653,1.5169207265802087
266,2028-06-30,Al Yelayiss 2,17315.584214764545,13708.527749744893,20922.6406797842,1.2551975321556492,0.9937239187283756,1.5166711455829232
289,2025-09-30,Burj Khalifa,21607.478500400965,19010.65287862087,24204.30412218106,1.0,0.8798182017521431,1.120181798247857
290,2025-12-31,Burj Khalifa,21607.478500400965,17935.012486961605,25279.944513840324,1.0,0.8300372709674935,1.1699627290325065
291,2026-03-31,Burj Khalifa,21607.478500400965,17109.644585081194,26105.312415720735,1.0,0.7918390192897193,1.2081609807102807
292,2026-06-30,Burj Khalifa,21607.478500400965,16413.82725684077,26801.12974396116,1.0,0.759636403504286,1.240363596495714
293,2026-09-30,Burj Khalifa,21607.478500400965,15800.79988438751,27414.15711641442,1.0,0.7312653294596266,1.2687346705403735
294,2026-12-31,Burj Khalifa,21607.478500400965,15246.580776054067,27968.376224747863,1.0,0.7056159179226368,1.294384082077363
295,2027-03-31,Burj Khalifa,21607.478500400965,14736.923706970152,28478.033293831777,1.0,0.6820288497196322,1.317971150280368
296,2027-06-30,Burj Khalifa,21607.478500400965,14262.546473522247,28952.41052727968,1.0,0.660074541934987,1.3399254580650128
297,2027-09-30,Burj Khalifa,21607.478500400965,13817.001635060673,29397.955365741254,1.0,0.6394546052564289,1.360545394743571
298,2027-12-31,Burj Khalifa,21607.478500400965,13395.594849292902,29819.362151509027,1.0,0.6199517842419384,1.3800482157580616
299,2028-03-31,Burj Khalifa,21607.478500400965,12994.782266975019,30220.174733826912,1.0,0.6014020685816662,1.3985979314183339
300,2028-06-30,Burj Khalifa,21607.478500400965,12611.810669761426,30603.1463310405,1.0,0.5836780385794387,1.4163219614205613
323,2025-09-30,Business Bay,24672.58325966481,22331.210179478552,27013.95633985107,1.0602783312614337,0.9596602842497624,1.160896378273105
324,2025-12-31,Business Bay,25555.726356508974,22897.953101505558,28213.49961151239,1.0982304775418676,0.984015465598097,1.2124454894856382
325,2026-03-31,Business Bay,26155.674176683016,23405.921588635414,28905.42676473062,1.1240126044850969,1.005844877386847,1.2421803315833466
326,2026-06-30,Business Bay,26755.62199685706,23916.86876419707,29594.37522951705,1.149794731428326,1.0278022951799366,1.2717871676767152
327,2026-09-30,Business Bay,27355.5698170311,24430.522717170898,30280.616916891304,1.1755768583715551,1.0498760338871145,1.3012776828559955
328,2026-12-31,Business Bay,27955.517637205143,24946.65054860458,30964.384725805707,1.2013589853147841,1.0720560849207135,1.3306618857088548
329,2027-03-31,Business Bay,28555.465457379185,25465.050958104584,31645.879956653785,1.2271411122580134,1.0943337976079166,1.35994842690811
330,2027-06-30,Business Bay,29155.413277553227,25985.548548926825,32325.27800617963,1.2529232392012424,1.116701634458013,1.3891448439444718
331,2027-09-30,Business Bay,29755.36109772727,26507.989388444086,33002.73280701045,1.2787053661444716,1.1391529803781528,1.4182577519107902
332,2027-12-31,Business Bay,30355.30891790131,27032.23750146804,33678.38033433458,1.3044874930877006,1.1616819919775463,1.4472929941978547
333,2028-03-31,Business Bay,30955.256738075353,27558.172067482217,34352.341408668486,1.3302696200309299,1.1842834771214978,1.4762557629403616
334,2028-06-30,Business Bay,31555.204558249396,28085.685156424133,35024.723960074654,1.3560517469741589,1.2069527976290213,1.5051506963192964
357,2025-09-30,Hadaeq Sheikh Mohammed Bin Rashid,24130.40790496746,22870.75439669188,25390.06141324304,1.012729753218851,0.9598633204755167,1.0655961859621856
358,2025-12-31,Hadaeq Sheikh Mohammed Bin Rashid,25006.576263859464,23225.15718856529,26787.99533915364,1.0495016871775888,0.9747372609976802,1.1242661133574976
359,2026-03-31,Hadaeq Sheikh Mohammed Bin Rashid,26065.422435642336,23883.638991539225,28247.20587974545,1.0939404312912202,1.002373101902285,1.1855077606801552
360,2026-06-30,Hadaeq Sheikh Mohammed Bin Rashid,26885.991731081293,24366.686369148956,29405.29709301363,1.1283789266263027,1.0226461305823766,1.2341117226702287
361,2026-09-30,Hadaeq Sheikh Mohammed Bin Rashid,27525.79134682796,24882.15494018577,30169.427753470147,1.1552306943011976,1.044279845221354,1.2661815433810415
362,2026-12-31,Hadaeq Sheikh Mohammed Bin Rashid,28165.590962574624,25403.213835101436,30927.968090047812,1.1820824619760928,1.066148180316999,1.2980167436351866
363,2027-03-31,Hadaeq Sheikh Mohammed Bin Rashid,28805.39057832129,25929.170604423252,31681.61055221933,1.2089342296509877,1.0882220744383417,1.3296463848636337
364,2027-06-30,Hadaeq Sheikh Mohammed Bin Rashid,29445.190194067956,26459.464941786187,32430.915446349725,1.235785997325883,1.1104780120721338,1.3610939825796318
365,2027-09-30,Hadaeq Sheikh Mohammed Bin Rashid,30084.989809814622,26993.635862759056,33176.343756870185,1.2626377650007778,1.1328966461501007,1.392378883851455
366,2027-12-31,Hadaeq Sheikh Mohammed Bin Rashid,30724.78942556129,27531.29867563903,33918.280175483545,1.2894895326756728,1.1554618315355825,1.4235172338157631
367,2028-03-31,Hadaeq Sheikh Mohammed Bin Rashid,31364.589041307954,28072.12839405611,34657.0496885598,1.316341300350568,1.1781599288666764,1.4545226718344593
368,2028-06-30,Hadaeq Sheikh Mohammed Bin Rashid,32004.38865705462,28615.847517040966,35392.929797068275,1.343193068025463,1.2009792916975661,1.4854068443533597
391,2025-09-30,Jabal Ali First,13865.298352449088,12433.418349482112,15297.178355416065,1.0193039701934632,0.914039666839539,1.1245682735473874
392,2025-12-31,Jabal Ali First,14127.884699550583,12102.900579663858,16152.868819437308,1.0386079403869264,0.8897417349500512,1.1874741458238018
393,2026-03-31,Jabal Ali First,14390.471046652077,11910.3821311714,16870.559962132756,1.0579119105803898,0.87558878894805,1.2402350322127296
394,2026-06-30,Jabal Ali First,14653.057393753572,11789.29738781962,17516.817399687523,1.077215880773853,0.8666872740660045,1.2877444874817014
395,2026-09-30,Jabal Ali First,14915.643740855066,11713.862718598308,18117.424763111827,1.0965198509673162,0.8611417130637825,1.33189798887085
396,2026-12-31,Jabal Ali First,15178.230087956561,11670.854707792607,18685.605468120513,1.1158238211607794,0.8579799898141252,1.3736676525074336
397,2027-03-31,Jabal Ali First,15440.816435058056,11652.418039921009,19229.214830195102,1.1351277913542426,0.8566246227472969,1.4136309599611885
398,2027-06-30,Jabal Ali First,15703.40278215955,11653.4345423861,19753.371021933,1.154431761547706,0.8566993506739553,1.4521641724214565
399,2027-09-30,Jabal Ali First,15965.989129261045,11670.349120360117,20261.629138161974,1.1737357317411692,0.8579428216793965,1.4895286418029419
400,2027-12-31,Jabal Ali First,16228.57547636254,11700.573330938238,20756.57762178684,1.1930397019346324,0.8601647470253304,1.5259146568439343
401,2028-03-31,Jabal Ali First,16491.161823464034,11742.153108809598,21240.17053811847,1.2123436721280956,0.8632214740849795,1.5614658701712119
402,2028-06-30,Jabal Ali First,16753.748170565526,11793.570339604172,21713.92600152688,1.2316476423215588,0.8670013990568792,1.5962938855862383
421,2024-09-30,Madinat Al Mataar,16171.015126549597,13974.073437294886,18367.956815804308,1.252440744689367,1.0822882054828578,1.4225932838958764
422,2024-12-31,Madinat Al Mataar,17301.93646355629,14194.99173086942,20408.881196243157,1.3400302961443211,1.099398267526256,1.5806623247623863
423,2025-03-31,Madinat Al Mataar,19198.362220331303,15393.147593275948,23003.576847386656,1.4869079577181978,1.1921951147756684,1.7816208006607273
424,2025-06-30,Madinat Al Mataar,19370.423978598006,14976.540600088585,23764.307357107427,1.5002340943255597,1.1599290159125408,1.8405391727385783
425,2025-09-30,Madinat Al Mataar,23394.12885929813,17671.257485037953,29117.000233558305,1.8118689482761023,1.3686341092973069,2.255103787254898
426,2025-12-31,Madinat Al Mataar,24931.809317479852,18135.023136591728,31728.595498367977,1.930961883572263,1.404552633486907,2.457371133657619
427,2026-03-31,Madinat Al Mataar,27403.27373424566,19680.492628251723,35126.0548402396,2.122376133721932,1.5242488273177726,2.720503440126091
428,2026-06-30,Madinat Al Mataar,27925.812580171267,19376.754524836622,36474.87063550591,2.162846625908023,1.500724393418309,2.824968858397737
429,2026-09-30,Madinat Al Mataar,32337.274076988895,22237.725325863415,42436.822828114375,2.5045131248263024,1.722305807604833,3.286720442047772
430,2026-12-31,Madinat Al Mataar,34381.045490317105,22939.21974792624,45822.87123270797,2.6628026676195127,1.7766363607264701,3.5489689745125554
431,2027-03-31,Madinat Al Mataar,37302.904391865915,24660.52061102315,49945.28817270868,2.8890998487114374,1.9099506466844434,3.8682490507384313
432,2027-06-30,Madinat Al Mataar,38350.16218915067,24611.735823478575,52088.58855482277,2.970209681659379,1.9061722780932517,4.0342470852255055
455,2025-09-30,Madinat Dubai Almelaheyah,29033.130874067065,25227.370106200295,32838.891641933835,1.0229632576473853,0.8888697818245266,1.157056733470244
456,2025-12-31,Madinat Dubai Almelaheyah,29684.86030773678,24302.70181467215,35067.018800801416,1.0459265152947705,0.8562897031603349,1.2355633274292062
457,2026-03-31,Madinat Dubai Almelaheyah,30336.589741406497,23744.818730008905,36928.36075280409,1.0688897729421558,0.8366330598534556,1.3011464860308561
458,2026-06-30,Madinat Dubai Almelaheyah,30988.319175076213,23376.79763934267,38599.84071080975,1.091853030589541,0.8236660789438235,1.3600399822352587
459,2026-09-30,Madinat Dubai Almelaheyah,31640.04860874593,23130.108825694027,40149.98839179783,1.1148162882369264,0.8149741609577895,1.4146584155160633
460,2026-12-31,Madinat Dubai Almelaheyah,32291.778042415644,22969.60607803936,41613.95000679193,1.1377795458843116,0.8093189522820751,1.4662401394865483
461,2027-03-31,Madinat Dubai Almelaheyah,32943.50747608536,22874.410934903666,43012.604017267055,1.160742803531697,0.8059648140681603,1.5155207929952337
462,2027-06-30,Madinat Dubai Almelaheyah,33595.236909755076,22830.919923625814,44359.55389588434,1.1837060611790822,0.804432436910211,1.5629796854479534
463,2027-09-30,Madinat Dubai Almelaheyah,34246.96634342479,22829.68403982448,45664.2486470251,1.2066693188264674,0.8043888913578912,1.6089497462950437
464,2027-12-31,Madinat Dubai Almelaheyah,34898.69577709451,22863.82352092416,46933.568033264855,1.2296325764738527,0.8055917735048977,1.6536733794428078
465,2028-03-31,Madinat Dubai Almelaheyah,35550.425210764224,22928.14470189529,48172.70571963316,1.252595834121238,0.8078580879822223,1.6973335802602538
466,2028-06-30,Madinat Dubai Almelaheyah,36202.15464443394,23018.612621638757,49385.696667229124,1.2755590917686233,0.8110456655912228,1.740072517946024
489,2025-09-30,Marsa Dubai,19034.03515868579,13779.669403660078,24288.400913711503,0.9407903601484896,0.6810841754214546,1.2004965448755245
490,2025-12-31,Marsa Dubai,20621.982981952384,15367.617226926672,25876.348736978096,1.0192774487817302,0.7595712640546952,1.2789836335087652
491,2026-03-31,Marsa Dubai,22125.281412461325,16870.915657435613,27379.647167487037,1.0935805936513447,0.8338744089243096,1.3532867783783797
492,2026-06-30,Marsa Dubai,21528.414380886123,16274.04862586041,26782.780135911835,1.0640794003985754,0.8043732156715404,1.3237855851256104
493,2026-09-30,Marsa Dubai,20330.48717584026,12899.691863414151,27761.282488266366,1.004869760547065,0.6375897518739199,1.37214976922021
494,2026-12-31,Marsa Dubai,21918.434999106852,14487.639686680744,29349.23031153296,1.0833568491803056,0.7160768405071605,1.4506368578534508
495,2027-03-31,Marsa Dubai,23421.733429615793,15990.938117189686,30852.5287420419,1.1576599940499201,0.7903799853767749,1.524940002723065
496,2027-06-30,Marsa Dubai,22824.86639804059,15394.071085614483,30255.6617104667,1.1281588007971508,0.7608787921240057,1.495438809470296
497,2027-09-30,Marsa Dubai,21626.939192994727,12526.11074374019,30727.767642249266,1.0689491609456403,0.6191248539585474,1.5187734679327334
498,2027-12-31,Marsa Dubai,23214.88701626132,14114.058567006783,32315.71546551586,1.147436249578881,0.697611942591788,1.5972605565659739
499,2028-03-31,Marsa Dubai,24718.18544677026,15617.356997515724,33819.0138960248,1.2217393944484953,0.7719150874614026,1.6715637014355884
500,2028-06-30,Marsa Dubai,24121.31841519506,15020.489965940522,33222.1468644496,1.1922382011957262,0.7424138942086332,1.642062508182819
521,2025-03-31,Me'Aisem First,11846.089095316824,10688.387772004147,13003.7904186295,0.9601486465849028,0.8663146943172588,1.0539825988525469
522,2025-06-30,Me'Aisem First,11755.766829632972,10266.301806560707,13245.231852705238,0.9528278506281076,0.8321038028405758,1.0735518984156394
523,2025-09-30,Me'Aisem First,13309.419816002608,11819.954792930343,14798.884839074874,1.0787544581457849,0.9580304103582532,1.1994785059333166
524,2025-12-31,Me'Aisem First,13409.541531779207,11920.076508706941,14899.006554851472,1.086869518662649,0.9661454708751173,1.2075935664501807
525,2026-03-31,Me'Aisem First,12917.86486816746,11031.392390510926,14804.337345823995,1.0470181652475519,0.894115888245629,1.1999204422494747
526,2026-06-30,Me'Aisem First,12827.542602483609,10721.120966174456,14933.964238792762,1.0396973692907565,0.8689677836050516,1.2104269549764617
527,2026-09-30,Me'Aisem First,14381.195588853245,12274.773952544092,16487.617225162398,1.1656239768084338,0.9948943911227288,1.336353562494139
528,2026-12-31,Me'Aisem First,14481.317304629843,12374.89566832069,16587.738940938994,1.1737390373252978,1.0030094516395929,1.3444686230110028
529,2027-03-31,Me'Aisem First,13989.640641018097,11586.042408386185,16393.238873650007,1.1338876839102008,0.9390713549575718,1.3287040128628298
530,2027-06-30,Me'Aisem First,13899.318375334246,11319.489279276331,16479.14747139216,1.1265668879534054,0.9174667034900273,1.3356670724167836
531,2027-09-30,Me'Aisem First,15452.971361703881,12873.142265645969,18032.800457761794,1.252493495471083,1.043393311007705,1.4615936799344609
532,2027-12-31,Me'Aisem First,15553.09307748048,12973.263981422566,18132.922173538394,1.260608555987947,1.0515083715245688,1.469708740451325
552,2024-12-31,Nadd Hessa,8763.1202946593,7299.463234902898,10226.777354415703,1.0,0.8329753546064601,1.1670246453935398
553,2025-03-31,Nadd Hessa,8763.1202946593,6693.196630088669,10833.043959229932,1.0,0.7637914812338991,1.236208518766101
554,2025-06-30,Nadd Hessa,8763.1202946593,6227.991902304335,11298.248687014266,1.0,0.7107048280622139,1.289295171937786
555,2025-09-30,Nadd Hessa,8763.1202946593,5835.806175146496,11690.434414172105,1.0,0.6659507092129202,1.3340492907870798
556,2025-12-31,Nadd Hessa,8763.1202946593,5490.283613296513,12035.956976022087,1.0,0.6265215389822477,1.3734784610177522
557,2026-03-31,Nadd Hessa,8763.1202946593,5177.907339833808,12348.333249484793,1.0,0.5908748443165265,1.4091251556834734
558,2026-06-30,Nadd Hessa,8763.1202946593,4890.647709859855,12635.592879458745,1.0,0.5580943254699435,1.4419056745300565
559,2026-09-30,Nadd Hessa,8763.1202946593,4623.272965518037,12902.967623800563,1.0,0.5275829624677981,1.4724170375322019
560,2026-12-31,Nadd Hessa,8763.1202946593,4372.149115390093,13154.091473928507,1.0,0.49892606381938037,1.5010739361806196
561,2027-03-31,Nadd Hessa,8763.1202946593,4134.630272443894,13391.610316874707,1.0,0.4718216951744633,1.5281783048255366
562,2027-06-30,Nadd Hessa,8763.1202946593,3908.719005692522,13617.52158362608,1.0,0.4460419204874658,1.5539580795125343
563,2027-09-30,Nadd Hessa,8763.1202946593,3692.8635099493695,13833.377079369231,1.0,0.4214096561244277,1.5785903438755722
581,2024-06-30,Wadi Al Safa 5,7443.267859501035,5402.444858143843,9484.090860858227,1.0042603515341422,0.728908494870028,1.2796122081982562
582,2024-09-30,Wadi Al Safa 5,7136.958017062274,4471.416265410766,9802.499768713782,0.9629324246272447,0.6032922844265232,1.3225725648279663
583,2024-12-31,Wadi Al Safa 5,7137.587292777725,4472.043213493304,9803.131372062147,0.9630173277454905,0.6033768734959546,1.3226577819950267
584,2025-03-31,Wadi Al Safa 5,7137.586000008539,4472.041920714294,9803.130079302784,0.9630171533225271,0.6033766990716657,1.3226576075733887
585,2025-06-30,Wadi Al Safa 5,7137.586002664373,4472.041923370129,9803.130081958618,0.9630171536808575,0.603376699429996,1.322657607931719
586,2025-09-30,Wadi Al Safa 5,7137.586002658917,4472.041923364673,9803.13008195316,0.9630171536801214,0.60337669942926,1.3226576079309826
587,2025-12-31,Wadi Al Safa 5,7137.586002658928,4472.0419233646835,9803.130081953172,0.9630171536801229,0.6033766994292614,1.3226576079309842
588,2026-03-31,Wadi Al Safa 5,7137.586002658928,4472.0419233646835,9803.130081953172,0.9630171536801229,0.6033766994292614,1.3226576079309842
589,2026-06-30,Wadi Al Safa 5,7137.586002658928,4472.0419233646835,9803.130081953172,0.9630171536801229,0.6033766994292614,1.3226576079309842
590,2026-09-30,Wadi Al Safa 5,7137.586002658928,4472.0419233646835,9803.130081953172,0.9630171536801229,0.6033766994292614,1.3226576079309842
591,2026-12-31,Wadi Al Safa 5,7137.586002658928,4472.0419233646835,9803.130081953172,0.9630171536801229,0.6033766994292614,1.3226576079309842
592,2027-03-31,Wadi Al Safa 5,7137.586002658928,4472.0419233646835,9803.130081953172,0.9630171536801229,0.6033766994292614,1.3226576079309842
