,ds,area_name_en,yhat,actual,type,yhat_lower,yhat_upper,growth_factor,growth_factor_lower,growth_factor_upper,quarter_label
0,2022-03-31,Al Barsha South Fifth,0.0,9516.71,fitted,,,,,,2022Q1
1,2022-06-30,Al Barsha South Fifth,9516.71,10144.985,fitted,,,,,,2022Q2
2,2022-09-30,Al Barsha South Fifth,10144.985,7983.6,fitted,,,,,,2022Q3
3,2022-12-31,Al Barsha South Fifth,7983.6,11064.11,fitted,,,,,,2022Q4
4,2023-03-31,Al Barsha South Fifth,11064.11,11494.24,fitted,,,,,,2023Q1
5,2023-06-30,Al Barsha South Fifth,11494.24,11018.33,fitted,,,,,,2023Q2
6,2023-09-30,Al Barsha South Fifth,11018.33,18169.82,fitted,,,,,,2023Q3
7,2023-12-31,Al Barsha South Fifth,18169.82,14343.53,fitted,,,,,,2023Q4
8,2024-03-31,Al Barsha South Fifth,14343.53,13463.88,fitted,,,,,,2024Q1
9,2024-06-30,Al Barsha South Fifth,13463.88,14115.235,fitted,,,,,,2024Q2
10,2024-09-30,Al Barsha South Fifth,14115.235,14845.48,fitted,,,,,,2024Q3
11,2024-12-31,Al Barsha South Fifth,14845.48,15222.67,fitted,,,,,,2024Q4
12,2025-03-31,Al Barsha South Fifth,15222.67,15359.825,fitted,,,,,,2025Q1
13,2025-06-30,Al Barsha South Fifth,15359.825,14918.945,fitted,,,,,,2025Q2
14,2025-09-30,Al Barsha South Fifth,14918.945,,forecast,9983.442555360114,19854.447444639885,1.0,0.6691788565049415,1.3308211434950585,2025Q3
15,2025-12-31,Al Barsha South Fifth,14918.945,,forecast,7939.090505664707,21898.799494335293,1.0,0.5321482521495124,1.4678517478504878,2025Q4
16,2026-03-31,Al Barsha South Fifth,14918.945,,forecast,6370.404005003318,23467.48599499668,1.0,0.4270009712485245,1.5729990287514755,2026Q1
17,2026-06-30,Al Barsha South Fifth,14918.945,,forecast,5047.940110720227,24789.94988927977,1.0,0.3383577130098829,1.661642286990117,2026Q2
18,2026-09-30,Al Barsha South Fifth,14918.945,,forecast,3882.8260306688226,25955.063969331175,1.0,0.2602614347508368,1.739738565249163,2026Q3
19,2026-12-31,Al Barsha South Fifth,14918.945,,forecast,2829.482386373298,27008.407613626703,1.0,0.1896570023130522,1.8103429976869478,2026Q4
20,2027-03-31,Al Barsha South Fifth,14918.945,,forecast,1860.832936331528,27977.05706366847,1.0,0.12472952587006172,1.8752704741299382,2027Q1
21,2027-06-30,Al Barsha South Fifth,14918.945,,forecast,959.2360113294144,28878.653988670587,1.0,0.0642965042990248,1.9357034957009753,2027Q2
22,2022-03-31,Al Barsha South Fourth,439.87730769230797,9361.244999999999,fitted,,,,,,2022Q1
23,2022-06-30,Al Barsha South Fourth,9801.122307692307,10043.36,fitted,,,,,,2022Q2
24,2022-09-30,Al Barsha South Fourth,10483.237307692309,10026.7,fitted,,,,,,2022Q3
25,2022-12-31,Al Barsha South Fourth,10466.577307692309,9631.82,fitted,,,,,,2022Q4
26,2023-03-31,Al Barsha South Fourth,10071.697307692308,11154.025000000001,fitted,,,,,,2023Q1
27,2023-06-30,Al Barsha South Fourth,11593.90230769231,11340.31,fitted,,,,,,2023Q2
28,2023-09-30,Al Barsha South Fourth,11780.187307692308,12367.06,fitted,,,,,,2023Q3
29,2023-12-31,Al Barsha South Fourth,12806.937307692308,12916.75,fitted,,,,,,2023Q4
30,2024-03-31,Al Barsha South Fourth,13356.627307692308,13133.19,fitted,,,,,,2024Q1
31,2024-06-30,Al Barsha South Fourth,13573.067307692309,13197.305,fitted,,,,,,2024Q2
32,2024-09-30,Al Barsha South Fourth,13637.182307692308,13932.91,fitted,,,,,,2024Q3
33,2024-12-31,Al Barsha South Fourth,14372.787307692308,13393.32,fitted,,,,,,2024Q4
34,2025-03-31,Al Barsha South Fourth,13833.197307692308,14350.32,fitted,,,,,,2025Q1
35,2025-06-30,Al Barsha South Fourth,14790.197307692308,15079.65,fitted,,,,,,2025Q2
36,2025-09-30,Al Barsha South Fourth,15519.527307692308,,forecast,14412.76794604846,16626.286669336158,1.0291702597667922,0.9557760257067279,1.1025644938268566,2025Q3
37,2025-12-31,Al Barsha South Fourth,15959.404615384616,,forecast,14394.210515864495,17524.598714904736,1.0583405195335844,0.954545398325856,1.1621356407413128,2025Q4
38,2026-03-31,Al Barsha South Fourth,16399.281923076924,,forecast,14482.31847695728,18316.245369196567,1.0875107793003767,0.960388236925743,1.2146333216750103,2026Q1
39,2026-06-30,Al Barsha South Fourth,16839.15923076923,,forecast,14625.640507481532,19052.677954056926,1.1166810390671686,0.9698925709470401,1.2634695071872972,2026Q2
40,2026-09-30,Al Barsha South Fourth,17279.036538461536,,forecast,14804.247371091617,19753.825705831456,1.1458512988339609,0.9817368023191265,1.3099657953487949,2026Q3
41,2026-12-31,Al Barsha South Fourth,17718.913846153842,,forecast,15007.918142077977,20429.90955022971,1.1750215586007529,0.9952431350911976,1.3547999821103083,2026Q4
42,2027-03-31,Al Barsha South Fourth,18158.79115384615,,forecast,15230.581121743926,21087.00118594837,1.2041918183675449,1.0100089273785484,1.3983747093565415,2027Q1
43,2027-06-30,Al Barsha South Fourth,18598.668461538455,,forecast,15468.280262498214,21729.056660578695,1.233362078134337,1.0257718357188803,1.4409523205497936,2027Q2
44,2022-03-31,Al Barshaa South Third,13020.13662036154,12209.86,fitted,,,,,,2022Q1
45,2022-06-30,Al Barshaa South Third,12638.54339708624,12217.47,fitted,,,,,,2022Q2
46,2022-09-30,Al Barshaa South Third,12765.320868921774,12085.45,fitted,,,,,,2022Q3
47,2022-12-31,Al Barshaa South Third,12572.336578325076,10590.27,fitted,,,,,,2022Q4
48,2023-03-31,Al Barshaa South Third,11666.958829430127,11064.81,fitted,,,,,,2023Q1
49,2023-06-30,Al Barshaa South Third,12602.17901300441,13715.89,fitted,,,,,,2023Q2
50,2023-09-30,Al Barshaa South Third,13799.34020315344,14474.12,fitted,,,,,,2023Q3
51,2023-12-31,Al Barshaa South Third,13494.079386296538,12125.5,fitted,,,,,,2023Q4
52,2024-03-31,Al Barshaa South Third,12057.052017997134,13286.06,fitted,,,,,,2024Q1
53,2024-06-30,Al Barshaa South Third,13885.822392440201,13908.130000000001,fitted,,,,,,2024Q2
54,2024-09-30,Al Barshaa South Third,13035.856981008012,14100.64,fitted,,,,,,2024Q3
55,2024-12-31,Al Barshaa South Third,13770.673245411908,14054.939999999999,fitted,,,,,,2024Q4
56,2025-03-31,Al Barshaa South Third,13220.531746405492,13782.575,fitted,,,,,,2025Q1
57,2025-06-30,Al Barshaa South Third,13416.374347343328,14239.815,fitted,,,,,,2025Q2
58,2025-09-30,Al Barshaa South Third,13600.674836798087,,forecast,11752.437223971494,15448.91244962468,0.9551159784588554,0.825322325042249,1.0849096318754619,2025Q3
59,2025-12-31,Al Barshaa South Third,13020.13662036154,,forecast,10758.741375048781,15281.531865674298,0.914347315633071,0.7555394065898174,1.0731552246763247,2025Q4
60,2026-03-31,Al Barshaa South Third,13020.13662036154,,forecast,10758.741375048781,15281.531865674298,0.914347315633071,0.7555394065898174,1.0731552246763247,2026Q1
61,2026-06-30,Al Barshaa South Third,13020.13662036154,,forecast,10758.741375048781,15281.531865674298,0.914347315633071,0.7555394065898174,1.0731552246763247,2026Q2
62,2026-09-30,Al Barshaa South Third,13020.13662036154,,forecast,10758.741375048781,15281.531865674298,0.914347315633071,0.7555394065898174,1.0731552246763247,2026Q3
63,2026-12-31,Al Barshaa South Third,13020.13662036154,,forecast,10758.741375048781,15281.531865674298,0.914347315633071,0.7555394065898174,1.0731552246763247,2026Q4
64,2027-03-31,Al Barshaa South Third,13020.13662036154,,forecast,10758.741375048781,15281.531865674298,0.914347315633071,0.7555394065898174,1.0731552246763247,2027Q1
65,2027-06-30,Al Barshaa South Third,13020.13662036154,,forecast,10758.741375048781,15281.531865674298,0.914347315633071,0.7555394065898174,1.0731552246763247,2027Q2
66,2022-03-31,Al Hebiah Fourth,0.0,6596.89,fitted,,,,,,2022Q1
67,2022-06-30,Al Hebiah Fourth,6596.890000000001,6070.64,fitted,,,,,,2022Q2
68,2022-09-30,Al Hebiah Fourth,6070.64,6286.285,fitted,,,,,,2022Q3
69,2022-12-31,Al Hebiah Fourth,6286.285,6312.005,fitted,,,,,,2022Q4
70,2023-03-31,Al Hebiah Fourth,6312.005,6464.094999999999,fitted,,,,,,2023Q1
71,2023-06-30,Al Hebiah Fourth,6464.094999999999,6876.23,fitted,,,,,,2023Q2
72,2023-09-30,Al Hebiah Fourth,6876.23,7968.18,fitted,,,,,,2023Q3
73,2023-12-31,Al Hebiah Fourth,7968.18,8413.46,fitted,,,,,,2023Q4
74,2024-03-31,Al Hebiah Fourth,8413.46,10334.05,fitted,,,,,,2024Q1
75,2024-06-30,Al Hebiah Fourth,10334.05,12270.45,fitted,,,,,,2024Q2
76,2024-09-30,Al Hebiah Fourth,12270.45,11372.25,fitted,,,,,,2024Q3
77,2024-12-31,Al Hebiah Fourth,11372.25,9686.27,fitted,,,,,,2024Q4
78,2025-03-31,Al Hebiah Fourth,9686.27,10427.82,fitted,,,,,,2025Q1
79,2025-06-30,Al Hebiah Fourth,10427.82,11233.03,fitted,,,,,,2025Q2
80,2025-09-30,Al Hebiah Fourth,11233.03,,forecast,9190.682129200814,13275.377870799188,1.0,0.8181837072633842,1.1818162927366158,2025Q3
81,2025-12-31,Al Hebiah Fourth,11233.03,,forecast,8344.713942031976,14121.346057968025,1.0,0.7428729329514812,1.2571270670485188,2025Q4
82,2026-03-31,Al Hebiah Fourth,11233.03,,forecast,7695.579721045693,14770.480278954308,1.0,0.6850849433363654,1.3149150566636345,2026Q1
83,2026-06-30,Al Hebiah Fourth,11233.03,,forecast,7148.334258401628,15317.725741598373,1.0,0.6363674145267686,1.3636325854732314,2026Q2
84,2026-09-30,Al Hebiah Fourth,11233.03,,forecast,6666.201327191062,15799.85867280894,1.0,0.593446410023926,1.406553589976074,2026Q3
85,2026-12-31,Al Hebiah Fourth,11233.03,,forecast,6230.31983928233,16235.740160717673,1.0,0.5546428558707962,1.445357144129204,2026Q4
86,2027-03-31,Al Hebiah Fourth,11233.03,,forecast,5829.485443183077,16636.574556816922,1.0,0.5189593051191955,1.4810406948808044,2027Q1
87,2027-06-30,Al Hebiah Fourth,11233.03,,forecast,5456.397884063953,17009.662115936047,1.0,0.4857458659029623,1.5142541340970377,2027Q2
88,2022-03-31,Al Khairan First,0.0,18498.35,fitted,,,,,,2022Q1
89,2022-06-30,Al Khairan First,18498.35,19008.68,fitted,,,,,,2022Q2
90,2022-09-30,Al Khairan First,19008.68,18556.72,fitted,,,,,,2022Q3
91,2022-12-31,Al Khairan First,18556.72,19002.965,fitted,,,,,,2022Q4
92,2023-03-31,Al Khairan First,19002.965,21510.28,fitted,,,,,,2023Q1
93,2023-06-30,Al Khairan First,21510.28,21714.79,fitted,,,,,,2023Q2
94,2023-09-30,Al Khairan First,21714.79,22509.44,fitted,,,,,,2023Q3
95,2023-12-31,Al Khairan First,22509.44,21041.37,fitted,,,,,,2023Q4
96,2024-03-31,Al Khairan First,21041.37,23294.92,fitted,,,,,,2024Q1
97,2024-06-30,Al Khairan First,23294.92,24130.39,fitted,,,,,,2024Q2
98,2024-09-30,Al Khairan First,24130.39,26552.77,fitted,,,,,,2024Q3
99,2024-12-31,Al Khairan First,26552.77,24724.59,fitted,,,,,,2024Q4
100,2025-03-31,Al Khairan First,24724.59,23595.54,fitted,,,,,,2025Q1
101,2025-06-30,Al Khairan First,23595.54,25318.07,fitted,,,,,,2025Q2
102,2025-09-30,Al Khairan First,25318.07,,forecast,22396.042113813368,28240.09788618663,1.0,0.8845872577891352,1.1154127422108648,2025Q3
103,2025-12-31,Al Khairan First,25318.07,,forecast,21185.69853372248,29450.44146627752,1.0,0.8367817346947252,1.163218265305275,2025Q4
104,2026-03-31,Al Khairan First,25318.07,,forecast,20256.969239991668,30379.170760008332,1.0,0.8000992666499329,1.199900733350067,2026Q1
105,2026-06-30,Al Khairan First,25318.07,,forecast,19474.01422762674,31162.12577237326,1.0,0.7691745155782704,1.2308254844217297,2026Q2
106,2026-09-30,Al Khairan First,25318.07,,forecast,18784.217014336675,31851.922985663325,1.0,0.7419292629468468,1.2580707370531532,2026Q3
107,2026-12-31,Al Khairan First,25318.07,,forecast,18160.592664659438,32475.54733534056,1.0,0.7172976717680075,1.2827023282319925,2026Q4
108,2027-03-31,Al Khairan First,25318.07,,forecast,17587.110889154428,33049.02911084557,1.0,0.6946465859820448,1.3053534140179552,2027Q1
109,2027-06-30,Al Khairan First,25318.07,,forecast,17053.327067444963,33582.81293255504,1.0,0.6735634693894504,1.3264365306105497,2027Q2
110,2022-03-31,Al Merkadh,0.0,16623.364999999998,fitted,,,,,,2022Q1
111,2022-06-30,Al Merkadh,16623.364999999998,18298.56,fitted,,,,,,2022Q2
112,2022-09-30,Al Merkadh,18298.56,16451.58,fitted,,,,,,2022Q3
113,2022-12-31,Al Merkadh,16451.58,19917.08,fitted,,,,,,2022Q4
114,2023-03-31,Al Merkadh,19917.08,19374.92,fitted,,,,,,2023Q1
115,2023-06-30,Al Merkadh,19374.92,18001.8,fitted,,,,,,2023Q2
116,2023-09-30,Al Merkadh,18001.8,19913.18,fitted,,,,,,2023Q3
117,2023-12-31,Al Merkadh,19913.18,18937.64,fitted,,,,,,2023Q4
118,2024-03-31,Al Merkadh,18937.64,18335.43,fitted,,,,,,2024Q1
119,2024-06-30,Al Merkadh,18335.43,18982.14,fitted,,,,,,2024Q2
120,2024-09-30,Al Merkadh,18982.14,20308.09,fitted,,,,,,2024Q3
121,2024-12-31,Al Merkadh,20308.09,20343.585,fitted,,,,,,2024Q4
122,2025-03-31,Al Merkadh,20343.585,19961.01,fitted,,,,,,2025Q1
123,2025-06-30,Al Merkadh,19961.01,20916.78,fitted,,,,,,2025Q2
124,2025-09-30,Al Merkadh,20916.78,,forecast,18017.392866088245,23816.167133911753,1.0,0.8613846331074021,1.138615366892598,2025Q3
125,2025-12-31,Al Merkadh,20916.78,,forecast,16816.427392651938,25017.13260734806,1.0,0.8039682681871655,1.1960317318128346,2025Q4
126,2026-03-31,Al Merkadh,20916.78,,forecast,15894.894173253333,25938.665826746663,1.0,0.7599111418322196,1.2400888581677803,2026Q1
127,2026-06-30,Al Merkadh,20916.78,,forecast,15118.00573217649,26715.554267823507,1.0,0.7227692662148042,1.2772307337851958,2026Q2
128,2026-09-30,Al Merkadh,20916.78,,forecast,14433.553275485032,27400.006724514966,1.0,0.6900466169020774,1.3099533830979226,2026Q3
129,2026-12-31,Al Merkadh,20916.78,,forecast,13814.760955125643,28018.799044874355,1.0,0.6604630806044546,1.3395369193955453,2026Q4
130,2027-03-31,Al Merkadh,20916.78,,forecast,13245.722689169172,28587.837310830826,1.0,0.6332582113102099,1.3667417886897901,2027Q1
131,2027-06-30,Al Merkadh,20916.78,,forecast,12716.074785303881,29117.485214696117,1.0,0.6079365363743311,1.3920634636256688,2027Q2
132,2022-03-31,Al Thanyah Fifth,1060.0230317694106,10138.689999999999,fitted,,,,,,2022Q1
133,2022-06-30,Al Thanyah Fifth,7711.243013455519,10359.05,fitted,,,,,,2022Q2
134,2022-09-30,Al Thanyah Fifth,9457.337975526974,9931.5,fitted,,,,,,2022Q3
135,2022-12-31,Al Thanyah Fifth,10394.044193453174,10928.8,fitted,,,,,,2022Q4
136,2023-03-31,Al Thanyah Fifth,11546.418591926167,11487.83,fitted,,,,,,2023Q1
137,2023-06-30,Al Thanyah Fifth,12517.758732210068,15328.44,fitted,,,,,,2023Q2
138,2023-09-30,Al Thanyah Fifth,14407.158263465626,21129.614999999998,fitted,,,,,,2023Q3
139,2023-12-31,Al Thanyah Fifth,17036.259870023845,13963.83,fitted,,,,,,2023Q4
140,2024-03-31,Al Thanyah Fifth,16460.7180519627,15940.9,fitted,,,,,,2024Q1
141,2024-06-30,Al Thanyah Fifth,17614.79780505688,14551.15,fitted,,,,,,2024Q2
142,2024-09-30,Al Thanyah Fifth,18012.851648170123,19800.5,fitted,,,,,,2024Q3
143,2024-12-31,Al Thanyah Fifth,19882.908885306428,19797.36,fitted,,,,,,2024Q4
144,2025-03-31,Al Thanyah Fifth,20768.193329460857,17729.39,fitted,,,,,,2025Q1
145,2025-06-30,Al Thanyah Fifth,21117.670287100307,21671.6,fitted,,,,,,2025Q2
146,2025-09-30,Al Thanyah Fifth,22670.507526258636,,forecast,17686.682864783605,27654.332187733668,1.0460929292834233,0.816122615071504,1.2760632434953427,2025Q3
147,2025-12-31,Al Thanyah Fifth,23720.860555946314,,forecast,18626.280225799805,28815.440886092823,1.094559725906085,0.8594787752542409,1.3296406765579296,2025Q4
148,2026-03-31,Al Thanyah Fifth,24779.353551442946,,forecast,19673.926492189887,29884.780610696005,1.1434021277359747,0.9078206727786544,1.3789835826932948,2026Q1
149,2026-06-30,Al Thanyah Fifth,25839.134493192494,,forecast,20731.71798212528,30946.55100425971,1.1923039597072895,0.956630704799151,1.4279772146154281,2026Q2
150,2026-09-30,Al Thanyah Fifth,26899.11922026367,,forecast,21790.944112447778,32007.294328079563,1.24121519501392,1.0055069359183346,1.4769234541095058,2026Q3
151,2026-12-31,Al Thanyah Fifth,27959.13619127144,,forecast,22850.39300720635,33067.879375336524,1.2901279181634693,1.0543934461325584,1.52586239019438,2026Q4
152,2027-03-31,Al Thanyah Fifth,29019.158264076716,,forecast,23909.877085877702,34128.439442275725,1.3390408767269937,1.1032815798500204,1.5748001736039667,2027Q1
153,2027-06-30,Al Thanyah Fifth,30079.18114411401,,forecast,24969.366775045935,35188.99551318208,1.3879538725388993,1.152169972454546,1.6237377726232527,2027Q2
154,2022-03-31,Al Warsan First,144.85769230769242,4711.11,fitted,,,,,,2022Q1
155,2022-06-30,Al Warsan First,4855.967692307693,4626.87,fitted,,,,,,2022Q2
156,2022-09-30,Al Warsan First,4771.727692307692,4776.12,fitted,,,,,,2022Q3
157,2022-12-31,Al Warsan First,4920.977692307692,4955.56,fitted,,,,,,2022Q4
158,2023-03-31,Al Warsan First,5100.417692307693,5113.9,fitted,,,,,,2023Q1
159,2023-06-30,Al Warsan First,5258.757692307692,5333.33,fitted,,,,,,2023Q2
160,2023-09-30,Al Warsan First,5478.1876923076925,5444.44,fitted,,,,,,2023Q3
161,2023-12-31,Al Warsan First,5589.297692307692,5504.35,fitted,,,,,,2023Q4
162,2024-03-31,Al Warsan First,5649.207692307693,5550.72,fitted,,,,,,2024Q1
163,2024-06-30,Al Warsan First,5695.577692307693,5931.78,fitted,,,,,,2024Q2
164,2024-09-30,Al Warsan First,6076.637692307692,6038.71,fitted,,,,,,2024Q3
165,2024-12-31,Al Warsan First,6183.567692307693,6305.0,fitted,,,,,,2024Q4
166,2025-03-31,Al Warsan First,6449.857692307693,6581.49,fitted,,,,,,2025Q1
167,2025-06-30,Al Warsan First,6726.347692307692,6594.26,fitted,,,,,,2025Q2
168,2025-09-30,Al Warsan First,6739.117692307693,,forecast,6505.7833713547725,6972.452013260613,1.0219672400402309,0.9865827812908153,1.0573516987896463,2025Q3
169,2025-12-31,Al Warsan First,6883.975384615385,,forecast,6553.990823356648,7213.959945874122,1.0439344800804617,0.9938932986198069,1.0939756615411165,2025Q4
170,2026-03-31,Al Warsan First,7028.833076923078,,forecast,6624.686177883037,7432.979975963119,1.0659017201206924,1.0046140397683798,1.127189400473005,2026Q1
171,2026-06-30,Al Warsan First,7173.6907692307705,,forecast,6707.02212732493,7640.359411136611,1.0878689601609233,1.0171000426620924,1.1586378776597541,2026Q2
172,2026-09-30,Al Warsan First,7318.548461538463,,forecast,6796.7970584039795,7840.299864672947,1.1098362002011541,1.030714145090424,1.1889582553118843,2026Q3
173,2026-12-31,Al Warsan First,7463.406153846156,,forecast,6891.856128032699,8034.956179659612,1.131803440241385,1.0451295714807574,1.2184773090020127,2026Q4
174,2027-03-31,Al Warsan First,7608.263846153848,,forecast,6990.919260576293,8225.608431731403,1.153770680281616,1.0601522021540388,1.2473891584091927,2027Q1
175,2027-06-30,Al Warsan First,7753.121538461541,,forecast,7093.152415944068,8413.090660979015,1.1757379203218465,1.0756555574005373,1.275820283243156,2027Q2
176,2022-03-31,Al Yelayiss 2,546.6200000000002,7353.68,fitted,,,,,,2022Q1
177,2022-06-30,Al Yelayiss 2,7900.3,7945.91,fitted,,,,,,2022Q2
178,2022-09-30,Al Yelayiss 2,8492.53,8054.82,fitted,,,,,,2022Q3
179,2022-12-31,Al Yelayiss 2,8601.439999999999,8471.76,fitted,,,,,,2022Q4
180,2023-03-31,Al Yelayiss 2,9018.380000000001,12401.849999999999,fitted,,,,,,2023Q1
181,2023-06-30,Al Yelayiss 2,12948.47,10624.745,fitted,,,,,,2023Q2
182,2023-09-30,Al Yelayiss 2,11171.365000000002,11026.56,fitted,,,,,,2023Q3
183,2023-12-31,Al Yelayiss 2,11573.18,11367.19,fitted,,,,,,2023Q4
184,2024-03-31,Al Yelayiss 2,11913.810000000001,12363.9,fitted,,,,,,2024Q1
185,2024-06-30,Al Yelayiss 2,12910.52,12284.55,fitted,,,,,,2024Q2
186,2024-09-30,Al Yelayiss 2,12831.17,11907.45,fitted,,,,,,2024Q3
187,2024-12-31,Al Yelayiss 2,12454.070000000002,12402.55,fitted,,,,,,2024Q4
188,2025-03-31,Al Yelayiss 2,12949.17,14023.17,fitted,,,,,,2025Q1
189,2025-06-30,Al Yelayiss 2,14569.79,14459.74,fitted,,,,,,2025Q2
190,2025-09-30,Al Yelayiss 2,15006.36,,forecast,12591.337944878193,17421.38205512181,1.037802892721446,0.8707859162666959,1.204819869176196,2025Q3
191,2025-12-31,Al Yelayiss 2,15552.980000000001,,forecast,12137.623056216597,18968.336943783408,1.075605785442892,0.8394081121940364,1.3118034586917475,2025Q4
192,2026-03-31,Al Yelayiss 2,16099.600000000002,,forecast,11916.659099129625,20282.54090087038,1.1134086781643378,0.8241267892181758,1.4026905671104999,2026Q1
193,2026-06-30,Al Yelayiss 2,16646.22,,forecast,11816.175889756385,21476.264110243617,1.1512115708857837,0.8171776179762835,1.4852455237952837,2026Q2
194,2026-09-30,Al Yelayiss 2,17192.84,,forecast,11792.686517586393,22592.993482413607,1.1890144636072295,0.8155531508579265,1.5624757763565325,2026Q3
195,2026-12-31,Al Yelayiss 2,17739.46,,forecast,11823.88824738398,23655.031752616018,1.2268173563286753,0.8177109856321054,1.6359237270252451,2026Q4
196,2027-03-31,Al Yelayiss 2,18286.079999999998,,forecast,11896.532231411573,24675.627768588423,1.264620249050121,0.8227348646249223,1.70650563347532,2027Q1
197,2027-06-30,Al Yelayiss 2,18832.699999999997,,forecast,12001.986112433187,25663.413887566807,1.302423141771567,0.8300277952738561,1.774818488269278,2027Q2
198,2024-03-31,Bukadra,25618.064166666674,24649.4,fitted,,,,,,2024Q1
199,2024-06-30,Bukadra,25618.064166666674,25617.99,fitted,,,,,,2024Q2
200,2024-09-30,Bukadra,25618.064166666674,26048.62,fitted,,,,,,2024Q3
201,2024-12-31,Bukadra,25618.064166666674,25725.58,fitted,,,,,,2024Q4
202,2025-03-31,Bukadra,25618.064166666674,25564.335,fitted,,,,,,2025Q1
203,2025-06-30,Bukadra,25618.064166666674,26102.46,fitted,,,,,,2025Q2
204,2025-09-30,Bukadra,25618.064166666674,,forecast,24680.562493087447,26555.5658402459,0.981442521764871,0.9455263026200385,1.0173587409097036,2025Q3
205,2025-12-31,Bukadra,25618.064166666674,,forecast,24680.562493087447,26555.5658402459,0.981442521764871,0.9455263026200385,1.0173587409097036,2025Q4
206,2026-03-31,Bukadra,25618.064166666674,,forecast,24680.562493087447,26555.5658402459,0.981442521764871,0.9455263026200385,1.0173587409097036,2026Q1
207,2026-06-30,Bukadra,25618.064166666674,,forecast,24680.562493087447,26555.5658402459,0.981442521764871,0.9455263026200385,1.0173587409097036,2026Q2
208,2026-09-30,Bukadra,25618.064166666674,,forecast,24680.562493087447,26555.5658402459,0.981442521764871,0.9455263026200385,1.0173587409097036,2026Q3
209,2026-12-31,Bukadra,25618.064166666674,,forecast,24680.562493087447,26555.5658402459,0.981442521764871,0.9455263026200385,1.0173587409097036,2026Q4
210,2027-03-31,Bukadra,25618.064166666674,,forecast,24680.562493087447,26555.5658402459,0.981442521764871,0.9455263026200385,1.0173587409097036,2027Q1
211,2027-06-30,Bukadra,25618.064166666674,,forecast,24680.562493087447,26555.5658402459,0.981442521764871,0.9455263026200385,1.0173587409097036,2027Q2
212,2022-03-31,Burj Khalifa,21891.292857142853,17574.39,fitted,,,,,,2022Q1
213,2022-06-30,Burj Khalifa,21891.292857142853,23097.7,fitted,,,,,,2022Q2
214,2022-09-30,Burj Khalifa,21891.292857142853,23480.96,fitted,,,,,,2022Q3
215,2022-12-31,Burj Khalifa,21891.292857142853,20460.81,fitted,,,,,,2022Q4
216,2023-03-31,Burj Khalifa,21891.292857142853,23803.23,fitted,,,,,,2023Q1
217,2023-06-30,Burj Khalifa,21891.292857142853,20968.91,fitted,,,,,,2023Q2
218,2023-09-30,Burj Khalifa,21891.292857142853,20667.765,fitted,,,,,,2023Q3
219,2023-12-31,Burj Khalifa,21891.292857142853,23906.755,fitted,,,,,,2023Q4
220,2024-03-31,Burj Khalifa,21891.292857142853,21999.51,fitted,,,,,,2024Q1
221,2024-06-30,Burj Khalifa,21891.292857142853,21101.27,fitted,,,,,,2024Q2
222,2024-09-30,Burj Khalifa,21891.292857142853,21577.73,fitted,,,,,,2024Q3
223,2024-12-31,Burj Khalifa,21891.292857142853,23064.76,fitted,,,,,,2024Q4
224,2025-03-31,Burj Khalifa,21891.292857142853,22856.4,fitted,,,,,,2025Q1
225,2025-06-30,Burj Khalifa,21891.292857142853,21917.91,fitted,,,,,,2025Q2
226,2025-09-30,Burj Khalifa,21891.292857142853,,forecast,18671.888376240182,25110.697338045524,0.9987855984965196,0.8519009511509164,1.1456702458421228,2025Q3
227,2025-12-31,Burj Khalifa,21891.292857142853,,forecast,18671.888376240182,25110.697338045524,0.9987855984965196,0.8519009511509164,1.1456702458421228,2025Q4
228,2026-03-31,Burj Khalifa,21891.292857142853,,forecast,18671.888376240182,25110.697338045524,0.9987855984965196,0.8519009511509164,1.1456702458421228,2026Q1
229,2026-06-30,Burj Khalifa,21891.292857142853,,forecast,18671.888376240182,25110.697338045524,0.9987855984965196,0.8519009511509164,1.1456702458421228,2026Q2
230,2026-09-30,Burj Khalifa,21891.292857142853,,forecast,18671.888376240182,25110.697338045524,0.9987855984965196,0.8519009511509164,1.1456702458421228,2026Q3
231,2026-12-31,Burj Khalifa,21891.292857142853,,forecast,18671.888376240182,25110.697338045524,0.9987855984965196,0.8519009511509164,1.1456702458421228,2026Q4
232,2027-03-31,Burj Khalifa,21891.292857142853,,forecast,18671.888376240182,25110.697338045524,0.9987855984965196,0.8519009511509164,1.1456702458421228,2027Q1
233,2027-06-30,Burj Khalifa,21891.292857142853,,forecast,18671.888376240182,25110.697338045524,0.9987855984965196,0.8519009511509164,1.1456702458421228,2027Q2
234,2022-03-31,Business Bay,0.0,16814.56,fitted,,,,,,2022Q1
235,2022-06-30,Business Bay,16814.56,18098.84,fitted,,,,,,2022Q2
236,2022-09-30,Business Bay,18098.84,19434.79,fitted,,,,,,2022Q3
237,2022-12-31,Business Bay,19434.79,21452.22,fitted,,,,,,2022Q4
238,2023-03-31,Business Bay,21452.22,22311.18,fitted,,,,,,2023Q1
239,2023-06-30,Business Bay,22311.18,18359.31,fitted,,,,,,2023Q2
240,2023-09-30,Business Bay,18359.31,24495.69,fitted,,,,,,2023Q3
241,2023-12-31,Business Bay,24495.69,22233.2,fitted,,,,,,2023Q4
242,2024-03-31,Business Bay,22233.2,23159.315000000002,fitted,,,,,,2024Q1
243,2024-06-30,Business Bay,23159.315000000002,23698.214999999997,fitted,,,,,,2024Q2
244,2024-09-30,Business Bay,23698.214999999997,22697.23,fitted,,,,,,2024Q3
245,2024-12-31,Business Bay,22697.23,23840.49,fitted,,,,,,2024Q4
246,2025-03-31,Business Bay,23840.49,24288.305,fitted,,,,,,2025Q1
247,2025-06-30,Business Bay,24288.305,24399.4,fitted,,,,,,2025Q2
248,2025-09-30,Business Bay,24399.4,,forecast,19852.358822337388,28946.441177662615,1.0,0.813641270782781,1.186358729217219,2025Q3
249,2025-12-31,Business Bay,24399.4,,forecast,17968.912697880605,30829.887302119398,1.0,0.7364489576743938,1.2635510423256062,2025Q4
250,2026-03-31,Business Bay,24399.4,,forecast,16523.693656180534,32275.10634381947,1.0,0.6772172125618061,1.3227827874381939,2026Q1
251,2026-06-30,Business Bay,24399.4,,forecast,15305.317644674778,33493.48235532522,1.0,0.6272825415655622,1.3727174584344377,2026Q2
252,2026-09-30,Business Bay,24399.4,,forecast,14231.906830255704,34566.8931697443,1.0,0.5832892132698223,1.4167107867301776,2026Q3
253,2026-12-31,Business Bay,24399.4,,forecast,13261.46927530269,35537.33072469731,1.0,0.5435162043043145,1.4564837956956855,2026Q4
254,2027-03-31,Business Bay,24399.4,,forecast,12369.059842734467,36429.740157265536,1.0,0.506941147845212,1.493058852154788,2027Q1
255,2027-06-30,Business Bay,24399.4,,forecast,11538.42539576121,37260.374604238794,1.0,0.47289791534878767,1.5271020846512124,2027Q2
256,2022-03-31,Hadaeq Sheikh Mohammed Bin Rashid,673.7740039674471,16004.78,fitted,,,,,,2022Q1
257,2022-06-30,Hadaeq Sheikh Mohammed Bin Rashid,15583.154871792847,15633.0,fitted,,,,,,2022Q2
258,2022-09-30,Hadaeq Sheikh Mohammed Bin Rashid,17670.56860787087,18174.309999999998,fitted,,,,,,2022Q3
259,2022-12-31,Hadaeq Sheikh Mohammed Bin Rashid,18407.890781993887,18753.15,fitted,,,,,,2022Q4
260,2023-03-31,Hadaeq Sheikh Mohammed Bin Rashid,19780.642900700048,20257.03,fitted,,,,,,2023Q1
261,2023-06-30,Hadaeq Sheikh Mohammed Bin Rashid,20802.67530433839,20944.57,fitted,,,,,,2023Q2
262,2023-09-30,Hadaeq Sheikh Mohammed Bin Rashid,21768.10016296413,20596.934999999998,fitted,,,,,,2023Q3
263,2023-12-31,Hadaeq Sheikh Mohammed Bin Rashid,21409.547523147176,22366.684999999998,fitted,,,,,,2023Q4
264,2024-03-31,Hadaeq Sheikh Mohammed Bin Rashid,22707.65306635602,22553.25,fitted,,,,,,2024Q1
265,2024-06-30,Hadaeq Sheikh Mohammed Bin Rashid,23492.196906987683,23695.355,fitted,,,,,,2024Q2
266,2024-09-30,Hadaeq Sheikh Mohammed Bin Rashid,24217.64836471564,25479.105,fitted,,,,,,2024Q3
267,2024-12-31,Hadaeq Sheikh Mohammed Bin Rashid,26090.259966486436,24396.71,fitted,,,,,,2024Q4
268,2025-03-31,Hadaeq Sheikh Mohammed Bin Rashid,25507.578093595712,24316.41,fitted,,,,,,2025Q1
269,2025-06-30,Hadaeq Sheikh Mohammed Bin Rashid,24770.117587720506,24984.91,fitted,,,,,,2025Q2
270,2025-09-30,Hadaeq Sheikh Mohammed Bin Rashid,25521.679360296945,,forecast,23844.777674653174,27198.581045940715,1.021483741998548,0.9543671630057172,1.088600320991379,2025Q3
271,2025-12-31,Hadaeq Sheikh Mohammed Bin Rashid,26212.77585243592,,forecast,23993.886308023106,28431.665396848734,1.0491442975954655,0.9603351105936786,1.1379534845972523,2025Q4
272,2026-03-31,Hadaeq Sheikh Mohammed Bin Rashid,26859.218165457663,,forecast,24008.833047616852,29709.603283298475,1.0750176072460402,0.9609333412694644,1.1891018732226162,2026Q1
273,2026-06-30,Hadaeq Sheikh Mohammed Bin Rashid,27539.803475765246,,forecast,24219.18773966884,30860.419211861652,1.1022574616344525,0.9693526108226461,1.2351623124462587,2026Q2
274,2026-09-30,Hadaeq Sheikh Mohammed Bin Rashid,28207.67709658208,,forecast,24441.819365359293,31973.534827804866,1.1289885413468401,0.9782632543146761,1.2797138283790042,2026Q3
275,2026-12-31,Hadaeq Sheikh Mohammed Bin Rashid,28883.482484808366,,forecast,24730.486528392747,33036.47844122399,1.1560370833758604,0.9898169146253778,1.3222572521263432,2026Q4
276,2027-03-31,Hadaeq Sheikh Mohammed Bin Rashid,29555.907841150896,,forecast,25042.397631533357,34069.418050768436,1.1829503424727523,1.0023008940810016,1.3635997908645032,2027Q1
277,2027-06-30,Hadaeq Sheikh Mohammed Bin Rashid,30230.232815511867,,forecast,25385.445369452005,35075.02026157173,1.20993963218246,1.0160310911446953,1.4038481732202248,2027Q2
278,2022-03-31,Jabal Ali First,339.51382925375174,10356.11,fitted,,,,,,2022Q1
279,2022-06-30,Jabal Ali First,9359.700180018293,9681.880000000001,fitted,,,,,,2022Q2
280,2022-09-30,Jabal Ali First,10419.850115002437,11126.16,fitted,,,,,,2022Q3
281,2022-12-31,Jabal Ali First,11031.440828456703,11126.85,fitted,,,,,,2022Q4
282,2023-03-31,Jabal Ali First,11599.539963728454,9704.71,fitted,,,,,,2023Q1
283,2023-06-30,Jabal Ali First,10736.649293481849,10563.005000000001,fitted,,,,,,2023Q2
284,2023-09-30,Jabal Ali First,10698.609703055597,10390.52,fitted,,,,,,2023Q3
285,2023-12-31,Jabal Ali First,10931.277127535826,12153.72,fitted,,,,,,2023Q4
286,2024-03-31,Jabal Ali First,11933.647977979166,11731.99,fitted,,,,,,2024Q1
287,2024-06-30,Jabal Ali First,12370.713925533046,12653.485,fitted,,,,,,2024Q2
288,2024-09-30,Jabal Ali First,12764.24867662207,12381.945,fitted,,,,,,2024Q3
289,2024-12-31,Jabal Ali First,12961.636112874006,13080.98,fitted,,,,,,2024Q4
290,2025-03-31,Jabal Ali First,13279.18251745122,13259.82,fitted,,,,,,2025Q1
291,2025-06-30,Jabal Ali First,13662.48735519787,13904.630000000001,fitted,,,,,,2025Q2
292,2025-09-30,Jabal Ali First,14124.145882298657,,forecast,12832.58208520756,15415.709679389754,1.0157872508868382,0.9228999322677093,1.108674569505967,2025Q3
293,2025-12-31,Jabal Ali First,14510.825410480897,,forecast,12999.981050998354,16021.669769963439,1.0435966588453556,0.9349390131918903,1.1522543044988207,2025Q4
294,2026-03-31,Jabal Ali First,14831.80056293341,,forecast,13029.076316568327,16634.52480929849,1.066680707284797,0.9370315007712055,1.1963299137983887,2026Q1
295,2026-06-30,Jabal Ali First,15178.601097257766,,forecast,13161.457136729416,17195.745057786116,1.0916220782040058,0.9465521295230017,1.23669202688501,2026Q2
296,2026-09-30,Jabal Ali First,15515.250856364806,,forecast,13291.588952037117,17738.912760692496,1.1158334206925897,0.9559110132407058,1.2757558281444739,2026Q3
297,2026-12-31,Jabal Ali First,15855.890420463842,,forecast,13447.998553461053,18263.78228746663,1.1403317039334266,0.9671597556685113,1.3135036521983419,2026Q4
298,2027-03-31,Jabal Ali First,16194.961774890871,,forecast,13614.257353503832,18775.66619627791,1.1647172039019285,0.9791168375932212,1.3503175702106356,2027Q1
299,2027-06-30,Jabal Ali First,16534.649520740615,,forecast,13792.632963364913,19276.666078116315,1.189147033811084,0.99194534218925,1.3863487254329179,2027Q2
300,2022-03-31,Madinat Al Mataar,1013.1546365819233,7534.82,fitted,,,,,,2022Q1
301,2022-06-30,Madinat Al Mataar,5117.815809088447,6413.545,fitted,,,,,,2022Q2
302,2022-09-30,Madinat Al Mataar,8684.40507142825,7068.26,fitted,,,,,,2022Q3
303,2022-12-31,Madinat Al Mataar,8292.623978537724,7384.33,fitted,,,,,,2022Q4
304,2023-03-31,Madinat Al Mataar,8808.239397924608,7289.57,fitted,,,,,,2023Q1
305,2023-06-30,Madinat Al Mataar,8955.559584098075,7651.52,fitted,,,,,,2023Q2
306,2023-09-30,Madinat Al Mataar,9048.394763302895,12373.045,fitted,,,,,,2023Q3
307,2023-12-31,Madinat Al Mataar,11201.054958792052,10469.915,fitted,,,,,,2023Q4
308,2024-03-31,Madinat Al Mataar,13201.480482329729,15913.23,fitted,,,,,,2024Q1
309,2024-06-30,Madinat Al Mataar,14315.927645723032,10312.145,fitted,,,,,,2024Q2
310,2024-09-30,Madinat Al Mataar,15222.717942498413,14362.035,fitted,,,,,,2024Q3
311,2024-12-31,Madinat Al Mataar,13585.803607967178,16992.15,fitted,,,,,,2024Q4
312,2025-03-31,Madinat Al Mataar,17052.516218473793,19993.370000000003,fitted,,,,,,2025Q1
313,2025-06-30,Madinat Al Mataar,19835.06385401671,17328.12,fitted,,,,,,2025Q2
314,2025-09-30,Madinat Al Mataar,20508.762111316228,,forecast,15943.468410548743,25074.055812083712,1.183553790677594,0.9200922206534087,1.4470153607017793,2025Q3
315,2025-12-31,Madinat Al Mataar,20244.732093874987,,forecast,15309.317364568225,25180.14682318175,1.168316706825379,0.8834955762407132,1.453137837410045,2025Q4
316,2026-03-31,Madinat Al Mataar,22010.463462496493,,forecast,15982.841992451009,28038.084932541977,1.2702164725600062,0.9223644568742028,1.6180684882458096,2026Q1
317,2026-06-30,Madinat Al Mataar,22580.16480841814,,forecast,16044.536717607649,29115.792899228632,1.3030937463739944,0.9259248387942633,1.6802626539537258,2026Q2
318,2026-09-30,Madinat Al Mataar,23854.622794712293,,forecast,16631.024088295497,31078.22150112909,1.3766422897990258,0.9597708284739197,1.793513751124132,2026Q3
319,2026-12-31,Madinat Al Mataar,24713.805317412352,,forecast,16983.60934706575,32444.001287758954,1.4262254253440276,0.9801184056357961,1.8723324450522594,2026Q4
320,2027-03-31,Madinat Al Mataar,25817.687500653585,,forecast,17546.053281665583,34089.321719641586,1.4899300963205233,1.0125768566737525,1.967283335967294,2027Q1
321,2027-06-30,Madinat Al Mataar,26777.381237626552,,forecast,18034.742580330487,35520.01989492262,1.545313700368335,1.0407789523808981,2.049848448355772,2027Q2
322,2022-03-31,Madinat Dubai Almelaheyah,979.2954759887118,19843.48,fitted,,,,,,2022Q1
323,2022-06-30,Madinat Dubai Almelaheyah,16023.821488766156,16184.16,fitted,,,,,,2022Q2
324,2022-09-30,Madinat Dubai Almelaheyah,19000.258576427204,18137.705,fitted,,,,,,2022Q3
325,2022-12-31,Madinat Dubai Almelaheyah,18731.216279051536,17271.03,fitted,,,,,,2022Q4
326,2023-03-31,Madinat Dubai Almelaheyah,18981.294514307472,19506.53,fitted,,,,,,2023Q1
327,2023-06-30,Madinat Dubai Almelaheyah,19988.3924862458,19162.39,fitted,,,,,,2023Q2
328,2023-09-30,Madinat Dubai Almelaheyah,20665.740638161475,20804.125,fitted,,,,,,2023Q3
329,2023-12-31,Madinat Dubai Almelaheyah,21521.107081430484,20764.55,fitted,,,,,,2023Q4
330,2024-03-31,Madinat Dubai Almelaheyah,22147.298717355396,25303.895,fitted,,,,,,2024Q1
331,2024-06-30,Madinat Dubai Almelaheyah,24873.478884832362,24290.39,fitted,,,,,,2024Q2
332,2024-09-30,Madinat Dubai Almelaheyah,26058.79638888911,24679.145,fitted,,,,,,2024Q3
333,2024-12-31,Madinat Dubai Almelaheyah,25892.28322127453,26294.35,fitted,,,,,,2024Q4
334,2025-03-31,Madinat Dubai Almelaheyah,27021.837454533055,28244.335,fitted,,,,,,2025Q1
335,2025-06-30,Madinat Dubai Almelaheyah,28839.25597103213,28881.45,fitted,,,,,,2025Q2
336,2025-09-30,Madinat Dubai Almelaheyah,29996.24240658342,,forecast,27583.79735856703,32408.68745459981,1.0385989071387836,0.9550696851635575,1.1221281291140095,2025Q3
337,2025-12-31,Madinat Dubai Almelaheyah,30921.88368693885,,forecast,28103.512732946856,33740.25464093085,1.0706485888672088,0.9730644663944108,1.168232711340007,2025Q4
338,2026-03-31,Madinat Dubai Almelaheyah,31922.425199250443,,forecast,28559.08734240228,35285.76305609861,1.1052916387248717,0.9888384185143848,1.2217448589353583,2026Q1
339,2026-06-30,Madinat Dubai Almelaheyah,32893.307650794275,,forecast,29131.200741826073,36655.41455976248,1.1389077643537382,1.0086474447032983,1.2691680840041786,2026Q2
340,2026-09-30,Madinat Dubai Almelaheyah,33875.93452371908,,forecast,29728.84674951769,38023.02229792047,1.1729305323562036,1.029340519590176,1.3165205451222313,2026Q3
341,2026-12-31,Madinat Dubai Almelaheyah,34853.91083017268,,forecast,30363.720492218054,39344.10116812731,1.2067922777482667,1.051322578756193,1.3622619767403406,2026Q4
342,2027-03-31,Madinat Dubai Almelaheyah,35833.72867209248,,forecast,31021.516196335888,40645.94114784908,1.2407177850174587,1.0740982947994608,1.4073372752354567,2027Q1
343,2027-06-30,Madinat Dubai Almelaheyah,36812.8173011531,,forecast,31700.06520894927,41925.56939335694,1.2746180438015786,1.0975925796298063,1.4516435079733512,2027Q2
344,2022-03-31,Marsa Dubai,17175.087681984816,17178.2,fitted,,,,,,2022Q1
345,2022-06-30,Marsa Dubai,17176.628644657325,15527.17,fitted,,,,,,2022Q2
346,2022-09-30,Marsa Dubai,16093.19580505965,15048.99,fitted,,,,,,2022Q3
347,2022-12-31,Marsa Dubai,16409.43757778641,16731.73,fitted,,,,,,2022Q4
348,2023-03-31,Marsa Dubai,17425.609121603586,16092.03,fitted,,,,,,2023Q1
349,2023-06-30,Marsa Dubai,16101.708706080977,15008.77,fitted,,,,,,2023Q2
350,2023-09-30,Marsa Dubai,16275.429188843844,14815.92,fitted,,,,,,2023Q3
351,2023-12-31,Marsa Dubai,15955.34122821782,14853.22,fitted,,,,,,2023Q4
352,2024-03-31,Marsa Dubai,16244.2416156199,16572.894999999997,fitted,,,,,,2024Q1
353,2024-06-30,Marsa Dubai,17454.762179943005,19011.16,fitted,,,,,,2024Q2
354,2024-09-30,Marsa Dubai,18506.762483467515,17560.15,fitted,,,,,,2024Q3
355,2024-12-31,Marsa Dubai,16361.923415248324,19119.0,fitted,,,,,,2024Q4
356,2025-03-31,Marsa Dubai,19550.449213178545,21308.52,fitted,,,,,,2025Q1
357,2025-06-30,Marsa Dubai,18693.05756939527,19697.58,fitted,,,,,,2025Q2
358,2025-09-30,Marsa Dubai,18043.830901008616,,forecast,15470.475698600452,20617.18610341678,0.9160430317332695,0.7853998155408152,1.046686247925724,2025Q3
359,2025-12-31,Marsa Dubai,17175.087681984816,,forecast,13771.98428909993,20578.191074869705,0.8719389733147328,0.6991713849670838,1.044706561662382,2025Q4
360,2026-03-31,Marsa Dubai,17175.087681984816,,forecast,13771.98428909993,20578.191074869705,0.8719389733147328,0.6991713849670838,1.044706561662382,2026Q1
361,2026-06-30,Marsa Dubai,17175.087681984816,,forecast,13771.98428909993,20578.191074869705,0.8719389733147328,0.6991713849670838,1.044706561662382,2026Q2
362,2026-09-30,Marsa Dubai,17175.087681984816,,forecast,13771.98428909993,20578.191074869705,0.8719389733147328,0.6991713849670838,1.044706561662382,2026Q3
363,2026-12-31,Marsa Dubai,17175.087681984816,,forecast,13771.98428909993,20578.191074869705,0.8719389733147328,0.6991713849670838,1.044706561662382,2026Q4
364,2027-03-31,Marsa Dubai,17175.087681984816,,forecast,13771.98428909993,20578.191074869705,0.8719389733147328,0.6991713849670838,1.044706561662382,2027Q1
365,2027-06-30,Marsa Dubai,17175.087681984816,,forecast,13771.98428909993,20578.191074869705,0.8719389733147328,0.6991713849670838,1.044706561662382,2027Q2
366,2022-03-31,Me'Aisem First,0.0,8344.285,fitted,,,,,,2022Q1
367,2022-06-30,Me'Aisem First,8344.285,10318.74,fitted,,,,,,2022Q2
368,2022-09-30,Me'Aisem First,10318.74,9051.2,fitted,,,,,,2022Q3
369,2022-12-31,Me'Aisem First,9051.2,7367.17,fitted,,,,,,2022Q4
370,2023-03-31,Me'Aisem First,7367.17,8071.22,fitted,,,,,,2023Q1
371,2023-06-30,Me'Aisem First,8071.22,10261.495,fitted,,,,,,2023Q2
372,2023-09-30,Me'Aisem First,10261.495,9132.22,fitted,,,,,,2023Q3
373,2023-12-31,Me'Aisem First,9132.22,9337.82,fitted,,,,,,2023Q4
374,2024-03-31,Me'Aisem First,9337.82,9979.21,fitted,,,,,,2024Q1
375,2024-06-30,Me'Aisem First,9979.21,10531.28,fitted,,,,,,2024Q2
376,2024-09-30,Me'Aisem First,10531.28,12554.93,fitted,,,,,,2024Q3
377,2024-12-31,Me'Aisem First,12554.93,12434.494999999999,fitted,,,,,,2024Q4
378,2025-03-31,Me'Aisem First,12434.494999999999,13143.244999999999,fitted,,,,,,2025Q1
379,2025-06-30,Me'Aisem First,13143.244999999999,14100.39,fitted,,,,,,2025Q2
380,2025-09-30,Me'Aisem First,14100.39,,forecast,11604.777927367188,16596.00207263281,1.0,0.823011131420279,1.176988868579721,2025Q3
381,2025-12-31,Me'Aisem First,14100.39,,forecast,10571.061560460646,17629.718439539352,1.0,0.7496999416654891,1.2503000583345107,2025Q4
382,2026-03-31,Me'Aisem First,14100.39,,forecast,9777.863094217697,18422.916905782302,1.0,0.6934462872457923,1.3065537127542077,2026Q1
383,2026-06-30,Me'Aisem First,14100.39,,forecast,9109.165854734374,19091.614145265623,1.0,0.646022262840558,1.353977737159442,2026Q2
384,2026-09-30,Me'Aisem First,14100.39,,forecast,8520.031760123888,19680.748239876113,1.0,0.6042408585949671,1.395759141405033,2026Q3
385,2026-12-31,Me'Aisem First,14100.39,,forecast,7987.413826120057,20213.366173879942,1.0,0.5664675818271734,1.4335324181728266,2026Q4
386,2027-03-31,Me'Aisem First,14100.39,,forecast,7497.6210869231145,20703.158913076884,1.0,0.5317314689113645,1.4682685310886354,2027Q1
387,2027-06-30,Me'Aisem First,14100.39,,forecast,7041.7331209212925,21159.046879078705,1.0,0.4993998833309783,1.5006001166690217,2027Q2
388,2022-03-31,Nadd Hessa,809.8088461538464,6101.72,fitted,,,,,,2022Q1
389,2022-06-30,Nadd Hessa,6911.528846153846,5780.0650000000005,fitted,,,,,,2022Q2
390,2022-09-30,Nadd Hessa,6589.873846153847,6195.62,fitted,,,,,,2022Q3
391,2022-12-31,Nadd Hessa,7005.428846153846,7812.42,fitted,,,,,,2022Q4
392,2023-03-31,Nadd Hessa,8622.228846153846,7316.52,fitted,,,,,,2023Q1
393,2023-06-30,Nadd Hessa,8126.328846153847,7226.15,fitted,,,,,,2023Q2
394,2023-09-30,Nadd Hessa,8035.958846153846,7160.555,fitted,,,,,,2023Q3
395,2023-12-31,Nadd Hessa,7970.363846153847,7097.615,fitted,,,,,,2023Q4
396,2024-03-31,Nadd Hessa,7907.423846153846,8664.88,fitted,,,,,,2024Q1
397,2024-06-30,Nadd Hessa,9474.688846153846,8447.395,fitted,,,,,,2024Q2
398,2024-09-30,Nadd Hessa,9257.203846153847,8790.795,fitted,,,,,,2024Q3
399,2024-12-31,Nadd Hessa,9600.603846153846,10137.205,fitted,,,,,,2024Q4
400,2025-03-31,Nadd Hessa,10947.013846153846,12928.165,fitted,,,,,,2025Q1
401,2025-06-30,Nadd Hessa,13737.973846153847,16629.235,fitted,,,,,,2025Q2
402,2025-09-30,Nadd Hessa,17439.043846153847,,forecast,14974.867472775297,19903.220219532395,1.0486979013859534,0.9005145139133157,1.1968812888585911,2025Q3
403,2025-12-31,Nadd Hessa,18248.852692307693,,forecast,14763.9810449964,21733.724339618984,1.097395802771907,0.8878328464897153,1.3069587590540985,2025Q4
404,2026-03-31,Nadd Hessa,19058.66153846154,,forecast,14790.582860959075,23326.740215964004,1.1460937041578605,0.8894325482175863,1.4027548600981345,2026Q1
405,2026-06-30,Nadd Hessa,19868.470384615386,,forecast,14940.117637858286,24796.823131372486,1.194791605543814,0.8984248305985384,1.4911583804890896,2026Q2
406,2026-09-30,Nadd Hessa,20678.279230769233,,forecast,15168.213351345892,26188.345110192575,1.2434895069297676,0.9121413794047586,1.5748376344547763,2026Q3
407,2026-12-31,Nadd Hessa,21488.08807692308,,forecast,15452.11332592367,27524.062827922487,1.292187408315721,0.9292137206506295,1.6551610959808125,2026Q4
408,2027-03-31,Nadd Hessa,22297.896923076925,,forecast,15778.29905251624,28817.494793637612,1.3408853097016744,0.9488289180179509,1.732941701385398,2027Q1
409,2027-06-30,Nadd Hessa,23107.70576923077,,forecast,16137.962474608186,30077.449063853357,1.389583211087628,0.9704572985232445,1.8087091236520114,2027Q2
410,2022-03-31,Wadi Al Safa 5,0.0,6134.42,fitted,,,,,,2022Q1
411,2022-06-30,Wadi Al Safa 5,6134.42,5957.3150000000005,fitted,,,,,,2022Q2
412,2022-09-30,Wadi Al Safa 5,5957.3150000000005,7465.12,fitted,,,,,,2022Q3
413,2022-12-31,Wadi Al Safa 5,7465.12,7804.8,fitted,,,,,,2022Q4
414,2023-03-31,Wadi Al Safa 5,7804.8,5821.47,fitted,,,,,,2023Q1
415,2023-06-30,Wadi Al Safa 5,5821.47,8552.98,fitted,,,,,,2023Q2
416,2023-09-30,Wadi Al Safa 5,8552.98,9391.645,fitted,,,,,,2023Q3
417,2023-12-31,Wadi Al Safa 5,9391.645,8406.8,fitted,,,,,,2023Q4
418,2024-03-31,Wadi Al Safa 5,8406.8,6996.74,fitted,,,,,,2024Q1
419,2024-06-30,Wadi Al Safa 5,6996.74,11280.21,fitted,,,,,,2024Q2
420,2024-09-30,Wadi Al Safa 5,11280.21,12378.5,fitted,,,,,,2024Q3
421,2024-12-31,Wadi Al Safa 5,12378.5,12920.57,fitted,,,,,,2024Q4
422,2025-03-31,Wadi Al Safa 5,12920.57,13713.24,fitted,,,,,,2025Q1
423,2025-06-30,Wadi Al Safa 5,13713.24,13367.84,fitted,,,,,,2025Q2
424,2025-09-30,Wadi Al Safa 5,13367.84,,forecast,10020.750757107427,16714.929242892573,1.0,0.7496162997991768,1.2503837002008231,2025Q3
425,2025-12-31,Wadi Al Safa 5,13367.84,,forecast,8634.34099822823,18101.33900177177,1.0,0.6459039753788368,1.354096024621163,2025Q4
426,2026-03-31,Wadi Al Safa 5,13367.84,,forecast,7570.511373842818,19165.16862615718,1.0,0.5663227098650805,1.4336772901349195,2026Q1
427,2026-06-30,Wadi Al Safa 5,13367.84,,forecast,6673.661514214857,20062.018485785142,1.0,0.4992325995983537,1.5007674004016462,2026Q2
428,2026-09-30,Wadi Al Safa 5,13367.84,,forecast,5883.520926133905,20852.159073866096,1.0,0.4401250258930317,1.5598749741069684,2026Q3
429,2026-12-31,Wadi Al Safa 5,13367.84,,forecast,5169.179231354732,21566.500768645266,1.0,0.3866876945979853,1.6133123054020146,2026Q4
430,2027-03-31,Wadi Al Safa 5,13367.84,,forecast,4512.2742473667895,22223.40575263321,1.0,0.33754699692446866,1.6624530030755313,2027Q1
431,2027-06-30,Wadi Al Safa 5,13367.84,,forecast,3900.84199645646,22834.83800354354,1.0,0.29180795075767363,1.7081920492423264,2027Q2
