ds,area_name_en,yhat,actual,type,yhat_lower,yhat_upper,quarter_label
2020-03-31,Al Barsha South Fifth,0.0,6712.890161290323,fitted,-4135.12443770964,4135.12443770964,2020Q1
2020-06-30,Al Barsha South Fifth,6712.890161290323,8702.015652173914,fitted,3071.7646080239515,10354.015714556694,2020Q2
2020-09-30,Al Barsha South Fifth,8702.015652173914,9036.579677419353,fitted,5060.890098907543,12343.141205440284,2020Q3
2020-12-31,Al Barsha South Fifth,9036.579677419353,7131.7825,fitted,5395.454124152982,12677.705230685724,2020Q4
2021-03-31,Al Barsha South Fifth,7131.782500000001,6517.3796551724145,fitted,3490.65694673363,10772.908053266372,2021Q1
2021-06-30,Al Barsha South Fifth,6517.3796551724145,9368.395849056604,fitted,2876.254101906043,10158.505208438786,2021Q2
2021-09-30,Al Barsha South Fifth,9368.395849056604,8017.739636363636,fitted,5727.270295790233,13009.521402322975,2021Q3
2021-12-31,Al Barsha South Fifth,8017.739636363636,8672.504102564102,fitted,4376.614083097265,11658.865189630007,2021Q4
2022-03-31,Al Barsha South Fifth,8672.504102564102,8897.653333333332,fitted,5031.378549297731,12313.629655830473,2022Q1
2022-06-30,Al Barsha South Fifth,8897.653333333332,9607.516287878787,fitted,5256.527780066961,12538.778886599703,2022Q2
2022-09-30,Al Barsha South Fifth,9607.516287878787,8664.637934782608,fitted,5966.390734612416,13248.641841145158,2022Q3
2022-12-31,Al Barsha South Fifth,8664.637934782608,10621.654085106384,fitted,5023.512381516237,12305.763488048979,2022Q4
2023-03-31,Al Barsha South Fifth,10621.654085106384,10801.849007352941,fitted,6980.528531840013,14262.779638372755,2023Q1
2023-06-30,Al Barsha South Fifth,10801.849007352941,10210.066592592593,fitted,7160.72345408657,14442.974560619312,2023Q2
2023-09-30,Al Barsha South Fifth,10210.066592592593,16596.660959147423,fitted,6568.941039326222,13851.192145858964,2023Q3
2023-12-31,Al Barsha South Fifth,16596.660959147423,14161.9060989011,fitted,12955.535405881052,20237.786512413793,2023Q4
2024-03-31,Al Barsha South Fifth,14161.9060989011,13705.38724137931,fitted,10520.780545634729,17803.031652167472,2024Q1
2024-06-30,Al Barsha South Fifth,13705.38724137931,13409.295717017209,fitted,10064.26168811294,17346.51279464568,2024Q2
2024-09-30,Al Barsha South Fifth,13409.295717017209,14383.400580985915,fitted,9768.170163750838,17050.42127028358,2024Q3
2024-12-31,Al Barsha South Fifth,14383.400580985915,15035.623034337772,fitted,10742.275027719545,18024.526134252286,2024Q4
2025-03-31,Al Barsha South Fifth,15035.623034337772,14825.50060150376,fitted,11394.497481071401,18676.748587604143,2025Q1
2025-06-30,Al Barsha South Fifth,14825.50060150376,14513.260714893617,fitted,11184.375048237389,18466.626154770132,2025Q2
2025-09-30,Al Barsha South Fifth,14513.260714893617,,forecast,10872.135161627246,18154.38626815999,2025Q3
2025-12-31,Al Barsha South Fifth,14513.260714893617,,forecast,9363.931575161076,19662.58985462616,2025Q4
2026-03-31,Al Barsha South Fifth,14513.260714893617,,forecast,8206.646259898924,20819.87516988831,2026Q1
2026-06-30,Al Barsha South Fifth,14513.260714893617,,forecast,7231.009608360874,21795.51182142636,2026Q2
2026-09-30,Al Barsha South Fifth,14513.260714893617,,forecast,6371.456463178481,22655.064966608752,2026Q3
2026-12-31,Al Barsha South Fifth,14513.260714893617,,forecast,5594.361019981916,23432.160409805318,2026Q4
2027-03-31,Al Barsha South Fifth,14513.260714893617,,forecast,4879.748008588333,24146.7734211989,2027Q1
2027-06-30,Al Barsha South Fifth,14513.260714893617,,forecast,4214.602435428535,24811.918994358697,2027Q2
2027-09-30,Al Barsha South Fifth,14513.260714893617,,forecast,3589.884055094504,25436.637374692727,2027Q3
2027-12-31,Al Barsha South Fifth,14513.260714893617,,forecast,2999.0107199311406,26027.51070985609,2027Q4
2028-03-31,Al Barsha South Fifth,14513.260714893617,,forecast,2437.013440133849,26589.507989653386,2028Q1
2028-06-30,Al Barsha South Fifth,14513.260714893617,,forecast,1900.0318049042307,27126.489624883005,2028Q2
2020-03-31,Al Barsha South Fourth,304.9666732880163,8020.295519230769,fitted,-2090.208612449857,2700.1419590258897,2020Q1
2020-06-30,Al Barsha South Fourth,8325.262192518785,9725.306394736843,fitted,6948.524806989004,9701.999578048566,2020Q2
2020-09-30,Al Barsha South Fourth,10030.273068024859,8126.545238853503,fitted,8653.535682495078,11407.01045355464,2020Q3
2020-12-31,Al Barsha South Fourth,8431.51191214152,8034.753567708333,fitted,7054.774526611738,9808.2492976713,2020Q4
2021-03-31,Al Barsha South Fourth,8339.72024099635,8507.311489361702,fitted,6962.982855466569,9716.457626526131,2021Q1
2021-06-30,Al Barsha South Fourth,8812.278162649718,7845.818130952382,fitted,7435.540777119937,10189.0155481795,2021Q2
2021-09-30,Al Barsha South Fourth,8150.7848042403975,8634.879146230698,fitted,6774.0474187106165,9527.522189770178,2021Q3
2021-12-31,Al Barsha South Fourth,8939.845819518714,8416.169618021548,fitted,7563.108433988933,10316.583205048495,2021Q4
2022-03-31,Al Barsha South Fourth,8721.136291309564,9085.424292845259,fitted,7344.398905779783,10097.873676839345,2022Q1
2022-06-30,Al Barsha South Fourth,9390.390966133275,9322.865966804979,fitted,8013.6535806034935,10767.128351663056,2022Q2
2022-09-30,Al Barsha South Fourth,9627.832640092995,9454.754394785847,fitted,8251.095254563214,11004.570025622776,2022Q3
2022-12-31,Al Barsha South Fourth,9759.721068073863,9733.905239742957,fitted,8382.983682544082,11136.458453603644,2022Q4
2023-03-31,Al Barsha South Fourth,10038.871913030973,11197.693175611306,fitted,8662.134527501192,11415.609298560754,2023Q1
2023-06-30,Al Barsha South Fourth,11502.659848899322,11327.132079461711,fitted,10125.922463369541,12879.397234429103,2023Q2
2023-09-30,Al Barsha South Fourth,11632.098752749727,12170.97430826636,fitted,10255.361367219946,13008.836138279508,2023Q3
2023-12-31,Al Barsha South Fourth,12475.940981554377,12881.828037082818,fitted,11099.203596024596,13852.678367084158,2023Q4
2024-03-31,Al Barsha South Fourth,13186.794710370834,12945.042572594191,fitted,11810.057324841053,14563.532095900615,2024Q1
2024-06-30,Al Barsha South Fourth,13250.009245882207,13129.42190928026,fitted,11873.271860352426,14626.746631411988,2024Q2
2024-09-30,Al Barsha South Fourth,13434.388582568276,13576.105582926311,fitted,12057.651197038495,14811.125968098057,2024Q3
2024-12-31,Al Barsha South Fourth,13881.072256214327,13316.948327998492,fitted,12504.334870684546,15257.809641744108,2024Q4
2025-03-31,Al Barsha South Fourth,13621.915001286508,14119.628984991095,fitted,12245.177615756727,14998.65238681629,2025Q1
2025-06-30,Al Barsha South Fourth,14424.595658279111,,forecast,13047.85827274933,15801.333043808892,2025Q2
2025-09-30,Al Barsha South Fourth,14729.562331567127,,forecast,12782.561649124835,16676.56301400942,2025Q3
2025-12-31,Al Barsha South Fourth,15034.529004855143,,forecast,12649.94990443802,17419.108105272266,2025Q4
2026-03-31,Al Barsha South Fourth,15339.49567814316,,forecast,12586.020907083597,18092.970449202723,2026Q1
2026-06-30,Al Barsha South Fourth,15644.462351431175,,forecast,12565.983970221248,18722.940732641102,2026Q2
2026-09-30,Al Barsha South Fourth,15949.429024719191,,forecast,12577.124920357863,19321.73312908052,2026Q3
2026-12-31,Al Barsha South Fourth,16254.395698007207,,forecast,12611.890955250154,19896.90044076426,2026Q4
2027-03-31,Al Barsha South Fourth,16559.362371295225,,forecast,12665.36100641064,20453.36373617981,2027Q1
2027-06-30,Al Barsha South Fourth,16864.329044583243,,forecast,12734.1168879939,20994.541201172586,2027Q2
2027-09-30,Al Barsha South Fourth,17169.29571787126,,forecast,12815.669839691813,21522.921596050706,2027Q3
2027-12-31,Al Barsha South Fourth,17474.26239115928,,forecast,12908.141048502126,22040.38373381643,2027Q4
2028-03-31,Al Barsha South Fourth,17779.229064447296,,forecast,13010.070863613051,22548.38726528154,2028Q1
2020-03-31,Al Barshaa South Third,0.0,7393.5314893617015,fitted,-3342.3259762720104,3342.3259762720104,2020Q1
2020-06-30,Al Barshaa South Third,9424.54911086913,11675.400677966101,fitted,6877.649700685627,11971.448521052633,2020Q2
2020-09-30,Al Barshaa South Third,12740.23647776768,10132.456075949367,fitted,10315.793656498887,15164.679299036472,2020Q3
2020-12-31,Al Barshaa South Third,8770.991022695556,8819.270891472868,fitted,6377.7578948681,11164.224150523012,2020Q4
2021-03-31,Al Barshaa South Third,8845.138450121789,8498.373566433565,fitted,6460.7084378823165,11229.568462361261,2021Q1
2021-06-30,Al Barshaa South Third,8311.20827073813,9266.260201729106,fitted,5929.330074657385,10693.086466818877,2021Q2
2021-09-30,Al Barshaa South Third,9782.851709269515,9953.135254237288,fitted,7401.719035116896,12163.984383422134,2021Q3
2021-12-31,Al Barshaa South Third,10045.300007939113,10540.703536121673,fitted,7664.38563732359,12426.214378554636,2021Q4
2022-03-31,Al Barshaa South Third,10808.886332968013,11224.652790697673,fitted,8428.03592854791,13189.736737388117,2022Q1
2022-06-30,Al Barshaa South Third,11449.736781045329,11287.961210191084,fitted,9068.905123334365,13830.568438756292,2022Q2
2022-09-30,Al Barshaa South Third,11200.379194401876,11509.287461187214,fitted,8819.553031143174,13581.205357660578,2022Q3
2022-12-31,Al Barshaa South Third,11676.524908905993,10213.273573619632,fitted,9295.700356037229,14057.349461774756,2022Q4
2023-03-31,Al Barshaa South Third,9421.0942244705,10598.119305912596,fitted,7040.270143599375,11801.918305341625,2023Q1
2023-06-30,Al Barshaa South Third,11235.340889222154,12853.061232583066,fitted,8854.516946691494,13616.164831752814,2023Q2
2023-09-30,Al Barshaa South Third,13728.867920646593,13773.477574585635,fitted,11348.044018662942,16109.691822630244,2023Q3
2023-12-31,Al Barshaa South Third,13797.62849459051,11993.412547274751,fitted,11416.804604491017,16178.452384690003,2023Q4
2024-03-31,Al Barshaa South Third,11016.64022104936,12997.904790697674,fitted,8635.816334433064,13397.464107665655,2024Q1
2024-06-30,Al Barshaa South Third,14070.528281862977,13404.241644506646,fitted,11689.704396267593,16451.35216745836,2024Q2
2024-09-30,Al Barshaa South Third,13043.525205804213,13508.281007488087,fitted,10662.701320508053,15424.349091100374,2024Q3
2024-12-31,Al Barshaa South Third,13759.892023367105,13658.760689655172,fitted,11379.068138158647,16140.715908575563,2024Q4
2025-03-31,Al Barshaa South Third,13604.009877460594,13574.550448087432,fitted,11223.18599227784,15984.833762643348,2025Q1
2025-06-30,Al Barshaa South Third,13558.601605866103,14093.856986666666,fitted,11177.777720690883,15939.425491041322,2025Q2
2025-09-30,Al Barshaa South Third,14383.63529528309,,forecast,12002.811410110078,16764.459180456102,2025Q3
2025-12-31,Al Barshaa South Third,14383.63529528309,,forecast,10009.2237586823,18758.04683188388,2025Q4
2026-03-31,Al Barshaa South Third,14383.63529528309,,forecast,8673.763999808747,20093.50659075743,2026Q1
2026-06-30,Al Barshaa South Third,14383.63529528309,,forecast,7596.1627074771095,21171.10788308907,2026Q2
2026-09-30,Al Barshaa South Third,14383.63529528309,,forecast,6667.617018376705,22099.653572189472,2026Q3
2026-12-31,Al Barshaa South Third,14383.63529528309,,forecast,5839.392088954683,22927.878501611496,2026Q4
2027-03-31,Al Barshaa South Third,14383.63529528309,,forecast,5084.643635526376,23682.626955039803,2027Q1
2027-06-30,Al Barshaa South Third,14383.63529528309,,forecast,4386.715779374168,24380.55481119201,2027Q2
2027-09-30,Al Barshaa South Third,14383.63529528309,,forecast,3734.430924678849,25032.83966588733,2027Q3
2027-12-31,Al Barshaa South Third,14383.63529528309,,forecast,3119.856726515316,25647.41386405086,2027Q4
2028-03-31,Al Barshaa South Third,14383.63529528309,,forecast,2537.1226622096765,26230.147928356502,2028Q1
2028-06-30,Al Barshaa South Third,14383.63529528309,,forecast,1981.7396544988278,26785.53093606735,2028Q2
2020-03-31,Al Hebiah Fourth,0.0,7909.00609561753,fitted,-2610.0763278009626,2610.0763278009626,2020Q1
2020-06-30,Al Hebiah Fourth,7909.00609561753,7287.001818181818,fitted,6185.33570477918,9632.67648645588,2020Q2
2020-09-30,Al Hebiah Fourth,7287.001818181818,6061.914599156118,fitted,5563.331427343467,9010.67220902017,2020Q3
2020-12-31,Al Hebiah Fourth,6061.914599156118,6272.299701492538,fitted,4338.2442083177675,7785.584989994469,2020Q4
2021-03-31,Al Hebiah Fourth,6272.299701492538,6281.982350427351,fitted,4548.629310654187,7995.970092330888,2021Q1
2021-06-30,Al Hebiah Fourth,6281.982350427351,6381.961928104575,fitted,4558.311959589,8005.6527412657015,2021Q2
2021-09-30,Al Hebiah Fourth,6381.961928104575,7077.443668831169,fitted,4658.291537266225,8105.632318942926,2021Q3
2021-12-31,Al Hebiah Fourth,7077.443668831169,6835.255344262295,fitted,5353.773277992818,8801.11405966952,2021Q4
2022-03-31,Al Hebiah Fourth,6835.255344262295,8076.030734693878,fitted,5111.584953423944,8558.925735100645,2022Q1
2022-06-30,Al Hebiah Fourth,8076.030734693878,7018.628916083917,fitted,6352.360343855527,9799.701125532229,2022Q2
2022-09-30,Al Hebiah Fourth,7018.628916083917,6772.633979238754,fitted,5294.958525245566,8742.299306922268,2022Q3
2022-12-31,Al Hebiah Fourth,6772.633979238754,6742.648174807198,fitted,5048.963588400404,8496.304370077105,2022Q4
2023-03-31,Al Hebiah Fourth,6742.648174807198,6826.094285714286,fitted,5018.977783968848,8466.31856564555,2023Q1
2023-06-30,Al Hebiah Fourth,6826.094285714286,7026.488161434978,fitted,5102.423894875936,8549.764676552637,2023Q2
2023-09-30,Al Hebiah Fourth,7026.488161434978,8411.728618421053,fitted,5302.817770596627,8750.15855227333,2023Q3
2023-12-31,Al Hebiah Fourth,8411.728618421053,9283.129826224329,fitted,6688.058227582703,10135.399009259405,2023Q4
2024-03-31,Al Hebiah Fourth,9283.129826224329,11506.590692212607,fitted,7559.459435385978,11006.80021706268,2024Q1
2024-06-30,Al Hebiah Fourth,11506.590692212607,12230.565283882783,fitted,9782.920301374255,13230.261083050958,2024Q2
2024-09-30,Al Hebiah Fourth,12230.565283882783,11687.022331233124,fitted,10506.894893044431,13954.235674721134,2024Q3
2024-12-31,Al Hebiah Fourth,11687.022331233124,10399.61341493268,fitted,9963.351940394772,13410.692722071475,2024Q4
2025-03-31,Al Hebiah Fourth,10399.61341493268,11267.913373205742,fitted,8675.94302409433,12123.283805771032,2025Q1
2025-06-30,Al Hebiah Fourth,11267.913373205742,11679.797930258717,fitted,9544.24298236739,12991.583764044093,2025Q2
2025-09-30,Al Hebiah Fourth,11679.797930258717,,forecast,9956.127539420366,13403.468321097069,2025Q3
2025-12-31,Al Hebiah Fourth,11679.797930258717,,forecast,9242.159886474188,14117.435974043246,2025Q4
2026-03-31,Al Hebiah Fourth,11679.797930258717,,forecast,8694.31323782459,14665.282622692845,2026Q1
2026-06-30,Al Hebiah Fourth,11679.797930258717,,forecast,8232.457148582016,15127.138711935419,2026Q2
2026-09-30,Al Hebiah Fourth,11679.797930258717,,forecast,7825.553765540533,15534.042094976901,2026Q3
2026-12-31,Al Hebiah Fourth,11679.797930258717,,forecast,7457.6849879611045,15901.910872556331,2026Q4
2027-03-31,Al Hebiah Fourth,11679.797930258717,,forecast,7119.394733854935,16240.2011266625,2027Q1
2027-06-30,Al Hebiah Fourth,11679.797930258717,,forecast,6804.521842689659,16555.074017827777,2027Q2
2027-09-30,Al Hebiah Fourth,11679.797930258717,,forecast,6508.786757743665,16850.80910277377,2027Q3
2027-12-31,Al Hebiah Fourth,11679.797930258717,,forecast,6229.073559816902,17130.522300700533,2027Q4
2028-03-31,Al Hebiah Fourth,11679.797930258717,,forecast,5963.029981602662,17396.56587891477,2028Q1
2028-06-30,Al Hebiah Fourth,11679.797930258717,,forecast,5708.828545390462,17650.767315126974,2028Q2
2020-03-31,Al Khairan First,2505.7936721065594,16718.554259259257,fitted,-245.52403095793534,5257.1113751710545,2020Q1
2020-06-30,Al Khairan First,3317.565454086267,15559.377204968943,fitted,570.7390957567468,6064.391812415787,2020Q2
2020-09-30,Al Khairan First,849.8246133619214,15240.172207792208,fitted,-1852.974783183698,3552.6240099075408,2020Q3
2020-12-31,Al Khairan First,-1190.391870825999,15401.8822,fitted,-3865.5658281596366,1484.7820865076387,2020Q4
2021-03-31,Al Khairan First,13094.529072372563,13461.128285714285,fitted,11318.951641371586,14870.10650337354,2021Q1
2021-06-30,Al Khairan First,12664.158471435083,13390.863664596272,fitted,10895.960745308896,14432.35619756127,2021Q2
2021-09-30,Al Khairan First,16542.535667582066,15264.565816993463,fitted,14859.224991633542,18225.84634353059,2021Q3
2021-12-31,Al Khairan First,18562.700351838674,17910.47617554859,fitted,16911.288130714405,20214.112572962942,2021Q4
2022-03-31,Al Khairan First,18906.244248485746,18463.706338729764,fitted,17356.361842826693,20456.1266541448,2022Q1
2022-06-30,Al Khairan First,17327.911275356997,18511.67405544148,fitted,15780.766002843915,18875.05654787008,2022Q2
2022-09-30,Al Khairan First,17784.021184723613,18596.77517408124,fitted,16252.262630100371,19315.779739346854,2022Q3
2022-12-31,Al Khairan First,18980.506980974846,18635.665623100303,fitted,17455.492211772602,20505.52175017709,2022Q4
2023-03-31,Al Khairan First,19803.61093732456,20929.485142076504,fitted,18296.715979021068,21310.50589562805,2023Q1
2023-06-30,Al Khairan First,20596.457929838245,20969.55748382459,fitted,19090.46489653222,22102.45096314427,2023Q2
2023-09-30,Al Khairan First,20830.228107447667,22039.08891679749,fitted,19327.350727999412,22333.10548689592,2023Q3
2023-12-31,Al Khairan First,21232.48557342839,20511.315479674795,fitted,19731.02302406967,22733.948122787107,2023Q4
2024-03-31,Al Khairan First,22536.668945003006,22022.39381778742,fitted,21038.524598497745,24034.813291508268,2024Q1
2024-06-30,Al Khairan First,23511.86996331164,23029.05872141372,fitted,22013.938710970095,25009.801215653188,2024Q2
2024-09-30,Al Khairan First,24961.691320999085,26108.55105774728,fitted,23464.35242236304,26459.03021963513,2024Q3
2024-12-31,Al Khairan First,23967.042217126866,24183.292505773672,fitted,22469.97414248511,25464.110291768622,2024Q4
2025-03-31,Al Khairan First,24236.05815012122,22711.426282578876,fitted,22739.57543298785,25732.540867254585,2025Q1
2025-06-30,Al Khairan First,25000.641434655317,24005.309360385145,fitted,23504.20085816831,26497.082011142324,2025Q2
2025-09-30,Al Khairan First,28774.823567182917,,forecast,27278.48870006044,30271.158434305395,2025Q3
2025-12-31,Al Khairan First,27793.871437876674,,forecast,26287.708855094683,29300.034020658666,2025Q4
2026-03-31,Al Khairan First,26426.381234813252,,forecast,24687.142322688705,28165.6201469378,2026Q1
2026-06-30,Al Khairan First,26600.402611668178,,forecast,24817.022846280226,28383.78237705613,2026Q2
2026-09-30,Al Khairan First,30433.447526522923,,forecast,28327.843346279784,32539.051706766062,2026Q3
2026-12-31,Al Khairan First,29782.59476852729,,forecast,27664.460607511348,31900.728929543235,2026Q4
2027-03-31,Al Khairan First,29083.090635859116,,forecast,26917.48016945598,31248.701102262254,2027Q1
2027-06-30,Al Khairan First,29457.600187037046,,forecast,27260.636974880785,31654.563399193306,2027Q2
2027-09-30,Al Khairan First,33056.47513623497,,forecast,30676.017521229434,35436.93275124051,2027Q3
2027-12-31,Al Khairan First,32171.738575232364,,forecast,29788.98832267049,34554.48882779424,2027Q4
2028-03-31,Al Khairan First,31463.394007135077,,forecast,29044.64748733094,33882.14052693921,2028Q1
2028-06-30,Al Khairan First,31953.997203940165,,forecast,29518.48155910772,34389.51284877261,2028Q2
2020-03-31,Al Merkadh,0.0,14957.4183014862,fitted,-2894.7683442354955,2894.7683442354955,2020Q1
2020-06-30,Al Merkadh,14957.4183014862,17515.002721518988,fitted,12827.107303980487,17087.72929899191,2020Q2
2020-09-30,Al Merkadh,17515.002721518988,16041.494505494506,fitted,15384.691724013275,19645.3137190247,2020Q3
2020-12-31,Al Merkadh,16041.494505494506,16050.881631205673,fitted,13911.183507988793,18171.805503000218,2020Q4
2021-03-31,Al Merkadh,16050.881631205673,16667.31613861386,fitted,13920.570633699961,18181.192628711386,2021Q1
2021-06-30,Al Merkadh,16667.31613861386,16540.51876344086,fitted,14537.005141108148,18797.627136119572,2021Q2
2021-09-30,Al Merkadh,16540.51876344086,17451.707823834196,fitted,14410.207765935149,18670.829760946574,2021Q3
2021-12-31,Al Merkadh,17451.707823834196,17294.918032407408,fitted,15321.396826328484,19582.01882133991,2021Q4
2022-03-31,Al Merkadh,17294.918032407408,16561.90343495935,fitted,15164.607034901695,19425.22902991312,2022Q1
2022-06-30,Al Merkadh,16561.90343495935,17207.21631294964,fitted,14431.592437453637,18692.21443246506,2022Q2
2022-09-30,Al Merkadh,17207.21631294964,16704.433698366956,fitted,15076.905315443928,19337.527310455353,2022Q3
2022-12-31,Al Merkadh,16704.433698366956,18948.211664175386,fitted,14574.122700861244,18834.74469587267,2022Q4
2023-03-31,Al Merkadh,18948.211664175386,18418.260587248322,fitted,16817.900666669673,21078.522661681098,2023Q1
2023-06-30,Al Merkadh,18418.260587248322,17695.814878603946,fitted,16287.94958974261,20548.571584754034,2023Q2
2023-09-30,Al Merkadh,17695.814878603946,19044.47265756985,fitted,15565.503881098233,19826.125876109658,2023Q3
2023-12-31,Al Merkadh,19044.47265756985,18615.067218259628,fitted,16914.16166006414,21174.783655075564,2023Q4
2024-03-31,Al Merkadh,18615.067218259628,18225.48553268142,fitted,16484.756220753916,20745.37821576534,2024Q1
2024-06-30,Al Merkadh,18225.48553268142,19037.70056657224,fitted,16095.174535175709,20355.796530187134,2024Q2
2024-09-30,Al Merkadh,19037.70056657224,20746.58554076539,fitted,16907.389569066527,21168.01156407795,2024Q3
2024-12-31,Al Merkadh,20746.58554076539,20729.381554748943,fitted,18616.27454325968,22876.896538271103,2024Q4
2025-03-31,Al Merkadh,20729.381554748943,19703.187572633553,fitted,18599.07055724323,22859.692552254655,2025Q1
2025-06-30,Al Merkadh,19703.187572633553,20734.856679810724,fitted,17572.87657512784,21833.498570139265,2025Q2
2025-09-30,Al Merkadh,20734.856679810724,,forecast,18604.54568230501,22865.167677316436,2025Q3
2025-12-31,Al Merkadh,20734.856679810724,,forecast,17722.141975065588,23747.57138455586,2025Q4
2026-03-31,Al Merkadh,20734.856679810724,,forecast,17045.04979620809,24424.663563413356,2026Q1
2026-06-30,Al Merkadh,20734.856679810724,,forecast,16474.234684799296,24995.478674822152,2026Q2
2026-09-30,Al Merkadh,20734.856679810724,,forecast,15971.336476172564,25498.376883448884,2026Q3
2026-12-31,Al Merkadh,20734.856679810724,,forecast,15516.68174248228,25953.031617139168,2026Q4
2027-03-31,Al Merkadh,20734.856679810724,,forecast,15098.583565184668,26371.12979443678,2027Q1
2027-06-30,Al Merkadh,20734.856679810724,,forecast,14709.427270320451,26760.286089300997,2027Q2
2027-09-30,Al Merkadh,20734.856679810724,,forecast,14343.923687293585,27125.78967232786,2027Q3
2027-12-31,Al Merkadh,20734.856679810724,,forecast,13998.221803187393,27471.491556434055,2027Q4
2028-03-31,Al Merkadh,20734.856679810724,,forecast,13669.414414316536,27800.298945304912,2028Q1
2028-06-30,Al Merkadh,20734.856679810724,,forecast,13355.242912605463,28114.470447015985,2028Q2
2020-03-31,Al Thanyah Fifth,347.96374957376116,8574.068085106383,fitted,-2092.605486822492,2788.532985970014,2020Q1
2020-06-30,Al Thanyah Fifth,8922.031834680143,9174.017199999998,fitted,7467.7555964950925,10376.308072865195,2020Q2
2020-09-30,Al Thanyah Fifth,9521.980949573759,8193.329193548389,fitted,8067.704711388708,10976.257187758809,2020Q3
2020-12-31,Al Thanyah Fifth,8541.29294312215,8369.433538461539,fitted,7087.016704937098,9995.5691813072,2020Q4
2021-03-31,Al Thanyah Fifth,9713.532707248789,9057.419873873874,fitted,8289.602977766066,11137.462436731512,2021Q1
2021-06-30,Al Thanyah Fifth,9491.322156610157,10243.871673511294,fitted,8124.234569459244,10858.409743761069,2021Q2
2021-09-30,Al Thanyah Fifth,10138.704413465935,10255.137784503633,fitted,8771.616826315023,11505.792000616848,2021Q3
2021-12-31,Al Thanyah Fifth,10544.489617754516,10469.953595317726,fitted,9177.402030603604,11911.577204905429,2021Q4
2022-03-31,Al Thanyah Fifth,10584.513582950003,10749.761389432486,fitted,9221.30716990535,11947.719995994656,2022Q1
2022-06-30,Al Thanyah Fifth,11388.1600613366,10893.850260416666,fitted,10032.966048108981,12743.35407456422,2022Q2
2022-09-30,Al Thanyah Fifth,11286.749680420786,10531.549197080292,fitted,9931.555667193166,12641.943693648405,2022Q3
2022-12-31,Al Thanyah Fifth,10850.74691411923,11853.744355495252,fitted,9495.552900891611,12205.94092734685,2022Q4
2023-03-31,Al Thanyah Fifth,12265.846619471937,12072.691927860697,fitted,10911.238382667923,13620.45485627595,2023Q1
2023-06-30,Al Thanyah Fifth,12226.521184015059,12072.691927860697,fitted,10873.139018152533,13579.903349877584,2023Q2
2023-09-30,Al Thanyah Fifth,12124.059366799826,12072.691927860697,fitted,10770.6772009373,13477.441532662351,2023Q3
2023-12-31,Al Thanyah Fifth,12814.571395512698,14900.241000909917,fitted,11461.189229650172,14167.953561375223,2023Q4
2024-03-31,Al Thanyah Fifth,15172.279842994352,14900.241000909917,fitted,13818.988212039696,16525.571473949007,2024Q1
2024-06-30,Al Thanyah Fifth,15187.62820883439,15417.313783515392,fitted,13834.526474111071,16540.729943557708,2024Q2
2024-09-30,Al Thanyah Fifth,15745.049509616227,,forecast,14391.947774892908,17098.151244339544,2024Q3
2024-12-31,Al Thanyah Fifth,16914.330704755852,,forecast,15000.755880239572,18827.90552927213,2024Q4
2025-03-31,Al Thanyah Fifth,17155.15373455097,,forecast,14811.520890333106,19498.786578768835,2025Q1
2025-06-30,Al Thanyah Fifth,17593.60303877639,,forecast,14887.428345979837,20299.777731572944,2025Q2
2025-09-30,Al Thanyah Fifth,17941.566788350152,,forecast,14642.950518535612,21240.18305816469,2025Q3
2025-12-31,Al Thanyah Fifth,18289.530537923914,,forecast,14489.7467120941,22089.31436375373,2025Q4
2026-03-31,Al Thanyah Fifth,18637.494287497677,,forecast,14395.343305909382,22879.645269085973,2026Q1
2026-06-30,Al Thanyah Fifth,18985.45803707144,,forecast,14342.901330024859,23628.01474411802,2026Q2
2026-09-30,Al Thanyah Fifth,19333.4217866452,,forecast,14322.351980137228,24344.491593153176,2026Q3
2026-12-31,Al Thanyah Fifth,19681.385536218964,,forecast,14327.106085793488,25035.664986644442,2026Q4
2027-03-31,Al Thanyah Fifth,20029.349285792727,,forecast,14352.57236038856,25706.126211196894,2027Q1
2027-06-30,Al Thanyah Fifth,20377.31303536649,,forecast,14395.399956062021,26359.226114670957,2027Q2
2020-03-31,Al Yelayiss 2,197.43865807638596,7453.297727272728,fitted,-2541.5395709894246,2936.416887142196,2020Q1
2020-06-30,Al Yelayiss 2,7650.736385349097,7540.3500746268655,fitted,5737.481849590088,9563.990921108105,2020Q2
2020-09-30,Al Yelayiss 2,7737.78873270326,8681.55321495327,fitted,5824.534196944267,9651.043268462254,2020Q3
2020-12-31,Al Yelayiss 2,8878.991873029572,9776.605805471125,fitted,6965.737337270579,10792.246408788566,2020Q4
2021-03-31,Al Yelayiss 2,8861.17153425768,9158.338806818181,fitted,6994.606536266329,10727.736532249033,2021Q1
2021-06-30,Al Yelayiss 2,9390.475398815799,9132.205243445693,fitted,7574.197680941057,11206.753116690541,2021Q2
2021-09-30,Al Yelayiss 2,9032.988660232368,9117.314347826086,fitted,7216.710942357637,10849.266378107099,2021Q3
2021-12-31,Al Yelayiss 2,9032.60435258726,8365.894811320755,fitted,7216.326634712528,10848.88207046199,2021Q4
2022-03-31,Al Yelayiss 2,9036.306656771549,7459.595967741936,fitted,7221.911731075808,10850.701582467289,2022Q1
2022-06-30,Al Yelayiss 2,7715.21130350321,8160.685138888888,fitted,5903.011315023906,9527.411291982513,2022Q2
2022-09-30,Al Yelayiss 2,8483.601139605442,7864.970842105263,fitted,6671.4011511261415,10295.801128084742,2022Q3
2022-12-31,Al Yelayiss 2,8400.805654734188,8493.654150943396,fitted,6588.605666254887,10213.005643213488,2022Q4
2023-03-31,Al Yelayiss 2,9769.790830542375,11820.714103225806,fitted,7983.406941627927,11556.174719456823,2023Q1
2023-06-30,Al Yelayiss 2,11803.519962359214,10325.360177514793,fitted,10047.815469015639,13559.22445570279,2023Q2
2023-09-30,Al Yelayiss 2,10879.77996811901,10684.73952681388,fitted,9124.075474775433,12635.484461462587,2023Q3
2023-12-31,Al Yelayiss 2,10838.438319315077,11010.942685714286,fitted,9082.733825971502,12594.142812658652,2023Q4
2024-03-31,Al Yelayiss 2,10737.985147632655,11479.351048951048,fitted,9018.087222205502,12457.883073059807,2024Q1
2024-06-30,Al Yelayiss 2,12267.286747292903,11838.730931818183,fitted,10593.083043619024,13941.490450966781,2024Q2
2024-09-30,Al Yelayiss 2,12137.573095246185,11633.171516709512,fitted,10463.369391572305,13811.776798920066,2024Q3
2024-12-31,Al Yelayiss 2,11769.874087829427,12185.523502235468,fitted,10095.670384155546,13444.077791503307,2024Q4
2025-03-31,Al Yelayiss 2,12705.512487847223,13456.600389221558,fitted,11063.106187421867,14347.91878827258,2025Q1
2025-06-30,Al Yelayiss 2,13615.581587287577,13795.106962190352,fitted,12017.781251853412,15213.381922721743,2025Q2
2025-09-30,Al Yelayiss 2,14222.745936181396,,forecast,12624.94560074723,15820.546271615562,2025Q3
2025-12-31,Al Yelayiss 2,14259.148676187178,,forecast,11999.517771851904,16518.779580522452,2025Q4
2026-03-31,Al Yelayiss 2,14814.979789914963,,forecast,12061.309290950368,17568.65028887956,2026Q1
2026-06-30,Al Yelayiss 2,14615.356817592643,,forecast,11461.81636609008,17768.897269095207,2026Q2
2026-09-30,Al Yelayiss 2,14730.422806433668,,forecast,11527.752750296495,17933.09286257084,2026Q3
2026-12-31,Al Yelayiss 2,15023.567421782234,,forecast,11772.510117197711,18274.624726366757,2026Q4
2027-03-31,Al Yelayiss 2,16042.28737031201,,forecast,12749.873682651905,19334.701057972114,2027Q1
2027-06-30,Al Yelayiss 2,15973.726272414533,,forecast,12649.886556107329,19297.565988721737,2027Q2
2027-09-30,Al Yelayiss 2,16091.18420972676,,forecast,12687.99751382541,19494.370905628108,2027Q3
2027-12-31,Al Yelayiss 2,16381.549702821463,,forecast,12900.824359646747,19862.27504599618,2027Q4
2028-03-31,Al Yelayiss 2,17376.42117654323,,forecast,13826.758676748976,20926.083676337483,2028Q1
2028-06-30,Al Yelayiss 2,17315.584214764545,,forecast,13708.527749744893,20922.6406797842,2028Q2
2020-03-31,Burj Khalifa,0.0,17251.62856534091,fitted,-3253.453877132379,3253.453877132379,2020Q1
2020-06-30,Burj Khalifa,17251.62856534091,16620.354117647057,fitted,14654.802943560813,19848.454187121006,2020Q2
2020-09-30,Burj Khalifa,16620.354117647057,14381.28125,fitted,14023.52849586696,19217.179739427153,2020Q3
2020-12-31,Burj Khalifa,14381.28125,14733.611353637903,fitted,11784.455628219903,16978.106871780095,2020Q4
2021-03-31,Burj Khalifa,14733.611353637903,13846.07021875,fitted,12136.785731857806,17330.436975418,2021Q1
2021-06-30,Burj Khalifa,13846.07021875,16212.051317280453,fitted,11249.244596969902,16442.895840530095,2021Q2
2021-09-30,Burj Khalifa,16212.051317280453,15846.373355704698,fitted,13615.225695500356,18808.87693906055,2021Q3
2021-12-31,Burj Khalifa,15846.373355704698,18539.87541436464,fitted,13249.5477339246,18443.198977484793,2021Q4
2022-03-31,Burj Khalifa,18539.87541436464,18771.69054525627,fitted,15943.049792584543,21136.701036144736,2022Q1
2022-06-30,Burj Khalifa,18771.69054525627,21800.059319435928,fitted,16174.864923476174,21368.516167036367,2022Q2
2022-09-30,Burj Khalifa,21800.059319435928,21094.526066763425,fitted,19203.233697655833,24396.884941216023,2022Q3
2022-12-31,Burj Khalifa,21094.526066763425,20152.937612704918,fitted,18497.70044498333,23691.35168854352,2022Q4
2023-03-31,Burj Khalifa,20152.937612704918,21399.965943738654,fitted,17556.111990924823,22749.763234485014,2023Q1
2023-06-30,Burj Khalifa,21399.965943738654,20404.47554834055,fitted,18803.14032195856,23996.79156551875,2023Q2
2023-09-30,Burj Khalifa,20404.47554834055,20658.87821512081,fitted,17807.649926560454,23001.301170120645,2023Q3
2023-12-31,Burj Khalifa,20658.87821512081,22211.250685966017,fitted,18062.052593340715,23255.703836900906,2023Q4
2024-03-31,Burj Khalifa,22211.250685966017,21300.028394863562,fitted,19614.42506418592,24808.076307746112,2024Q1
2024-06-30,Burj Khalifa,21300.028394863562,20970.70872693727,fitted,18703.202773083467,23896.854016643658,2024Q2
2024-09-30,Burj Khalifa,20970.70872693727,21258.78662686567,fitted,18373.883105157176,23567.534348717367,2024Q3
2024-12-31,Burj Khalifa,21258.78662686567,22159.86922047244,fitted,18661.961005085574,23855.612248645764,2024Q4
2025-03-31,Burj Khalifa,22159.86922047244,21976.611663947795,fitted,19563.043598692344,24756.694842252535,2025Q1
2025-06-30,Burj Khalifa,21976.611663947795,21607.478500400965,fitted,19379.7860421677,24573.43728572789,2025Q2
2025-09-30,Burj Khalifa,21607.478500400965,,forecast,19010.65287862087,24204.30412218106,2025Q3
2025-12-31,Burj Khalifa,21607.478500400965,,forecast,17935.012486961605,25279.944513840324,2025Q4
2026-03-31,Burj Khalifa,21607.478500400965,,forecast,17109.644585081194,26105.312415720735,2026Q1
2026-06-30,Burj Khalifa,21607.478500400965,,forecast,16413.82725684077,26801.12974396116,2026Q2
2026-09-30,Burj Khalifa,21607.478500400965,,forecast,15800.79988438751,27414.15711641442,2026Q3
2026-12-31,Burj Khalifa,21607.478500400965,,forecast,15246.580776054067,27968.376224747863,2026Q4
2027-03-31,Burj Khalifa,21607.478500400965,,forecast,14736.923706970152,28478.033293831777,2027Q1
2027-06-30,Burj Khalifa,21607.478500400965,,forecast,14262.546473522247,28952.41052727968,2027Q2
2027-09-30,Burj Khalifa,21607.478500400965,,forecast,13817.001635060673,29397.955365741254,2027Q3
2027-12-31,Burj Khalifa,21607.478500400965,,forecast,13395.594849292902,29819.362151509027,2027Q4
2028-03-31,Burj Khalifa,21607.478500400965,,forecast,12994.782266975019,30220.174733826912,2028Q1
2028-06-30,Burj Khalifa,21607.478500400965,,forecast,12611.810669761426,30603.1463310405,2028Q2
2020-03-31,Business Bay,599.947820174041,15223.828947368422,fitted,-2686.8516336027205,3886.747273950803,2020Q1
2020-06-30,Business Bay,13199.392838843905,15463.112162162162,fitted,10627.686272319712,15771.099405368099,2020Q2
2020-09-30,Business Bay,13569.181450035763,13289.893023255814,fitted,11100.536315815738,16037.826584255788,2020Q3
2020-12-31,Business Bay,13555.440213033991,14227.803864915571,fitted,11148.736821602652,15962.143604465331,2020Q4
2021-03-31,Business Bay,14603.75950572052,13842.763457382955,fitted,12224.893560626384,16982.625450814656,2021Q1
2021-06-30,Business Bay,14626.557044625168,14858.759358059915,fitted,12263.76822890634,16989.345860343994,2021Q2
2021-09-30,Business Bay,15528.392222475999,16146.06929401251,fitted,13174.508897169122,17882.275547782876,2021Q3
2021-12-31,Business Bay,16411.365410993327,15557.079607843138,fitted,14062.66542569042,18760.06539629623,2021Q4
2022-03-31,Business Bay,16404.15010881212,16762.03312793427,fitted,14058.462257776668,18749.83795984757,2022Q1
2022-06-30,Business Bay,17397.647729440592,17206.977418300652,fitted,15053.729985245569,19741.565473635615,2022Q2
2022-09-30,Business Bay,17810.731554127626,18794.63235714286,fitted,15467.855780116857,20153.607328138394,2022Q3
2022-12-31,Business Bay,18985.041731024223,20157.111309904154,fitted,16642.781117855848,21327.302344192598,2022Q4
2023-03-31,Business Bay,19983.412120787554,21039.864148451732,fitted,17641.515034771943,22325.309206803166,2023Q1
2023-06-30,Business Bay,20874.875023126766,18724.43191644562,fitted,18533.192950426357,23216.557095827175,2023Q2
2023-09-30,Business Bay,20070.130836196957,23507.837766679982,fitted,17728.57598624948,22411.685686144432,2023Q3
2023-12-31,Business Bay,23024.28835917434,21606.679853637535,fitted,20682.808807821395,25365.767910527287,2023Q4
2024-03-31,Business Bay,22051.71704516097,22396.597755519215,fitted,19710.282066920245,24393.152023401697,2024Q1
2024-06-30,Business Bay,23171.365224679303,23129.234796304074,fitted,20829.956634066657,25512.77381529195,2024Q2
2024-09-30,Business Bay,23667.31646745698,22962.000619025945,fitted,21325.923499355387,26008.709435558576,2024Q3
2024-12-31,Business Bay,23898.333700402778,23129.158930982747,fitted,21556.94998174333,26239.717419062225,2024Q4
2025-03-31,Business Bay,24251.519140579232,23203.92967171717,fitted,21910.140898235008,26592.897382923456,2025Q1
2025-06-30,Business Bay,24470.2234134337,23269.911807318895,fitted,22128.84841348714,26811.598413380263,2025Q2
2025-09-30,Business Bay,24672.58325966481,,forecast,22331.210179478552,27013.95633985107,2025Q3
2025-12-31,Business Bay,25555.726356508974,,forecast,22897.953101505558,28213.49961151239,2025Q4
2026-03-31,Business Bay,26155.674176683016,,forecast,23405.921588635414,28905.42676473062,2026Q1
2026-06-30,Business Bay,26755.62199685706,,forecast,23916.86876419707,29594.37522951705,2026Q2
2026-09-30,Business Bay,27355.5698170311,,forecast,24430.522717170898,30280.616916891304,2026Q3
2026-12-31,Business Bay,27955.517637205143,,forecast,24946.65054860458,30964.384725805707,2026Q4
2027-03-31,Business Bay,28555.465457379185,,forecast,25465.050958104584,31645.879956653785,2027Q1
2027-06-30,Business Bay,29155.413277553227,,forecast,25985.548548926825,32325.27800617963,2027Q2
2027-09-30,Business Bay,29755.36109772727,,forecast,26507.989388444086,33002.73280701045,2027Q3
2027-12-31,Business Bay,30355.30891790131,,forecast,27032.23750146804,33678.38033433458,2027Q4
2028-03-31,Business Bay,30955.256738075353,,forecast,27558.172067482217,34352.341408668486,2028Q1
2028-06-30,Business Bay,31555.204558249396,,forecast,28085.685156424133,35024.723960074654,2028Q2
2020-03-31,Hadaeq Sheikh Mohammed Bin Rashid,639.7996157466661,12619.941393442623,fitted,-1734.7233989993251,3014.322630492657,2020Q1
2020-06-30,Hadaeq Sheikh Mohammed Bin Rashid,13259.741009189289,12357.096181818182,fitted,11919.255751208335,14600.226267170243,2020Q2
2020-09-30,Hadaeq Sheikh Mohammed Bin Rashid,12996.895797564848,12234.506899224805,fitted,11656.410539583894,14337.381055545802,2020Q3
2020-12-31,Hadaeq Sheikh Mohammed Bin Rashid,12874.306514971471,12637.739856630824,fitted,11533.821256990517,14214.791772952425,2020Q4
2021-03-31,Hadaeq Sheikh Mohammed Bin Rashid,12050.5065654647,12469.96612244898,fitted,10732.26813388013,13368.74499704927,2021Q1
2021-06-30,Hadaeq Sheikh Mohammed Bin Rashid,13399.860463455567,13915.675036764706,fitted,12130.488904889091,14669.232022022043,2021Q2
2021-09-30,Hadaeq Sheikh Mohammed Bin Rashid,14800.49350300354,13791.355864864865,fitted,13531.121944437062,16069.865061570017,2021Q3
2021-12-31,Hadaeq Sheikh Mohammed Bin Rashid,14507.183988919565,14050.050845360825,fitted,13237.81243035309,15776.555547486041,2021Q4
2022-03-31,Hadaeq Sheikh Mohammed Bin Rashid,14550.454825971266,15094.050414201183,fitted,13283.574021321334,15817.335630621199,2022Q1
2022-06-30,Hadaeq Sheikh Mohammed Bin Rashid,15548.981452130187,14885.772386980108,fitted,14288.058621538663,16809.90428272171,2022Q2
2022-09-30,Hadaeq Sheikh Mohammed Bin Rashid,15887.248174045733,17043.994102306922,fitted,14626.32534345421,17148.171004637257,2022Q3
2022-12-31,Hadaeq Sheikh Mohammed Bin Rashid,17847.63079923736,17771.453442922375,fitted,16586.707968645835,19108.553629828883,2022Q4
2023-03-31,Hadaeq Sheikh Mohammed Bin Rashid,18215.66090428062,19149.585249003983,fitted,16955.06115022922,19476.26065833202,2023Q1
2023-06-30,Hadaeq Sheikh Mohammed Bin Rashid,20030.27579906776,20134.778945205482,fitted,18770.456979822895,21290.094618312625,2023Q2
2023-09-30,Hadaeq Sheikh Mohammed Bin Rashid,20354.42506476419,20130.319438877756,fitted,19094.606245519324,21614.243884009054,2023Q3
2023-12-31,Hadaeq Sheikh Mohammed Bin Rashid,20797.788209798546,21668.10001753361,fitted,19537.96939055368,22057.60702904341,2023Q4
2024-03-31,Hadaeq Sheikh Mohammed Bin Rashid,21968.50554053489,21955.513578138343,fitted,20708.729398904852,23228.28168216493,2024Q1
2024-06-30,Hadaeq Sheikh Mohammed Bin Rashid,22557.288983781575,23050.953840425533,fitted,21297.616143335963,23816.961824227186,2024Q2
2024-09-30,Hadaeq Sheikh Mohammed Bin Rashid,23772.295875888798,24696.858341314757,fitted,22512.623035443186,25031.96871633441,2024Q3
2024-12-31,Hadaeq Sheikh Mohammed Bin Rashid,25019.988839854133,24370.519642285104,fitted,23760.31599940852,26279.661680299745,2024Q4
2025-03-31,Hadaeq Sheikh Mohammed Bin Rashid,25015.046795889542,23863.645028571427,fitted,23755.379606572387,26274.713985206698,2025Q1
2025-06-30,Hadaeq Sheikh Mohammed Bin Rashid,24323.779554523662,23827.094867383512,fitted,23064.126046248082,25583.433062799242,2025Q2
2025-09-30,Hadaeq Sheikh Mohammed Bin Rashid,24130.40790496746,,forecast,22870.75439669188,25390.06141324304,2025Q3
2025-12-31,Hadaeq Sheikh Mohammed Bin Rashid,25006.576263859464,,forecast,23225.15718856529,26787.99533915364,2025Q4
2026-03-31,Hadaeq Sheikh Mohammed Bin Rashid,26065.422435642336,,forecast,23883.638991539225,28247.20587974545,2026Q1
2026-06-30,Hadaeq Sheikh Mohammed Bin Rashid,26885.991731081293,,forecast,24366.686369148956,29405.29709301363,2026Q2
2026-09-30,Hadaeq Sheikh Mohammed Bin Rashid,27525.79134682796,,forecast,24882.15494018577,30169.427753470147,2026Q3
2026-12-31,Hadaeq Sheikh Mohammed Bin Rashid,28165.590962574624,,forecast,25403.213835101436,30927.968090047812,2026Q4
2027-03-31,Hadaeq Sheikh Mohammed Bin Rashid,28805.39057832129,,forecast,25929.170604423252,31681.61055221933,2027Q1
2027-06-30,Hadaeq Sheikh Mohammed Bin Rashid,29445.190194067956,,forecast,26459.464941786187,32430.915446349725,2027Q2
2027-09-30,Hadaeq Sheikh Mohammed Bin Rashid,30084.989809814622,,forecast,26993.635862759056,33176.343756870185,2027Q3
2027-12-31,Hadaeq Sheikh Mohammed Bin Rashid,30724.78942556129,,forecast,27531.29867563903,33918.280175483545,2027Q4
2028-03-31,Hadaeq Sheikh Mohammed Bin Rashid,31364.589041307954,,forecast,28072.12839405611,34657.0496885598,2028Q1
2028-06-30,Hadaeq Sheikh Mohammed Bin Rashid,32004.38865705462,,forecast,28615.847517040966,35392.929797068275,2028Q2
2020-03-31,Jabal Ali First,262.586347101494,8088.398716216217,fitted,-2164.704151291896,2689.876845494884,2020Q1
2020-06-30,Jabal Ali First,8350.985063317714,8687.074888888888,fitted,6919.105060350738,9782.865066284689,2020Q2
2020-09-30,Jabal Ali First,8949.661235990383,7895.523173076924,fitted,7517.7812330234065,10381.54123895736,2020Q3
2020-12-31,Jabal Ali First,8158.1095201784165,7422.9196249999995,fitted,6726.229517211441,9589.989523145392,2020Q4
2021-03-31,Jabal Ali First,7685.505972101493,8131.813503184713,fitted,6253.625969134517,9117.38597506847,2021Q1
2021-06-30,Jabal Ali First,8394.399850286209,7912.970576923078,fitted,6962.519847319232,9826.279853253185,2021Q2
2021-09-30,Jabal Ali First,8175.55692402457,7660.2268468468465,fitted,6743.676921057595,9607.436926991546,2021Q3
2021-12-31,Jabal Ali First,7922.81319394834,9257.986541353383,fitted,6490.9331909813645,9354.693196915316,2021Q4
2022-03-31,Jabal Ali First,9520.572888454877,9892.645693950179,fitted,8088.692885487901,10952.452891421854,2022Q1
2022-06-30,Jabal Ali First,10155.232041051673,9621.443015463918,fitted,8723.352038084697,11587.11204401865,2022Q2
2022-09-30,Jabal Ali First,9884.029362565412,10498.619078726968,fitted,8452.149359598436,11315.909365532389,2022Q3
2022-12-31,Jabal Ali First,10761.205425828462,10440.561152,fitted,9329.325422861486,12193.085428795439,2022Q4
2023-03-31,Jabal Ali First,10703.147499101495,9156.708222222223,fitted,9271.267496134518,12135.027502068471,2023Q1
2023-06-30,Jabal Ali First,9419.294569323718,10301.032535211267,fitted,7987.4145663567415,10851.174572290694,2023Q2
2023-09-30,Jabal Ali First,10563.618882312761,10022.200447761194,fitted,9131.738879345785,11995.498885279738,2023Q3
2023-12-31,Jabal Ali First,10284.786794862688,11718.75915803109,fitted,8852.906791895712,11716.666797829665,2023Q4
2024-03-31,Jabal Ali First,11981.345505132584,11947.629969758063,fitted,10549.465502165607,13413.22550809956,2024Q1
2024-06-30,Jabal Ali First,12210.216316859558,12250.07431018936,fitted,10778.336313892582,13642.096319826534,2024Q2
2024-09-30,Jabal Ali First,12512.660657290855,12062.846599645181,fitted,11080.780654323878,13944.540660257831,2024Q3
2024-12-31,Jabal Ali First,12325.432946746676,12704.459182432432,fitted,10893.5529437797,13757.312949713652,2024Q4
2025-03-31,Jabal Ali First,12967.045529533927,12904.823635077793,fitted,11535.16552656695,14398.925532500904,2025Q1
2025-06-30,Jabal Ali First,13167.409982179288,13602.712005347594,fitted,11735.529979212311,14599.289985146264,2025Q2
2025-09-30,Jabal Ali First,13865.298352449088,,forecast,12433.418349482112,15297.178355416065,2025Q3
2025-12-31,Jabal Ali First,14127.884699550583,,forecast,12102.900579663858,16152.868819437308,2025Q4
2026-03-31,Jabal Ali First,14390.471046652077,,forecast,11910.3821311714,16870.559962132756,2026Q1
2026-06-30,Jabal Ali First,14653.057393753572,,forecast,11789.29738781962,17516.817399687523,2026Q2
2026-09-30,Jabal Ali First,14915.643740855066,,forecast,11713.862718598308,18117.424763111827,2026Q3
2026-12-31,Jabal Ali First,15178.230087956561,,forecast,11670.854707792607,18685.605468120513,2026Q4
2027-03-31,Jabal Ali First,15440.816435058056,,forecast,11652.418039921009,19229.214830195102,2027Q1
2027-06-30,Jabal Ali First,15703.40278215955,,forecast,11653.4345423861,19753.371021933,2027Q2
2027-09-30,Jabal Ali First,15965.989129261045,,forecast,11670.349120360117,20261.629138161974,2027Q3
2027-12-31,Jabal Ali First,16228.57547636254,,forecast,11700.573330938238,20756.57762178684,2027Q4
2028-03-31,Jabal Ali First,16491.161823464034,,forecast,11742.153108809598,21240.17053811847,2028Q1
2028-06-30,Jabal Ali First,16753.748170565526,,forecast,11793.570339604172,21713.92600152688,2028Q2
2020-03-31,Madinat Al Mataar,481.3899500378835,8576.29243902439,fitted,-3138.4498038104957,4101.2297038862625,2020Q1
2020-06-30,Madinat Al Mataar,9057.682389062275,6804.015769230769,fitted,6014.364951980337,12100.999826144212,2020Q2
2020-09-30,Madinat Al Mataar,7285.405719268653,6264.552307692308,fitted,4242.088282186716,10328.72315635059,2020Q3
2020-12-31,Madinat Al Mataar,6745.942257730191,5765.5252,fitted,3702.6248206482537,9789.259694812128,2020Q4
2021-03-31,Madinat Al Mataar,11341.743647559815,4875.066458333334,fitted,8726.77159001573,13956.7157051039,2021Q1
2021-06-30,Madinat Al Mataar,4020.7122833876415,5773.160784313725,fitted,1768.4184936676488,6273.006073107634,2021Q2
2021-09-30,Madinat Al Mataar,5912.825364912482,7489.63637254902,fitted,3660.531575192489,8165.119154632474,2021Q3
2021-12-31,Madinat Al Mataar,7661.904833329915,6939.6305747126435,fitted,5409.6110436099225,9914.198623049908,2021Q4
2022-03-31,Madinat Al Mataar,8352.438300877708,6696.095648148148,fitted,6105.838358098366,10599.038243657049,2022Q1
2022-06-30,Madinat Al Mataar,7351.079971302018,6298.346051282051,fitted,5154.138282047308,9548.021660556728,2022Q2
2022-09-30,Madinat Al Mataar,7908.878619441794,6867.221274509803,fitted,5711.936930187085,10105.820308696504,2022Q3
2022-12-31,Madinat Al Mataar,6974.8066119475225,7491.155355648535,fitted,4777.864922692812,9171.748301202233,2022Q4
2023-03-31,Madinat Al Mataar,7674.222660575823,7852.860718232045,fitted,5477.280971321114,9871.164349830533,2023Q1
2023-06-30,Madinat Al Mataar,8524.72263670329,7861.66632034632,fitted,6327.78094744858,10721.664325958001,2023Q2
2023-09-30,Madinat Al Mataar,9451.088015211757,11494.437889087658,fitted,7254.146325957046,11648.029704466468,2023Q3
2023-12-31,Madinat Al Mataar,12370.544590197107,11918.482070484582,fitted,10173.602900942396,14567.486279451818,2023Q4
2024-03-31,Madinat Al Mataar,12720.58590671914,13616.465102040816,fitted,10523.644217464429,14917.52759597385,2024Q1
2024-06-30,Madinat Al Mataar,14131.429152631734,12911.600964052288,fitted,11934.487463377023,16328.370841886444,2024Q2
2024-09-30,Madinat Al Mataar,16171.015126549597,,forecast,13974.073437294886,18367.956815804308,2024Q3
2024-12-31,Madinat Al Mataar,17301.93646355629,,forecast,14194.99173086942,20408.881196243157,2024Q4
2025-03-31,Madinat Al Mataar,19198.362220331303,,forecast,15393.147593275948,23003.576847386656,2025Q1
2025-06-30,Madinat Al Mataar,19370.423978598006,,forecast,14976.540600088585,23764.307357107427,2025Q2
2025-09-30,Madinat Al Mataar,23394.12885929813,,forecast,17671.257485037953,29117.000233558305,2025Q3
2025-12-31,Madinat Al Mataar,24931.809317479852,,forecast,18135.023136591728,31728.595498367977,2025Q4
2026-03-31,Madinat Al Mataar,27403.27373424566,,forecast,19680.492628251723,35126.0548402396,2026Q1
2026-06-30,Madinat Al Mataar,27925.812580171267,,forecast,19376.754524836622,36474.87063550591,2026Q2
2026-09-30,Madinat Al Mataar,32337.274076988895,,forecast,22237.725325863415,42436.822828114375,2026Q3
2026-12-31,Madinat Al Mataar,34381.045490317105,,forecast,22939.21974792624,45822.87123270797,2026Q4
2027-03-31,Madinat Al Mataar,37302.904391865915,,forecast,24660.52061102315,49945.28817270868,2027Q1
2027-06-30,Madinat Al Mataar,38350.16218915067,,forecast,24611.735823478575,52088.58855482277,2027Q2
2020-03-31,Madinat Dubai Almelaheyah,651.7294336697147,14695.083333333334,fitted,-3629.0735100463357,4932.532377385765,2020Q1
2020-06-30,Madinat Dubai Almelaheyah,15346.812767003046,14703.48,fitted,11541.051999136274,19152.573534869818,2020Q2
2020-09-30,Madinat Dubai Almelaheyah,15355.209433669714,14703.48,fitted,11549.448665802942,19160.970201536486,2020Q3
2020-12-31,Madinat Dubai Almelaheyah,15355.209433669714,18964.64,fitted,11549.448665802942,19160.970201536486,2020Q4
2021-03-31,Madinat Dubai Almelaheyah,19616.369433669715,18964.64,fitted,15810.608665802944,23422.130201536485,2021Q1
2021-06-30,Madinat Dubai Almelaheyah,19616.369433669715,18964.64,fitted,15810.608665802944,23422.130201536485,2021Q2
2021-09-30,Madinat Dubai Almelaheyah,19616.369433669715,15131.075,fitted,15810.608665802944,23422.130201536485,2021Q3
2021-12-31,Madinat Dubai Almelaheyah,15782.804433669713,15131.075,fitted,11977.043665802941,19588.565201536483,2021Q4
2022-03-31,Madinat Dubai Almelaheyah,15782.804433669715,18452.02,fitted,11977.043665802943,19588.565201536487,2022Q1
2022-06-30,Madinat Dubai Almelaheyah,19103.749433669716,15392.178518518518,fitted,15297.988665802945,22909.510201536486,2022Q2
2022-09-30,Madinat Dubai Almelaheyah,16043.90795218823,18249.587708333333,fitted,12238.147184321459,19849.668720055,2022Q3
2022-12-31,Madinat Dubai Almelaheyah,18901.31714200305,18022.875321637428,fitted,15095.556374136277,22707.07790986982,2022Q4
2023-03-31,Madinat Dubai Almelaheyah,18674.604755307144,19384.690238095238,fitted,14868.843987440372,22480.365523173914,2023Q1
2023-06-30,Madinat Dubai Almelaheyah,20036.419671764954,18772.267680412373,fitted,16230.658903898182,23842.180439631724,2023Q2
2023-09-30,Madinat Dubai Almelaheyah,19423.99711408209,20561.365595238094,fitted,15618.236346215317,23229.75788194886,2023Q3
2023-12-31,Madinat Dubai Almelaheyah,21213.09502890781,21385.274425403226,fitted,17407.33426104104,25018.85579677458,2023Q4
2024-03-31,Madinat Dubai Almelaheyah,22037.003859072942,25393.646673049305,fitted,18231.24309120617,25842.764626939712,2024Q1
2024-06-30,Madinat Dubai Almelaheyah,26045.37610671902,24821.27384236453,fitted,22239.61533885225,29851.13687458579,2024Q2
2024-09-30,Madinat Dubai Almelaheyah,25473.003276034247,25868.285370722435,fitted,21667.242508167477,29278.764043901017,2024Q3
2024-12-31,Madinat Dubai Almelaheyah,26520.01480439215,26209.709444444445,fitted,22714.25403652538,30325.77557225892,2024Q4
2025-03-31,Madinat Dubai Almelaheyah,26861.43887811416,27825.606901121308,fitted,23055.67811024739,30667.19964598093,2025Q1
2025-06-30,Madinat Dubai Almelaheyah,28477.336334791024,28381.40144039735,fitted,24671.575566924254,32283.097102657794,2025Q2
2025-09-30,Madinat Dubai Almelaheyah,29033.130874067065,,forecast,25227.370106200295,32838.891641933835,2025Q3
2025-12-31,Madinat Dubai Almelaheyah,29684.86030773678,,forecast,24302.70181467215,35067.018800801416,2025Q4
2026-03-31,Madinat Dubai Almelaheyah,30336.589741406497,,forecast,23744.818730008905,36928.36075280409,2026Q1
2026-06-30,Madinat Dubai Almelaheyah,30988.319175076213,,forecast,23376.79763934267,38599.84071080975,2026Q2
2026-09-30,Madinat Dubai Almelaheyah,31640.04860874593,,forecast,23130.108825694027,40149.98839179783,2026Q3
2026-12-31,Madinat Dubai Almelaheyah,32291.778042415644,,forecast,22969.60607803936,41613.95000679193,2026Q4
2027-03-31,Madinat Dubai Almelaheyah,32943.50747608536,,forecast,22874.410934903666,43012.604017267055,2027Q1
2027-06-30,Madinat Dubai Almelaheyah,33595.236909755076,,forecast,22830.919923625814,44359.55389588434,2027Q2
2027-09-30,Madinat Dubai Almelaheyah,34246.96634342479,,forecast,22829.68403982448,45664.2486470251,2027Q3
2027-12-31,Madinat Dubai Almelaheyah,34898.69577709451,,forecast,22863.82352092416,46933.568033264855,2027Q4
2028-03-31,Madinat Dubai Almelaheyah,35550.425210764224,,forecast,22928.14470189529,48172.70571963316,2028Q1
2028-06-30,Madinat Dubai Almelaheyah,36202.15464443394,,forecast,23018.612621638757,49385.696667229124,2028Q2
2020-03-31,Marsa Dubai,1296.4520171544698,14533.495092081032,fitted,-4311.561740699646,6904.465775008586,2020Q1
2020-06-30,Marsa Dubai,1296.4520171544698,15936.519077568133,fitted,-4311.561740699646,6904.465775008586,2020Q2
2020-09-30,Marsa Dubai,1296.4520171544698,11510.907597122303,fitted,-4311.561740699646,6904.465775008586,2020Q3
2020-12-31,Marsa Dubai,1296.4520171544698,12806.847789815818,fitted,-4311.561740699646,6904.465775008586,2020Q4
2021-03-31,Marsa Dubai,15829.947109235503,13387.339138576779,fitted,10575.581354209793,21084.312864261214,2021Q1
2021-06-30,Marsa Dubai,17232.9710947226,16391.575403037383,fitted,11978.60533969689,22487.336849748313,2021Q2
2021-09-30,Marsa Dubai,12807.359614276775,19005.711234906696,fitted,7552.993859251063,18061.725369302487,2021Q3
2021-12-31,Marsa Dubai,14103.29980697029,19300.521509913575,fitted,8848.93405194458,19357.665561996,2021Q4
2022-03-31,Marsa Dubai,14683.79115573125,18271.172667509483,fitted,9429.425400705539,19938.15691075696,2022Q1
2022-06-30,Marsa Dubai,17688.02742019185,17060.514978880678,fitted,12433.661665166139,22942.393175217563,2022Q2
2022-09-30,Marsa Dubai,20302.163252061164,17224.715272237197,fitted,15047.797497035452,25556.529007086876,2022Q3
2022-12-31,Marsa Dubai,20596.973527068043,18283.368480598412,fitted,15342.60777204233,25851.339282093755,2022Q4
2023-03-31,Marsa Dubai,19567.62468466395,17458.29474418605,fitted,14313.25892963824,24821.990439689664,2023Q1
2023-06-30,Marsa Dubai,18356.966996035146,16825.287063447504,fitted,13102.601241009434,23611.332751060858,2023Q2
2023-09-30,Marsa Dubai,18521.16728939167,16404.172741827886,fitted,13266.801534365957,23775.53304441738,2023Q3
2023-12-31,Marsa Dubai,19579.820497752884,16416.03569221261,fitted,14325.454742727172,24834.186252778596,2023Q4
2024-03-31,Marsa Dubai,18754.746761340517,17625.46893602225,fitted,13500.381006314805,24009.11251636623,2024Q1
2024-06-30,Marsa Dubai,18121.739080601972,18671.941174987394,fitted,12867.37332557626,23376.104835627684,2024Q2
2024-09-30,Marsa Dubai,17700.624758982354,17737.583141531322,fitted,12446.259003956642,22954.990514008066,2024Q3
2024-12-31,Marsa Dubai,17712.487709367077,19325.530964797916,fitted,12458.121954341364,22966.85346439279,2024Q4
2025-03-31,Marsa Dubai,18921.92095317672,20828.829395306857,fitted,13667.555198151007,24176.28670820243,2025Q1
2025-06-30,Marsa Dubai,19968.393192141863,20231.962363731654,fitted,14714.02743711615,25222.758947167575,2025Q2
2025-09-30,Marsa Dubai,19034.03515868579,,forecast,13779.669403660078,24288.400913711503,2025Q3
2025-12-31,Marsa Dubai,20621.982981952384,,forecast,15367.617226926672,25876.348736978096,2025Q4
2026-03-31,Marsa Dubai,22125.281412461325,,forecast,16870.915657435613,27379.647167487037,2026Q1
2026-06-30,Marsa Dubai,21528.414380886123,,forecast,16274.04862586041,26782.780135911835,2026Q2
2026-09-30,Marsa Dubai,20330.48717584026,,forecast,12899.691863414151,27761.282488266366,2026Q3
2026-12-31,Marsa Dubai,21918.434999106852,,forecast,14487.639686680744,29349.23031153296,2026Q4
2027-03-31,Marsa Dubai,23421.733429615793,,forecast,15990.938117189686,30852.5287420419,2027Q1
2027-06-30,Marsa Dubai,22824.86639804059,,forecast,15394.071085614483,30255.6617104667,2027Q2
2027-09-30,Marsa Dubai,21626.939192994727,,forecast,12526.11074374019,30727.767642249266,2027Q3
2027-12-31,Marsa Dubai,23214.88701626132,,forecast,14114.058567006783,32315.71546551586,2027Q4
2028-03-31,Marsa Dubai,24718.18544677026,,forecast,15617.356997515724,33819.0138960248,2028Q1
2028-06-30,Marsa Dubai,24121.31841519506,,forecast,15020.489965940522,33222.1468644496,2028Q2
2020-03-31,Me'Aisem First,1071.7757728506367,6802.936483516483,fitted,-1389.923818011292,3533.4753637125655,2020Q1
2020-06-30,Me'Aisem First,2097.903325480286,7149.131274509804,fitted,-324.01801429375973,4519.824665254332,2020Q2
2020-09-30,Me'Aisem First,2006.1175523824436,7102.351400966184,fitted,-414.4752178250005,4426.710322589888,2020Q3
2020-12-31,Me'Aisem First,2015.4775078597272,6479.152928571429,fitted,-405.0697423996794,4436.024758119134,2020Q4
2021-03-31,Me'Aisem First,8701.310249837961,8266.50630952381,fitted,7280.8938977537255,10121.726601922197,2021Q1
2021-06-30,Me'Aisem First,7987.082009397354,9363.124958904109,fitted,6708.400865563149,9265.76315323156,2021Q2
2021-09-30,Me'Aisem First,9087.26500681672,8867.96875,fitted,7863.130675398375,10311.399338235065,2021Q3
2021-12-31,Me'Aisem First,7392.146458788769,7581.070392156863,fitted,6195.104488374252,8589.188429203288,2021Q4
2022-03-31,Me'Aisem First,9481.335122711675,8677.147112970712,fitted,8299.4101549129,10663.260090510448,2022Q1
2022-06-30,Me'Aisem First,9810.294017376827,9175.210509554141,fitted,8637.350502667141,10983.237532086514,2022Q2
2022-09-30,Me'Aisem First,9438.897026381432,9173.791445086705,fitted,8271.48899940967,10606.305053353193,2022Q3
2022-12-31,Me'Aisem First,8441.787887305034,8204.284545454546,fitted,7277.868787990329,9605.70698661974,2022Q4
2023-03-31,Me'Aisem First,9558.704275588645,8859.770656249999,fitted,8397.015281983444,10720.393269193846,2023Q1
2023-06-30,Me'Aisem First,9685.052617975916,9490.342553191489,fitted,8524.801904367516,10845.303331584317,2023Q2
2023-09-30,Me'Aisem First,10088.634469096227,9509.961025641027,fitted,8929.316712176034,11247.95222601642,2023Q3
2023-12-31,Me'Aisem First,8808.909143404402,9538.50466981132,fitted,7650.198820433258,9967.619466375545,2023Q4
2024-03-31,Me'Aisem First,10521.15159396664,10302.404248608535,fitted,9362.837722613534,11679.465465319747,2024Q1
2024-06-30,Me'Aisem First,10385.221864490055,10683.991056782335,fitted,9227.1671534936,11543.27657548651,2024Q2
2024-09-30,Me'Aisem First,10823.453426316042,12237.644043151971,fitted,9665.568303675758,11981.338548956326,2024Q3
2024-12-31,Me'Aisem First,11754.754289531093,12337.76575892857,fitted,10596.980216566695,12912.52836249549,2024Q4
2025-03-31,Me'Aisem First,11846.089095316824,,forecast,10688.387772004147,13003.7904186295,2025Q1
2025-06-30,Me'Aisem First,11755.766829632972,,forecast,10266.301806560707,13245.231852705238,2025Q2
2025-09-30,Me'Aisem First,13309.419816002608,,forecast,11819.954792930343,14798.884839074874,2025Q3
2025-12-31,Me'Aisem First,13409.541531779207,,forecast,11920.076508706941,14899.006554851472,2025Q4
2026-03-31,Me'Aisem First,12917.86486816746,,forecast,11031.392390510926,14804.337345823995,2026Q1
2026-06-30,Me'Aisem First,12827.542602483609,,forecast,10721.120966174456,14933.964238792762,2026Q2
2026-09-30,Me'Aisem First,14381.195588853245,,forecast,12274.773952544092,16487.617225162398,2026Q3
2026-12-31,Me'Aisem First,14481.317304629843,,forecast,12374.89566832069,16587.738940938994,2026Q4
2027-03-31,Me'Aisem First,13989.640641018097,,forecast,11586.042408386185,16393.238873650007,2027Q1
2027-06-30,Me'Aisem First,13899.318375334246,,forecast,11319.489279276331,16479.14747139216,2027Q2
2027-09-30,Me'Aisem First,15452.971361703881,,forecast,12873.142265645969,18032.800457761794,2027Q3
2027-12-31,Me'Aisem First,15553.09307748048,,forecast,12973.263981422566,18132.922173538394,2027Q4
2020-03-31,Nadd Hessa,0.0,7076.468563218391,fitted,-2446.1706418949766,2446.1706418949766,2020Q1
2020-06-30,Nadd Hessa,7076.468563218391,6794.548941176471,fitted,5612.811503461989,8540.125622974792,2020Q2
2020-09-30,Nadd Hessa,6794.548941176471,6395.825086705202,fitted,5330.891881420069,8258.206000932872,2020Q3
2020-12-31,Nadd Hessa,6395.825086705202,5774.032518518518,fitted,4932.1680269488,7859.482146461604,2020Q4
2021-03-31,Nadd Hessa,5774.032518518518,6429.064864864865,fitted,4310.375458762116,7237.689578274921,2021Q1
2021-06-30,Nadd Hessa,6429.064864864865,6023.659071428571,fitted,4965.4078051084625,7892.721924621267,2021Q2
2021-09-30,Nadd Hessa,6023.659071428571,6190.107359550562,fitted,4560.002011672169,7487.3161311849735,2021Q3
2021-12-31,Nadd Hessa,6190.107359550562,6206.381756756757,fitted,4726.45029979416,7653.764419306965,2021Q4
2022-03-31,Nadd Hessa,6206.381756756757,6075.604244186047,fitted,4742.724697000354,7670.038816513159,2022Q1
2022-06-30,Nadd Hessa,6075.604244186047,6014.918584070797,fitted,4611.947184429645,7539.26130394245,2022Q2
2022-09-30,Nadd Hessa,6014.918584070797,6094.134682539682,fitted,4551.261524314395,7478.575643827199,2022Q3
2022-12-31,Nadd Hessa,6094.134682539682,8484.03422330097,fitted,4630.47762278328,7557.7917422960845,2022Q4
2023-03-31,Nadd Hessa,8484.03422330097,7877.550873180873,fitted,7020.377163544568,9947.691283057373,2023Q1
2023-06-30,Nadd Hessa,7877.550873180873,7898.0878632478625,fitted,6413.893813424471,9341.207932937275,2023Q2
2023-09-30,Nadd Hessa,7898.0878632478625,7562.99070093458,fitted,6434.43080349146,9361.744923004264,2023Q3
2023-12-31,Nadd Hessa,7562.99070093458,7273.709552631579,fitted,6099.3336411781775,9026.647760690981,2023Q4
2024-03-31,Nadd Hessa,7273.709552631579,8814.425179704016,fitted,5810.0524928751765,8737.366612387981,2024Q1
2024-06-30,Nadd Hessa,8814.425179704016,8524.541991341992,fitted,7350.768119947614,10278.082239460418,2024Q2
2024-09-30,Nadd Hessa,8524.541991341992,8763.1202946593,fitted,7060.88493158559,9988.199051098394,2024Q3
2024-12-31,Nadd Hessa,8763.1202946593,,forecast,7299.463234902898,10226.777354415703,2024Q4
2025-03-31,Nadd Hessa,8763.1202946593,,forecast,6693.196630088669,10833.043959229932,2025Q1
2025-06-30,Nadd Hessa,8763.1202946593,,forecast,6227.991902304335,11298.248687014266,2025Q2
2025-09-30,Nadd Hessa,8763.1202946593,,forecast,5835.806175146496,11690.434414172105,2025Q3
2025-12-31,Nadd Hessa,8763.1202946593,,forecast,5490.283613296513,12035.956976022087,2025Q4
2026-03-31,Nadd Hessa,8763.1202946593,,forecast,5177.907339833808,12348.333249484793,2026Q1
2026-06-30,Nadd Hessa,8763.1202946593,,forecast,4890.647709859855,12635.592879458745,2026Q2
2026-09-30,Nadd Hessa,8763.1202946593,,forecast,4623.272965518037,12902.967623800563,2026Q3
2026-12-31,Nadd Hessa,8763.1202946593,,forecast,4372.149115390093,13154.091473928507,2026Q4
2027-03-31,Nadd Hessa,8763.1202946593,,forecast,4134.630272443894,13391.610316874707,2027Q1
2027-06-30,Nadd Hessa,8763.1202946593,,forecast,3908.719005692522,13617.52158362608,2027Q2
2027-09-30,Nadd Hessa,8763.1202946593,,forecast,3692.8635099493695,13833.377079369231,2027Q3
2020-03-31,Wadi Al Safa 5,7137.586002658928,6563.161529411765,fitted,4472.0419233646835,9803.130081953172,2020Q1
2020-06-30,Wadi Al Safa 5,6855.126416165929,7183.228571428571,fitted,4534.1043036705505,9176.148528661308,2020Q2
2020-09-30,Wadi Al Safa 5,7351.168509758203,8631.989318181819,fitted,5152.376792510322,9549.960227006084,2020Q3
2020-12-31,Wadi Al Safa 5,8063.965792905475,8513.903706293706,fitted,5925.368490441635,10202.563095369314,2020Q4
2021-03-31,Wadi Al Safa 5,7479.902534103379,4873.851597222222,fitted,5375.558568707456,9584.246499499302,2021Q1
2021-06-30,Wadi Al Safa 5,5077.544839314931,6187.107027027027,fitted,2994.2932370683284,7160.796441561533,2021Q2
2021-09-30,Wadi Al Safa 5,8036.500499230766,7355.359126213592,fitted,5966.870715437084,10106.130283024448,2021Q3
2021-12-31,Wadi Al Safa 5,6579.236889645144,6391.580588235294,fitted,4518.6760617420205,8639.797717548268,2021Q4
2022-03-31,Wadi Al Safa 5,6984.059196640838,6675.62262886598,fitted,4929.658883269436,9038.45951001224,2022Q1
2022-06-30,Wadi Al Safa 5,6882.144807747154,6619.3173780487805,fitted,4831.98665202745,8932.302963466858,2022Q2
2022-09-30,Wadi Al Safa 5,6919.26834709354,7255.471460176991,fitted,4872.058785417235,8966.477908769844,2022Q3
2022-12-31,Wadi Al Safa 5,7418.781929847742,7210.549205607476,fitted,5373.6351756739605,9463.928684021523,2022Q4
2023-03-31,Wadi Al Safa 5,6962.771143662655,6347.282633716994,fitted,4919.074061023814,9006.468226301497,2023Q1
2023-06-30,Wadi Al Safa 5,6622.207045385258,7957.669076576576,fitted,4579.531988328204,8664.882102442312,2023Q2
2023-09-30,Wadi Al Safa 5,8258.795210365504,9730.285762032085,fitted,6216.842302789427,10300.748117941583,2023Q3
2023-12-31,Wadi Al Safa 5,8370.405479055249,8266.794442344046,fitted,6328.963640761715,10411.847317348784,2023Q4
2024-03-31,Wadi Al Safa 5,7048.0418274114,7411.691448467966,fitted,5006.962080958645,9089.121573864155,2024Q1
2024-06-30,Wadi Al Safa 5,7443.267859501035,,forecast,5402.444858143843,9484.090860858227,2024Q2
2024-09-30,Wadi Al Safa 5,7136.958017062274,,forecast,4471.416265410766,9802.499768713782,2024Q3
2024-12-31,Wadi Al Safa 5,7137.587292777725,,forecast,4472.043213493304,9803.131372062147,2024Q4
2025-03-31,Wadi Al Safa 5,7137.586000008539,,forecast,4472.041920714294,9803.130079302784,2025Q1
2025-06-30,Wadi Al Safa 5,7137.586002664373,,forecast,4472.041923370129,9803.130081958618,2025Q2
2025-09-30,Wadi Al Safa 5,7137.586002658917,,forecast,4472.041923364673,9803.13008195316,2025Q3
2025-12-31,Wadi Al Safa 5,7137.586002658928,,forecast,4472.0419233646835,9803.130081953172,2025Q4
2026-03-31,Wadi Al Safa 5,7137.586002658928,,forecast,4472.0419233646835,9803.130081953172,2026Q1
2026-06-30,Wadi Al Safa 5,7137.586002658928,,forecast,4472.0419233646835,9803.130081953172,2026Q2
2026-09-30,Wadi Al Safa 5,7137.586002658928,,forecast,4472.0419233646835,9803.130081953172,2026Q3
2026-12-31,Wadi Al Safa 5,7137.586002658928,,forecast,4472.0419233646835,9803.130081953172,2026Q4
2027-03-31,Wadi Al Safa 5,7137.586002658928,,forecast,4472.0419233646835,9803.130081953172,2027Q1
