area_name_en,quarter,median_price,type
Al Barsha South Fifth,2022Q1,9516.71,Historical
Al Barsha South Fifth,2022Q2,10153.35,Historical
Al Barsha South Fifth,2022Q3,7915.74,Historical
Al Barsha South Fifth,2022Q4,11064.11,Historical
Al Barsha South Fifth,2023Q1,11466.9,Historical
Al Barsha South Fifth,2023Q2,11025.66,Historical
Al Barsha South Fifth,2023Q3,18180.86,Historical
Al Barsha South Fifth,2023Q4,14191.775,Historical
Al Barsha South Fifth,2024Q1,13426.42,Historical
Al Barsha South Fifth,2024Q2,14130.91,Historical
Al Barsha South Fifth,2024Q3,14843.8,Historical
Al Barsha South Fifth,2024Q4,15222.67,Historical
Al Barsha South Fifth,2025Q1,15359.825,Historical
Al Barsha South Fifth,2025Q2,14931.835,Historical
Al Barsha South Fourth,2022Q1,8793.79,Historical
Al Barsha South Fourth,2022Q2,10424.52,Historical
Al Barsha South Fourth,2022Q3,10165.939999999999,Historical
Al Barsha South Fourth,2022Q4,9892.69,Historical
Al Barsha South Fourth,2023Q1,10687.89,Historical
Al Barsha South Fourth,2023Q2,11604.52,Historical
Al Barsha South Fourth,2023Q3,12378.46,Historical
Al Barsha South Fourth,2023Q4,12965.15,Historical
Al Barsha South Fourth,2024Q1,13054.0,Historical
Al Barsha South Fourth,2024Q2,13113.465,Historical
Al Barsha South Fourth,2024Q3,13925.42,Historical
Al Barsha South Fourth,2024Q4,13514.974999999999,Historical
Al Barsha South Fourth,2025Q1,14370.095000000001,Historical
Al Barsha South Fourth,2025Q2,15177.650000000001,Historical
Al Barshaa South Third,2022Q1,12192.47,Historical
Al Barshaa South Third,2022Q2,12368.28,Historical
Al Barshaa South Third,2022Q3,12054.154999999999,Historical
Al Barshaa South Third,2022Q4,10451.79,Historical
Al Barshaa South Third,2023Q1,10851.9,Historical
Al Barshaa South Third,2023Q2,13839.01,Historical
Al Barshaa South Third,2023Q3,14455.22,Historical
Al Barshaa South Third,2023Q4,12006.47,Historical
Al Barshaa South Third,2024Q1,13293.13,Historical
Al Barshaa South Third,2024Q2,13887.86,Historical
Al Barshaa South Third,2024Q3,14020.05,Historical
Al Barshaa South Third,2024Q4,14029.98,Historical
Al Barshaa South Third,2025Q1,13847.365,Historical
Al Barshaa South Third,2025Q2,14358.965,Historical
Al Hebiah Fourth,2022Q1,6596.31,Historical
Al Hebiah Fourth,2022Q2,5917.025,Historical
Al Hebiah Fourth,2022Q3,6213.23,Historical
Al Hebiah Fourth,2022Q4,6298.38,Historical
Al Hebiah Fourth,2023Q1,6547.77,Historical
Al Hebiah Fourth,2023Q2,6781.43,Historical
Al Hebiah Fourth,2023Q3,7727.905000000001,Historical
Al Hebiah Fourth,2023Q4,8411.724999999999,Historical
Al Hebiah Fourth,2024Q1,10141.765,Historical
Al Hebiah Fourth,2024Q2,12330.46,Historical
Al Hebiah Fourth,2024Q3,11175.88,Historical
Al Hebiah Fourth,2024Q4,9505.7,Historical
Al Hebiah Fourth,2025Q1,10217.544999999998,Historical
Al Hebiah Fourth,2025Q2,11122.99,Historical
Al Khairan First,2022Q1,18488.885,Historical
Al Khairan First,2022Q2,19267.77,Historical
Al Khairan First,2022Q3,18585.79,Historical
Al Khairan First,2022Q4,19225.82,Historical
Al Khairan First,2023Q1,21258.715,Historical
Al Khairan First,2023Q2,21895.15,Historical
Al Khairan First,2023Q3,22824.66,Historical
Al Khairan First,2023Q4,21145.489999999998,Historical
Al Khairan First,2024Q1,23456.885000000002,Historical
Al Khairan First,2024Q2,24140.77,Historical
Al Khairan First,2024Q3,26600.85,Historical
Al Khairan First,2024Q4,24686.975,Historical
Al Khairan First,2025Q1,23813.730000000003,Historical
Al Khairan First,2025Q2,25624.33,Historical
Al Merkadh,2022Q1,16381.965,Historical
Al Merkadh,2022Q2,18298.63,Historical
Al Merkadh,2022Q3,16452.18,Historical
Al Merkadh,2022Q4,19470.925000000003,Historical
Al Merkadh,2023Q1,19234.845,Historical
Al Merkadh,2023Q2,17890.36,Historical
Al Merkadh,2023Q3,19913.2,Historical
Al Merkadh,2023Q4,18960.99,Historical
Al Merkadh,2024Q1,18209.41,Historical
Al Merkadh,2024Q2,18903.915,Historical
Al Merkadh,2024Q3,19548.285,Historical
Al Merkadh,2024Q4,19856.77,Historical
Al Merkadh,2025Q1,20263.42,Historical
Al Merkadh,2025Q2,20790.17,Historical
Al Thanyah Fifth,2022Q1,10362.705,Historical
Al Thanyah Fifth,2022Q2,10396.74,Historical
Al Thanyah Fifth,2022Q3,10295.82,Historical
Al Thanyah Fifth,2022Q4,10881.55,Historical
Al Thanyah Fifth,2023Q1,11540.68,Historical
Al Thanyah Fifth,2023Q2,16113.77,Historical
Al Thanyah Fifth,2023Q3,21299.41,Historical
Al Thanyah Fifth,2023Q4,13848.47,Historical
Al Thanyah Fifth,2024Q1,16279.33,Historical
Al Thanyah Fifth,2024Q2,14903.665,Historical
Al Thanyah Fifth,2024Q3,19639.51,Historical
Al Thanyah Fifth,2024Q4,19782.03,Historical
Al Thanyah Fifth,2025Q1,18814.42,Historical
Al Thanyah Fifth,2025Q2,23094.785,Historical
Al Yelayiss 2,2022Q1,7379.27,Historical
Al Yelayiss 2,2022Q2,7923.93,Historical
Al Yelayiss 2,2022Q3,8305.035,Historical
Al Yelayiss 2,2022Q4,8579.71,Historical
Al Yelayiss 2,2023Q1,12480.82,Historical
Al Yelayiss 2,2023Q2,10601.875,Historical
Al Yelayiss 2,2023Q3,11034.81,Historical
Al Yelayiss 2,2023Q4,11264.75,Historical
Al Yelayiss 2,2024Q1,12393.56,Historical
Al Yelayiss 2,2024Q2,12307.165,Historical
Al Yelayiss 2,2024Q3,11931.785,Historical
Al Yelayiss 2,2024Q4,12276.08,Historical
Al Yelayiss 2,2025Q1,14022.79,Historical
Al Yelayiss 2,2025Q2,14502.84,Historical
Burj Khalifa,2022Q1,17631.31,Historical
Burj Khalifa,2022Q2,22885.265,Historical
Burj Khalifa,2022Q3,23683.7,Historical
Burj Khalifa,2022Q4,20357.86,Historical
Burj Khalifa,2023Q1,23152.945,Historical
Burj Khalifa,2023Q2,20986.22,Historical
Burj Khalifa,2023Q3,19976.69,Historical
Burj Khalifa,2023Q4,23182.23,Historical
Burj Khalifa,2024Q1,22251.585,Historical
Burj Khalifa,2024Q2,20454.22,Historical
Burj Khalifa,2024Q3,21613.295,Historical
Burj Khalifa,2024Q4,23664.92,Historical
Burj Khalifa,2025Q1,22398.260000000002,Historical
Burj Khalifa,2025Q2,21714.34,Historical
Business Bay,2022Q1,16729.09,Historical
Business Bay,2022Q2,18017.42,Historical
Business Bay,2022Q3,19837.07,Historical
Business Bay,2022Q4,21384.05,Historical
Business Bay,2023Q1,21608.59,Historical
Business Bay,2023Q2,18299.52,Historical
Business Bay,2023Q3,24028.56,Historical
Business Bay,2023Q4,22313.44,Historical
Business Bay,2024Q1,23445.29,Historical
Business Bay,2024Q2,23858.37,Historical
Business Bay,2024Q3,23538.07,Historical
Business Bay,2024Q4,24197.239999999998,Historical
Business Bay,2025Q1,24167.86,Historical
Business Bay,2025Q2,24658.57,Historical
Hadaeq Sheikh Mohammed Bin Rashid,2022Q1,16696.73,Historical
Hadaeq Sheikh Mohammed Bin Rashid,2022Q2,15822.12,Historical
Hadaeq Sheikh Mohammed Bin Rashid,2022Q3,18483.49,Historical
Hadaeq Sheikh Mohammed Bin Rashid,2022Q4,18795.82,Historical
Hadaeq Sheikh Mohammed Bin Rashid,2023Q1,20268.805,Historical
Hadaeq Sheikh Mohammed Bin Rashid,2023Q2,20601.57,Historical
Hadaeq Sheikh Mohammed Bin Rashid,2023Q3,20473.2,Historical
Hadaeq Sheikh Mohammed Bin Rashid,2023Q4,22362.58,Historical
Hadaeq Sheikh Mohammed Bin Rashid,2024Q1,22414.57,Historical
Hadaeq Sheikh Mohammed Bin Rashid,2024Q2,23699.29,Historical
Hadaeq Sheikh Mohammed Bin Rashid,2024Q3,25573.38,Historical
Hadaeq Sheikh Mohammed Bin Rashid,2024Q4,24674.940000000002,Historical
Hadaeq Sheikh Mohammed Bin Rashid,2025Q1,24557.34,Historical
Hadaeq Sheikh Mohammed Bin Rashid,2025Q2,25027.095,Historical
Jabal Ali First,2022Q1,10430.165,Historical
Jabal Ali First,2022Q2,10260.615,Historical
Jabal Ali First,2022Q3,11208.39,Historical
Jabal Ali First,2022Q4,11175.73,Historical
Jabal Ali First,2023Q1,9846.1,Historical
Jabal Ali First,2023Q2,10766.92,Historical
Jabal Ali First,2023Q3,10460.25,Historical
Jabal Ali First,2023Q4,12100.58,Historical
Jabal Ali First,2024Q1,11894.48,Historical
Jabal Ali First,2024Q2,12520.93,Historical
Jabal Ali First,2024Q3,12317.785,Historical
Jabal Ali First,2024Q4,13118.68,Historical
Jabal Ali First,2025Q1,13303.6,Historical
Jabal Ali First,2025Q2,13893.54,Historical
Madinat Al Mataar,2022Q1,7219.355,Historical
Madinat Al Mataar,2022Q2,6421.895,Historical
Madinat Al Mataar,2022Q3,7005.174999999999,Historical
Madinat Al Mataar,2022Q4,7346.045,Historical
Madinat Al Mataar,2023Q1,7314.95,Historical
Madinat Al Mataar,2023Q2,7683.615,Historical
Madinat Al Mataar,2023Q3,12384.43,Historical
Madinat Al Mataar,2023Q4,10544.33,Historical
Madinat Al Mataar,2024Q1,15926.975,Historical
Madinat Al Mataar,2024Q2,10394.71,Historical
Madinat Al Mataar,2024Q3,14239.78,Historical
Madinat Al Mataar,2024Q4,16890.745000000003,Historical
Madinat Al Mataar,2025Q1,19683.87,Historical
Madinat Al Mataar,2025Q2,17244.33,Historical
Madinat Dubai Almelaheyah,2022Q1,19843.48,Historical
Madinat Dubai Almelaheyah,2022Q2,16281.59,Historical
Madinat Dubai Almelaheyah,2022Q3,17968.59,Historical
Madinat Dubai Almelaheyah,2022Q4,17347.65,Historical
Madinat Dubai Almelaheyah,2023Q1,19459.96,Historical
Madinat Dubai Almelaheyah,2023Q2,19136.41,Historical
Madinat Dubai Almelaheyah,2023Q3,20950.58,Historical
Madinat Dubai Almelaheyah,2023Q4,20775.82,Historical
Madinat Dubai Almelaheyah,2024Q1,25247.05,Historical
Madinat Dubai Almelaheyah,2024Q2,24359.739999999998,Historical
Madinat Dubai Almelaheyah,2024Q3,24590.75,Historical
Madinat Dubai Almelaheyah,2024Q4,26175.02,Historical
Madinat Dubai Almelaheyah,2025Q1,28253.23,Historical
Madinat Dubai Almelaheyah,2025Q2,28825.555,Historical
Marsa Dubai,2022Q1,17779.61,Historical
Marsa Dubai,2022Q2,15295.2,Historical
Marsa Dubai,2022Q3,14793.49,Historical
Marsa Dubai,2022Q4,16721.78,Historical
Marsa Dubai,2023Q1,14261.35,Historical
Marsa Dubai,2023Q2,14682.865,Historical
Marsa Dubai,2023Q3,14772.3,Historical
Marsa Dubai,2023Q4,15294.12,Historical
Marsa Dubai,2024Q1,16385.18,Historical
Marsa Dubai,2024Q2,19027.78,Historical
Marsa Dubai,2024Q3,17572.385000000002,Historical
Marsa Dubai,2024Q4,19183.22,Historical
Marsa Dubai,2025Q1,21412.91,Historical
Marsa Dubai,2025Q2,19238.715,Historical
Me'Aisem First,2022Q1,8309.1,Historical
Me'Aisem First,2022Q2,10330.654999999999,Historical
Me'Aisem First,2022Q3,10138.13,Historical
Me'Aisem First,2022Q4,7367.17,Historical
Me'Aisem First,2023Q1,7820.77,Historical
Me'Aisem First,2023Q2,10020.75,Historical
Me'Aisem First,2023Q3,9168.72,Historical
Me'Aisem First,2023Q4,9284.7,Historical
Me'Aisem First,2024Q1,9770.03,Historical
Me'Aisem First,2024Q2,10522.02,Historical
Me'Aisem First,2024Q3,12332.21,Historical
Me'Aisem First,2024Q4,12436.81,Historical
Me'Aisem First,2025Q1,12993.76,Historical
Me'Aisem First,2025Q2,14084.51,Historical
Nadd Hessa,2022Q1,6122.3099999999995,Historical
Nadd Hessa,2022Q2,5779.78,Historical
Nadd Hessa,2022Q3,6195.62,Historical
Nadd Hessa,2022Q4,7812.42,Historical
Nadd Hessa,2023Q1,7361.45,Historical
Nadd Hessa,2023Q2,7244.55,Historical
Nadd Hessa,2023Q3,7169.83,Historical
Nadd Hessa,2023Q4,7108.66,Historical
Nadd Hessa,2024Q1,8675.365,Historical
Nadd Hessa,2024Q2,8468.42,Historical
Nadd Hessa,2024Q3,8788.45,Historical
Nadd Hessa,2024Q4,9719.41,Historical
Nadd Hessa,2025Q1,11931.0,Historical
Nadd Hessa,2025Q2,11043.26,Historical
Wadi Al Safa 5,2022Q1,6105.01,Historical
Wadi Al Safa 5,2022Q2,6482.57,Historical
Wadi Al Safa 5,2022Q3,7325.43,Historical
Wadi Al Safa 5,2022Q4,7929.295,Historical
Wadi Al Safa 5,2023Q1,5825.264999999999,Historical
Wadi Al Safa 5,2023Q2,8542.59,Historical
Wadi Al Safa 5,2023Q3,9365.18,Historical
Wadi Al Safa 5,2023Q4,8662.05,Historical
Wadi Al Safa 5,2024Q1,6996.58,Historical
Wadi Al Safa 5,2024Q2,10872.64,Historical
Wadi Al Safa 5,2024Q3,12378.439999999999,Historical
Wadi Al Safa 5,2024Q4,12792.42,Historical
Wadi Al Safa 5,2025Q1,13649.93,Historical
Wadi Al Safa 5,2025Q2,13454.939999999999,Historical
Al Barsha South Fifth,2025Q3,15216.74,Prediction
Al Barsha South Fourth,2025Q3,12982.865,Prediction
Al Barshaa South Third,2025Q3,13483.2,Prediction
Al Hebiah Fourth,2025Q3,9065.963333333333,Prediction
Al Khairan First,2025Q3,25456.555,Prediction
Al Merkadh,2025Q3,19207.528333333332,Prediction
Al Thanyah Fifth,2025Q3,18858.3825,Prediction
Al Yelayiss 2,2025Q3,12103.759761904763,Prediction
Burj Khalifa,2025Q3,21543.0925,Prediction
Business Bay,2025Q3,22855.19,Prediction
Hadaeq Sheikh Mohammed Bin Rashid,2025Q3,23989.38666666666,Prediction
Jabal Ali First,2025Q3,12589.056666666667,Prediction
Madinat Al Mataar,2025Q3,16224.828888888887,Prediction
Madinat Dubai Almelaheyah,2025Q3,25593.07857142857,Prediction
Marsa Dubai,2025Q3,16739.54,Prediction
Me'Aisem First,2025Q3,11415.112222222222,Prediction
Nadd Hessa,2025Q3,9094.8,Prediction
Wadi Al Safa 5,2025Q3,12498.6,Prediction
Al Barsha South Fifth,2024-09-30,18688.315039875088,Forecast
Al Barsha South Fifth,2024-12-31,18709.01235629515,Forecast
Al Barsha South Fifth,2025-03-31,18574.820537304036,Forecast
Al Barsha South Fifth,2025-06-30,18474.16920343185,Forecast
Al Barsha South Fourth,2024-09-30,14220.22989882911,Forecast
Al Barsha South Fourth,2024-12-31,14728.73588829811,Forecast
Al Barsha South Fourth,2025-03-31,15285.244361344578,Forecast
Al Barsha South Fourth,2025-06-30,15793.090996526515,Forecast
Al Barshaa South Third,2024-09-30,15496.937756835623,Forecast
Al Barshaa South Third,2024-12-31,16331.055246779713,Forecast
Al Barshaa South Third,2025-03-31,16971.09610795908,Forecast
Al Barshaa South Third,2025-06-30,17510.67551367125,Forecast
Al Hebiah Fourth,2024-09-30,10343.734202519177,Forecast
Al Hebiah Fourth,2024-12-31,11652.1479184836,Forecast
Al Hebiah Fourth,2025-03-31,12416.342686144875,Forecast
Al Hebiah Fourth,2025-06-30,12971.590264206145,Forecast
Al Khairan First,2024-09-30,27421.107663176765,Forecast
Al Khairan First,2024-12-31,27790.627149111606,Forecast
Al Khairan First,2025-03-31,28338.604033284402,Forecast
Al Khairan First,2025-06-30,29393.061276994144,Forecast
Al Merkadh,2024-09-30,20964.82009159264,Forecast
Al Merkadh,2024-12-31,21692.71417091011,Forecast
Al Merkadh,2025-03-31,22251.246942360496,Forecast
Al Merkadh,2025-06-30,22722.111849851946,Forecast
Al Thanyah Fifth,2024-09-30,22705.033156602432,Forecast
Al Thanyah Fifth,2024-12-31,24298.36802827853,Forecast
Al Thanyah Fifth,2025-03-31,25520.9768762036,Forecast
Al Thanyah Fifth,2025-06-30,26551.68381320487,Forecast
Al Warsan First,2024-09-30,,Forecast
Al Warsan First,2024-12-31,,Forecast
Al Warsan First,2025-03-31,,Forecast
Al Warsan First,2025-06-30,,Forecast
Al Yelayiss 2,2024-09-30,14000.201510506111,Forecast
Al Yelayiss 2,2024-12-31,14785.733403027334,Forecast
Al Yelayiss 2,2025-03-31,15388.493224077061,Forecast
Al Yelayiss 2,2025-06-30,15896.643259107457,Forecast
Burj Khalifa,2024-09-30,24575.83202074219,Forecast
Burj Khalifa,2024-12-31,25832.03386137849,Forecast
Burj Khalifa,2025-03-31,26795.951436047562,Forecast
Burj Khalifa,2025-06-30,27608.571541484383,Forecast
Business Bay,2024-09-30,26316.009362454923,Forecast
Business Bay,2024-12-31,27677.61610349529,Forecast
Business Bay,2025-03-31,28949.306922655658,Forecast
Business Bay,2025-06-30,30163.223641698118,Forecast
Hadaeq Sheikh Mohammed Bin Rashid,2024-09-30,26245.404749454014,Forecast
Hadaeq Sheikh Mohammed Bin Rashid,2024-12-31,27313.96989501722,Forecast
Hadaeq Sheikh Mohammed Bin Rashid,2025-03-31,28324.343162295558,Forecast
Hadaeq Sheikh Mohammed Bin Rashid,2025-06-30,29326.78957969596,Forecast
Jabal Ali First,2024-09-30,14224.664130671741,Forecast
Jabal Ali First,2024-12-31,14889.234964169884,Forecast
Jabal Ali First,2025-03-31,15513.938512895202,Forecast
Jabal Ali First,2025-06-30,16112.82776317755,Forecast
Madinat Al Mataar,2024-09-30,19290.026383621378,Forecast
Madinat Al Mataar,2024-12-31,20559.672757291606,Forecast
Madinat Al Mataar,2025-03-31,21533.906684998397,Forecast
Madinat Al Mataar,2025-06-30,22355.22387835387,Forecast
Madinat Dubai Almelaheyah,2024-09-30,30211.86275618837,Forecast
Madinat Dubai Almelaheyah,2024-12-31,31358.95199345776,Forecast
Madinat Dubai Almelaheyah,2025-03-31,32287.814736297598,Forecast
Madinat Dubai Almelaheyah,2025-06-30,33082.59283437299,Forecast
Marsa Dubai,2024-09-30,18417.269295724724,Forecast
Marsa Dubai,2024-12-31,18935.715508017784,Forecast
Marsa Dubai,2025-03-31,18593.304823259474,Forecast
Marsa Dubai,2025-06-30,17942.034158488317,Forecast
Me'Aisem First,2024-09-30,12074.563260092518,Forecast
Me'Aisem First,2024-12-31,12054.737304922646,Forecast
Me'Aisem First,2025-03-31,11921.107446308126,Forecast
Me'Aisem First,2025-06-30,11921.107446308126,Forecast
Nadd Hessa,2024-09-30,10804.265667181351,Forecast
Nadd Hessa,2024-12-31,11512.34953093904,Forecast
Nadd Hessa,2025-03-31,12055.681389352729,Forecast
Nadd Hessa,2025-06-30,12513.731334362701,Forecast
Palm Jumeirah,2022-03-31,,Forecast
Palm Jumeirah,2022-06-30,,Forecast
Palm Jumeirah,2022-09-30,,Forecast
Palm Jumeirah,2022-12-31,,Forecast
Wadi Al Safa 5,2024-09-30,14358.203899899687,Forecast
Wadi Al Safa 5,2024-12-31,13030.406638087876,Forecast
Wadi Al Safa 5,2025-03-31,13032.45527408075,Forecast
Wadi Al Safa 5,2025-06-30,13034.502319416815,Forecast
