area,phase,month,actual_smoothed,predicted
Al Barsha South Fifth,train,2022-09-01,8600.23947789543,10291.107993236139
Al Barsha South Fifth,train,2022-10-01,9643.280402073566,10291.107993236139
Al Barsha South Fifth,train,2022-11-01,10658.647165806819,10090.953330205253
Al Barsha South Fifth,train,2022-12-01,11241.799069244991,11094.721711467755
Al Barsha South Fifth,train,2023-01-01,11396.330822430062,11493.090828667391
Al Barsha South Fifth,train,2023-02-01,11429.645948187403,11465.231732823222
Al Barsha South Fifth,train,2023-03-01,11467.155347666869,11450.01374735655
Al Barsha South Fifth,train,2023-04-01,11462.52871643298,11497.408894954338
Al Barsha South Fifth,train,2023-05-01,11457.481656131149,11493.555887704326
Al Barsha South Fifth,train,2023-06-01,11233.644999999988,11532.271149989172
Al Barsha South Fifth,train,2023-07-01,13900.712051752686,11317.18229872894
Al Barsha South Fifth,train,2023-08-01,15562.515176557587,15454.82563847193
Al Barsha South Fifth,train,2023-09-01,18171.610000000008,17229.018289584703
Al Barsha South Fifth,train,2023-10-01,17201.12291292442,19077.4462962359
Al Barsha South Fifth,train,2023-11-01,15769.774102672367,16964.323572082936
Al Barsha South Fifth,train,2023-12-01,14616.91162179493,15202.239909109594
Al Barsha South Fifth,train,2024-01-01,13097.84913395577,14091.735620715734
Al Barsha South Fifth,train,2024-02-01,13387.51797696161,12434.928282870027
Al Barsha South Fifth,train,2024-03-01,13560.304677652592,13517.243251087753
Al Barsha South Fifth,train,2024-04-01,13810.120535009612,13623.48166020193
Al Barsha South Fifth,train,2024-05-01,14029.475854242588,13906.075006042896
Al Barsha South Fifth,train,2024-06-01,14366.274309201975,14029.582032698556
Al Barsha South Fifth,train,2024-07-01,14602.801311151738,15328.912591488674
Al Barsha South Fifth,train,2024-08-01,14857.157171929102,14738.394612881055
Al Barsha South Fifth,train,2024-09-01,15038.24562855115,15263.655781187
Al Barsha South Fifth,train,2024-10-01,15157.59515992408,14464.790152992933
Al Barsha South Fifth,train,2024-11-01,15280.500595664085,14789.016616146915
Al Barsha South Fifth,train,2024-12-01,15262.355114280672,15127.535639447353
Al Barsha South Fifth,train,2025-01-01,15269.931765768832,14905.306552025355
Al Barsha South Fifth,train,2025-02-01,15239.23903782943,15607.934741860669
Al Barsha South Fifth,test,2025-03-01,15114.925304771106,15241.20520836541
Al Barsha South Fifth,test,2025-04-01,15021.901229998088,15307.638513956843
Al Barsha South Fifth,test,2025-05-01,15019.379438763453,15379.50896454687
Al Barsha South Fifth,test,2025-06-01,15129.949788038382,15528.672382287912
Al Barsha South Fifth,test,2025-07-01,15411.077091648775,15337.520572296788
Al Barsha South Fifth,test,2025-08-01,15706.697373835912,15297.401447260563
Al Barsha South Fifth,forecast,2025-09-01,,15241.20520836541
Al Barsha South Fifth,forecast,2025-10-01,,15307.638513956843
Al Barsha South Fifth,forecast,2025-11-01,,15379.50896454687
Al Barsha South Fifth,forecast,2025-12-01,,15528.672382287912
Al Barsha South Fifth,forecast,2026-01-01,,15337.520572296788
Al Barsha South Fifth,forecast,2026-02-01,,15297.401447260563
Al Barsha South Fourth,train,2022-09-01,8993.330931670149,9621.583559361763
Al Barsha South Fourth,train,2022-10-01,9318.316837210983,9621.583559361763
Al Barsha South Fourth,train,2022-11-01,9660.501643444477,9621.583559361763
Al Barsha South Fourth,train,2022-12-01,10057.14498771403,10021.416284733377
Al Barsha South Fourth,train,2023-01-01,10477.413491090596,10501.989339405784
Al Barsha South Fourth,train,2023-02-01,10842.146943060456,10905.287901420508
Al Barsha South Fourth,train,2023-03-01,11103.112785938178,11145.55850103669
Al Barsha South Fourth,train,2023-04-01,11221.305367961533,11286.411736089638
Al Barsha South Fourth,train,2023-05-01,11373.836600561966,11278.086192051023
Al Barsha South Fourth,train,2023-06-01,11545.188039734818,11595.643920342278
Al Barsha South Fourth,train,2023-07-01,11827.18236094603,11805.171222020088
Al Barsha South Fourth,train,2023-08-01,12153.603281067168,12158.586984532487
Al Barsha South Fourth,train,2023-09-01,12456.142704008582,12501.871602121437
Al Barsha South Fourth,train,2023-10-01,12734.626781347224,12687.608912682079
Al Barsha South Fourth,train,2023-11-01,12932.2539175141,12973.950559894543
Al Barsha South Fourth,train,2023-12-01,13042.223458329021,13092.661831904923
Al Barsha South Fourth,train,2024-01-01,13096.021727237912,13108.385418338203
Al Barsha South Fourth,train,2024-02-01,13129.737268958505,13154.827926976102
Al Barsha South Fourth,train,2024-03-01,13188.494029781079,13195.273268240495
Al Barsha South Fourth,train,2024-04-01,13257.012224116375,13291.240209916969
Al Barsha South Fourth,train,2024-05-01,13356.097056712297,13343.207379986947
Al Barsha South Fourth,train,2024-06-01,13443.73896357857,13460.790002597256
Al Barsha South Fourth,train,2024-07-01,13492.999129146314,13520.685461648103
Al Barsha South Fourth,train,2024-08-01,13505.415435762454,13502.368351939802
Al Barsha South Fourth,train,2024-09-01,13435.67836791019,13499.92574644784
Al Barsha South Fourth,train,2024-10-01,13385.482020038859,13335.049536682203
Al Barsha South Fourth,train,2024-11-01,13445.458108271105,13362.890179000964
Al Barsha South Fourth,train,2024-12-01,13661.584053216062,13616.37254482144
Al Barsha South Fourth,train,2025-01-01,13966.390293577475,13966.573283833448
Al Barsha South Fourth,train,2025-02-01,14301.289660947825,14273.36629115966
Al Barsha South Fourth,test,2025-03-01,14551.873874760282,14575.560533887088
Al Barsha South Fourth,test,2025-04-01,14773.470803032244,14767.580450532
Al Barsha South Fourth,test,2025-05-01,14962.109273954458,14891.256471672674
Al Barsha South Fourth,test,2025-06-01,15137.790413785504,15002.112365288544
Al Barsha South Fourth,test,2025-07-01,15318.804603420584,15145.751833684972
Al Barsha South Fourth,test,2025-08-01,15497.804130374774,15344.837807857808
Al Barsha South Fourth,forecast,2025-09-01,,14575.560533887088
Al Barsha South Fourth,forecast,2025-10-01,,14767.580450532
Al Barsha South Fourth,forecast,2025-11-01,,14891.256471672674
Al Barsha South Fourth,forecast,2025-12-01,,15002.112365288544
Al Barsha South Fourth,forecast,2026-01-01,,15145.751833684972
Al Barsha South Fourth,forecast,2026-02-01,,15344.837807857808
Al Barshaa South Third,train,2022-09-01,12470.18291439487,13144.282675837749
Al Barshaa South Third,train,2022-10-01,11973.17276796438,13144.282675837749
Al Barshaa South Third,train,2022-11-01,11526.018698776574,11434.269279714816
Al Barshaa South Third,train,2022-12-01,11001.669542075784,11228.101440383683
Al Barshaa South Third,train,2023-01-01,10756.160543264104,10733.78962687044
Al Barshaa South Third,train,2023-02-01,10984.706512968301,10816.336061842761
Al Barshaa South Third,train,2023-03-01,11246.306461854281,11433.616685308823
Al Barshaa South Third,train,2023-04-01,11939.52557854769,11618.169186769137
Al Barshaa South Third,train,2023-05-01,12874.433272962566,12566.573874348918
Al Barshaa South Third,train,2023-06-01,13721.849831791518,13527.40952439597
Al Barshaa South Third,train,2023-07-01,14450.550139820776,14129.939827324215
Al Barshaa South Third,train,2023-08-01,14664.026593238334,14655.218507258292
Al Barshaa South Third,train,2023-09-01,14308.722534114433,14415.02871655724
Al Barshaa South Third,train,2023-10-01,13477.713919241784,13699.57383655745
Al Barshaa South Third,train,2023-11-01,12729.770292521276,12693.371398312283
Al Barshaa South Third,train,2023-12-01,12480.858946924716,12264.057265551872
Al Barshaa South Third,train,2024-01-01,12800.61454387138,12570.579261163593
Al Barshaa South Third,train,2024-02-01,13179.79710468658,13339.314512867271
Al Barshaa South Third,train,2024-03-01,13527.264019773902,13638.75847620242
Al Barshaa South Third,train,2024-04-01,13677.321404436478,13854.193709336452
Al Barshaa South Third,train,2024-05-01,13827.658514327408,13779.146017117948
Al Barshaa South Third,train,2024-06-01,13991.410480675211,13921.666963107236
Al Barshaa South Third,train,2024-07-01,14075.657111974997,14089.716626825964
Al Barshaa South Third,train,2024-08-01,14054.121937540178,14104.955555323662
Al Barshaa South Third,train,2024-09-01,13969.599181320526,14014.699148741662
Al Barshaa South Third,train,2024-10-01,13864.658006451413,13915.963182426245
Al Barshaa South Third,train,2024-11-01,13911.692065076837,13835.65732582488
Al Barshaa South Third,train,2024-12-01,13913.77745824313,14034.86421865489
Al Barshaa South Third,train,2025-01-01,13892.028049910548,13992.698561997591
Al Barshaa South Third,train,2025-02-01,13898.470428144952,13955.94915056177
Al Barshaa South Third,test,2025-03-01,13963.266474997023,13992.256968436473
Al Barshaa South Third,test,2025-04-01,14041.121875687139,14152.891138784458
Al Barshaa South Third,test,2025-05-01,14182.395755438365,14344.245758232615
Al Barshaa South Third,test,2025-06-01,14188.96907405724,14528.097985202012
Al Barshaa South Third,test,2025-07-01,14163.327431862886,14675.698455827544
Al Barshaa South Third,test,2025-08-01,14138.53688959161,14774.368173002365
Al Barshaa South Third,forecast,2025-09-01,,13992.256968436473
Al Barshaa South Third,forecast,2025-10-01,,14152.891138784458
Al Barshaa South Third,forecast,2025-11-01,,14344.245758232615
Al Barshaa South Third,forecast,2025-12-01,,14528.097985202012
Al Barshaa South Third,forecast,2026-01-01,,14675.698455827544
Al Barshaa South Third,forecast,2026-02-01,,14774.368173002365
Al Hebiah First,train,2022-09-01,6630.217603086977,8396.39178463837
Al Hebiah First,train,2022-10-01,6623.49174996938,8396.39178463837
Al Hebiah First,train,2022-11-01,6603.6554780999,6619.717849054484
Al Hebiah First,train,2022-12-01,6587.965393007763,6592.525273016992
Al Hebiah First,train,2023-01-01,6568.402541714962,6579.161628570935
Al Hebiah First,train,2023-02-01,6566.840695582198,6557.425753922982
Al Hebiah First,train,2023-03-01,6711.185253061736,6565.964337974277
Al Hebiah First,train,2023-04-01,7053.868795474215,6792.177515010959
Al Hebiah First,train,2023-05-01,7360.972019661045,7246.149791151476
Al Hebiah First,train,2023-06-01,7572.572678146537,7533.288767954909
Al Hebiah First,train,2023-07-01,7672.91603921408,7691.302585667398
Al Hebiah First,train,2023-08-01,7605.798604938383,7729.219068066415
Al Hebiah First,train,2023-09-01,7437.932193588943,7568.138765778962
Al Hebiah First,train,2023-10-01,7277.457643852073,7343.741732944682
Al Hebiah First,train,2023-11-01,7125.647350292281,7187.414783938115
Al Hebiah First,train,2023-12-01,7010.316994833661,7040.466036377303
Al Hebiah First,train,2024-01-01,7060.950727532808,6945.604708322091
Al Hebiah First,train,2024-02-01,7196.971926374501,7089.36150112791
Al Hebiah First,train,2024-03-01,7361.339638227508,7273.293921187471
Al Hebiah First,train,2024-04-01,7479.631933705493,7453.566965719785
Al Hebiah First,train,2024-05-01,7540.438554828822,7546.006175652828
Al Hebiah First,train,2024-06-01,7597.10006380918,7574.557373523915
Al Hebiah First,train,2024-07-01,7792.01781090931,7628.89304483949
Al Hebiah First,train,2024-08-01,8366.69826029984,7901.386875509644
Al Hebiah First,train,2024-09-01,12321.104345905522,8689.153573523085
Al Hebiah First,train,2024-10-01,14763.770125236426,14539.936140685028
Al Hebiah First,train,2024-11-01,17538.561296965792,16134.358875574428
Al Hebiah First,train,2024-12-01,20013.49048071634,19095.506826186418
Al Hebiah First,train,2025-01-01,20059.873616789537,21402.18234590507
Al Hebiah First,train,2025-02-01,20060.09287368438,20085.899364988596
Al Hebiah First,test,2025-03-01,20175.78806887079,20060.215899534276
Al Hebiah First,test,2025-04-01,20403.9759644052,20060.28492979101
Al Hebiah First,test,2025-05-01,20611.969016191782,20060.323662921885
Al Hebiah First,test,2025-06-01,20793.96851387061,20060.34539622404
Al Hebiah First,test,2025-07-01,20981.41406878607,20060.35759085979
Al Hebiah First,test,2025-08-01,21161.05271385324,20060.364433314746
Al Hebiah First,forecast,2025-09-01,,20060.215899534276
Al Hebiah First,forecast,2025-10-01,,20060.28492979101
Al Hebiah First,forecast,2025-11-01,,20060.323662921885
Al Hebiah First,forecast,2025-12-01,,20060.34539622404
Al Hebiah First,forecast,2026-01-01,,20060.35759085979
Al Hebiah First,forecast,2026-02-01,,20060.364433314746
Al Merkadh,train,2022-09-01,19792.979082156296,19789.005104512213
Al Merkadh,train,2022-10-01,19787.06449642355,19789.005104512213
Al Merkadh,train,2022-11-01,19734.9926602899,19775.308881100074
Al Merkadh,train,2022-12-01,19667.62944088965,19672.33390717499
Al Merkadh,train,2023-01-01,19624.64840917676,19613.207570983857
Al Merkadh,train,2023-02-01,19330.203832142677,19610.17079087871
Al Merkadh,train,2023-03-01,19023.61285198161,19001.46611899331
Al Merkadh,train,2023-04-01,18937.357250753976,18825.782616542805
Al Merkadh,train,2023-05-01,19069.339083718507,19022.091961739065
Al Merkadh,train,2023-06-01,19248.760980022693,19301.40372025139
Al Merkadh,train,2023-07-01,19476.098637515453,19415.992641739093
Al Merkadh,train,2023-08-01,19612.39386107478,19669.17442293296
Al Merkadh,train,2023-09-01,19518.355271201923,19662.107481461102
Al Merkadh,train,2023-10-01,19373.33048323568,19334.934305043473
Al Merkadh,train,2023-11-01,19222.605525440904,19255.634073194036
Al Merkadh,train,2023-12-01,18964.406583710024,19130.56872557017
Al Merkadh,train,2024-01-01,18717.342739533822,18751.394800036713
Al Merkadh,train,2024-02-01,18523.42107255005,18584.60646394605
Al Merkadh,train,2024-03-01,18420.75220752242,18457.393021228563
Al Merkadh,train,2024-04-01,18517.850530772357,18442.85440864098
Al Merkadh,train,2024-05-01,18793.594714488576,18734.994751697555
Al Merkadh,train,2024-06-01,19239.12606067564,19114.99029135782
Al Merkadh,train,2024-07-01,19699.82981504519,19659.149838683694
Al Merkadh,train,2024-08-01,19987.76047754467,20031.141574724013
Al Merkadh,train,2024-09-01,20128.411771881347,20086.68639614355
Al Merkadh,train,2024-10-01,20232.382087343365,20132.735245126114
Al Merkadh,train,2024-11-01,20250.53267720822,20266.728602520652
Al Merkadh,train,2024-12-01,20138.66383505573,20197.620129946827
Al Merkadh,train,2025-01-01,20108.477451573457,19974.727554701156
Al Merkadh,train,2025-02-01,20259.244631399026,20116.6780140982
Al Merkadh,test,2025-03-01,20401.416867677053,20442.424559904186
Al Merkadh,test,2025-04-01,20502.793036689818,20562.055200578066
Al Merkadh,test,2025-05-01,20525.584053953444,20581.30651591976
Al Merkadh,test,2025-06-01,20557.81515299218,20509.65886849211
Al Merkadh,test,2025-07-01,20565.376158828116,20381.86007693099
Al Merkadh,test,2025-08-01,20551.59597659335,20237.85097902094
Al Merkadh,forecast,2025-09-01,,20442.424559904186
Al Merkadh,forecast,2025-10-01,,20562.055200578066
Al Merkadh,forecast,2025-11-01,,20581.30651591976
Al Merkadh,forecast,2025-12-01,,20509.65886849211
Al Merkadh,forecast,2026-01-01,,20381.86007693099
Al Merkadh,forecast,2026-02-01,,20237.85097902094
Al Thanyah Fifth,train,2022-09-01,9892.899350654707,11909.325045034717
Al Thanyah Fifth,train,2022-10-01,10379.399909479751,11909.325045034717
Al Thanyah Fifth,train,2022-11-01,10823.48368239846,9573.149745344796
Al Thanyah Fifth,train,2022-12-01,11272.947895426947,11617.638923190481
Al Thanyah Fifth,train,2023-01-01,11353.526143738227,11037.86485649632
Al Thanyah Fifth,train,2023-02-01,11316.614259006967,11575.917446281477
Al Thanyah Fifth,train,2023-03-01,11574.803182907108,11130.984222116247
Al Thanyah Fifth,train,2023-04-01,12716.576118927602,11895.128326137126
Al Thanyah Fifth,train,2023-05-01,15450.62338543962,13311.975086858994
Al Thanyah Fifth,train,2023-06-01,17788.856744169403,17004.207270749186
Al Thanyah Fifth,train,2023-07-01,19427.289712689893,18359.52165083332
Al Thanyah Fifth,train,2023-08-01,19422.256353929577,19786.167176397914
Al Thanyah Fifth,train,2023-09-01,17043.38011059702,18545.484764853347
Al Thanyah Fifth,train,2023-10-01,15369.502455198999,15879.741030324763
Al Thanyah Fifth,train,2023-11-01,14898.49844609274,14920.943890759883
Al Thanyah Fifth,train,2023-12-01,15141.468742396333,14801.03694705522
Al Thanyah Fifth,train,2024-01-01,15419.924735843138,15374.228011195224
Al Thanyah Fifth,train,2024-02-01,15035.76326767387,15459.828082280965
Al Thanyah Fifth,train,2024-03-01,14338.986854657298,14680.511061320396
Al Thanyah Fifth,train,2024-04-01,14104.85276647732,13884.113662512042
Al Thanyah Fifth,train,2024-05-01,14207.9583631245,13771.69822783036
Al Thanyah Fifth,train,2024-06-01,14927.36689585632,14103.254618796913
Al Thanyah Fifth,train,2024-07-01,16677.321440112824,15231.527041429585
Al Thanyah Fifth,train,2024-08-01,18433.403002727096,18596.84045803899
Al Thanyah Fifth,train,2024-09-01,20088.574606739443,19956.721281736834
Al Thanyah Fifth,train,2024-10-01,19849.848142840172,20552.989353920624
Al Thanyah Fifth,train,2024-11-01,18745.62079163204,19581.371155265533
Al Thanyah Fifth,train,2024-12-01,17977.472098976355,18297.79859559649
Al Thanyah Fifth,train,2025-01-01,17613.596579379522,17747.5110962266
Al Thanyah Fifth,train,2025-02-01,17759.808971252267,17544.156254939855
Al Thanyah Fifth,test,2025-03-01,18371.470420840487,18094.333247108032
Al Thanyah Fifth,test,2025-04-01,18920.873449164224,18568.842255875912
Al Thanyah Fifth,test,2025-05-01,19297.949669194888,19632.317675437185
Al Thanyah Fifth,test,2025-06-01,18881.86992789248,20472.630783787812
Al Thanyah Fifth,test,2025-07-01,18510.855812590937,20924.868953481604
Al Thanyah Fifth,test,2025-08-01,18074.42344328177,20995.0268600076
Al Thanyah Fifth,forecast,2025-09-01,,18094.333247108032
Al Thanyah Fifth,forecast,2025-10-01,,18568.842255875912
Al Thanyah Fifth,forecast,2025-11-01,,19632.317675437185
Al Thanyah Fifth,forecast,2025-12-01,,20472.630783787812
Al Thanyah Fifth,forecast,2026-01-01,,20924.868953481604
Al Thanyah Fifth,forecast,2026-02-01,,20995.0268600076
Al Warsan First,train,2022-09-01,4907.052234249003,4971.6341596198245
Al Warsan First,train,2022-10-01,4894.469991318547,4971.6341596198245
Al Warsan First,train,2022-11-01,4878.584564062724,4896.191554616613
Al Warsan First,train,2022-12-01,4845.519494938124,4889.56496231586
Al Warsan First,train,2023-01-01,4821.7112602977,4849.752347517706
Al Warsan First,train,2023-02-01,4853.813182588188,4846.936122102155
Al Warsan First,train,2023-03-01,4914.806319194651,4935.225043209139
Al Warsan First,train,2023-04-01,5058.43876400609,5008.399557119133
Al Warsan First,train,2023-05-01,5190.554956595948,5211.437354920849
Al Warsan First,train,2023-06-01,5310.9234879362375,5298.541360733557
Al Warsan First,train,2023-07-01,5314.11009423045,5392.457497584752
Al Warsan First,train,2023-08-01,5305.780499359943,5282.559037240304
Al Warsan First,train,2023-09-01,5329.02934464153,5296.32097641311
Al Warsan First,train,2023-10-01,5354.338733023215,5370.337653267278
Al Warsan First,train,2023-11-01,5353.01221167033,5400.016233313986
Al Warsan First,train,2023-12-01,5352.392972798602,5374.899222293615
Al Warsan First,train,2024-01-01,5394.516268616586,5383.4286603436885
Al Warsan First,train,2024-02-01,5478.366541838301,5469.439505440188
Al Warsan First,train,2024-03-01,5600.215278385947,5581.272083560036
Al Warsan First,train,2024-04-01,5708.796296550773,5719.653261475559
Al Warsan First,train,2024-05-01,5787.991353033978,5794.211197676146
Al Warsan First,train,2024-06-01,5859.087139532841,5838.238269674569
Al Warsan First,train,2024-07-01,5900.112692853282,5906.286609331686
Al Warsan First,train,2024-08-01,5940.3981345223465,5924.5205001062905
Al Warsan First,train,2024-09-01,5991.168483810131,5975.977539910611
Al Warsan First,train,2024-10-01,6045.593999702554,6043.222353910712
Al Warsan First,train,2024-11-01,6136.210373297436,6101.623409149317
Al Warsan First,train,2024-12-01,6270.136124584693,6224.810888203856
Al Warsan First,train,2025-01-01,6405.04847552131,6387.228521406599
Al Warsan First,train,2025-02-01,6490.353030619965,6503.5677341292485
Al Warsan First,test,2025-03-01,6528.405385786558,6532.038475899442
Al Warsan First,test,2025-04-01,6519.871846623598,6542.399772852852
Al Warsan First,test,2025-05-01,6507.69470955409,6542.062740069902
Al Warsan First,test,2025-06-01,6561.721743904278,6551.469462535292
Al Warsan First,test,2025-07-01,6617.613365006667,6583.99592847096
Al Warsan First,test,2025-08-01,6677.752952876455,6642.72945031136
Al Warsan First,forecast,2025-09-01,,6532.038475899442
Al Warsan First,forecast,2025-10-01,,6542.399772852852
Al Warsan First,forecast,2025-11-01,,6542.062740069902
Al Warsan First,forecast,2025-12-01,,6551.469462535292
Al Warsan First,forecast,2026-01-01,,6583.99592847096
Al Warsan First,forecast,2026-02-01,,6642.72945031136
Al Yelayiss 2,train,2022-09-01,8130.086632603276,8801.967365412786
Al Yelayiss 2,train,2022-10-01,8657.872587901113,8801.967365412786
Al Yelayiss 2,train,2022-11-01,9371.63831798938,8920.527615062028
Al Yelayiss 2,train,2022-12-01,10180.296412571995,9726.847006930473
Al Yelayiss 2,train,2023-01-01,11120.054539535062,10582.728708589862
Al Yelayiss 2,train,2023-02-01,12447.520376979162,11587.729349530498
Al Yelayiss 2,train,2023-03-01,11542.855019756864,13108.139652822363
Al Yelayiss 2,train,2023-04-01,10920.560718545523,11092.644282643421
Al Yelayiss 2,train,2023-05-01,10625.122693987096,10610.873192861909
Al Yelayiss 2,train,2023-06-01,10561.381545603326,10478.0966475646
Al Yelayiss 2,train,2023-07-01,10704.302384344113,10529.66047972055
Al Yelayiss 2,train,2023-08-01,10848.12780652785,10775.427575161551
Al Yelayiss 2,train,2023-09-01,10958.20773028249,10919.703167317399
Al Yelayiss 2,train,2023-10-01,11184.87997294818,11012.989493748193
Al Yelayiss 2,train,2023-11-01,11508.474229726391,11297.68442228292
Al Yelayiss 2,train,2023-12-01,11933.936312384525,11669.512350294102
Al Yelayiss 2,train,2024-01-01,12297.263181610102,12145.669409400058
Al Yelayiss 2,train,2024-02-01,12383.745355633013,12478.074413411226
Al Yelayiss 2,train,2024-03-01,12344.60167962542,12426.783594030441
Al Yelayiss 2,train,2024-04-01,12330.57683996419,12325.12165522964
Al Yelayiss 2,train,2024-05-01,12349.044501909997,12323.597316153122
Al Yelayiss 2,train,2024-06-01,12254.031604743712,12358.235015983524
Al Yelayiss 2,train,2024-07-01,12266.586334987944,12206.748014046863
Al Yelayiss 2,train,2024-08-01,12212.263596377803,12272.834252311617
Al Yelayiss 2,train,2024-09-01,12213.267404021206,12185.229643992598
Al Yelayiss 2,train,2024-10-01,12288.592639351933,12213.766953357817
Al Yelayiss 2,train,2024-11-01,12509.184914277295,12326.07857760607
Al Yelayiss 2,train,2024-12-01,12995.929461722144,12618.963640634864
Al Yelayiss 2,train,2025-01-01,13557.550782884824,13238.160049797209
Al Yelayiss 2,train,2025-02-01,13907.049373604728,13837.044130298531
Al Yelayiss 2,test,2025-03-01,14048.484272692896,14080.978901127748
Al Yelayiss 2,test,2025-04-01,14074.108970624628,14167.535703780566
Al Yelayiss 2,test,2025-05-01,14025.24926271228,14210.611081447463
Al Yelayiss 2,test,2025-06-01,14002.46422553666,14232.047734654123
Al Yelayiss 2,test,2025-07-01,13993.285704435366,14242.715780428583
Al Yelayiss 2,test,2025-08-01,13970.381880797433,14248.02478083778
Al Yelayiss 2,forecast,2025-09-01,,14080.978901127748
Al Yelayiss 2,forecast,2025-10-01,,14167.535703780566
Al Yelayiss 2,forecast,2025-11-01,,14210.611081447463
Al Yelayiss 2,forecast,2025-12-01,,14232.047734654123
Al Yelayiss 2,forecast,2026-01-01,,14242.715780428583
Al Yelayiss 2,forecast,2026-02-01,,14248.02478083778
Burj Khalifa,train,2022-09-01,19845.0220610016,20015.60783347531
Burj Khalifa,train,2022-10-01,20370.171279578706,20015.60783347531
Burj Khalifa,train,2022-11-01,20880.14849163694,21080.324770672967
Burj Khalifa,train,2022-12-01,21349.30186508503,21357.47634828474
Burj Khalifa,train,2023-01-01,21796.206673743192,21723.92750728714
Burj Khalifa,train,2023-02-01,21934.58959410388,22104.459548942992
Burj Khalifa,train,2023-03-01,21865.308031496275,21853.665064726476
Burj Khalifa,train,2023-04-01,21376.26171729042,21664.0864113271
Burj Khalifa,train,2023-05-01,20869.333385800186,20803.41963088305
Burj Khalifa,train,2023-06-01,20687.525707854547,20511.243520400436
Burj Khalifa,train,2023-07-01,20750.043507245184,20761.1310380571
Burj Khalifa,train,2023-08-01,21121.60776602997,20983.21240921066
Burj Khalifa,train,2023-09-01,21666.438818160983,21589.131165043276
Burj Khalifa,train,2023-10-01,22041.73965238551,22152.20613698857
Burj Khalifa,train,2023-11-01,22218.41727047307,22199.607158581486
Burj Khalifa,train,2023-12-01,22209.527303019997,22178.986481791748
Burj Khalifa,train,2024-01-01,21929.114038562024,22024.113643487704
Burj Khalifa,train,2024-02-01,21599.841812288887,21520.024690347593
Burj Khalifa,train,2024-03-01,21307.97059587057,21283.76902288045
Burj Khalifa,train,2024-04-01,20954.197681362395,21094.725996207468
Burj Khalifa,train,2024-05-01,20586.18851506991,20693.170542495638
Burj Khalifa,train,2024-06-01,20488.84661832665,20379.098503678943
Burj Khalifa,train,2024-07-01,20711.773474289006,20634.13869234037
Burj Khalifa,train,2024-08-01,21109.75302734721,21112.93892595653
Burj Khalifa,train,2024-09-01,21648.736859240937,21545.05407313186
Burj Khalifa,train,2024-10-01,22229.13029263993,22118.56721382767
Burj Khalifa,train,2024-11-01,22461.18511207269,22619.375437671144
Burj Khalifa,train,2024-12-01,22498.81929784717,22375.054991377336
Burj Khalifa,train,2025-01-01,22487.675728147944,22311.87425086001
Burj Khalifa,train,2025-02-01,22523.335791772533,22322.26373656124
Burj Khalifa,test,2025-03-01,22607.07795086663,22431.459221695994
Burj Khalifa,test,2025-04-01,22404.120709338433,22174.15190738967
Burj Khalifa,test,2025-05-01,21894.769313716417,21797.341723910846
Burj Khalifa,test,2025-06-01,21516.70422974917,21388.345147595486
Burj Khalifa,test,2025-07-01,21084.554007028873,21040.04643502966
Burj Khalifa,test,2025-08-01,20610.097469925728,20823.501279023585
Burj Khalifa,forecast,2025-09-01,,22431.459221695994
Burj Khalifa,forecast,2025-10-01,,22174.15190738967
Burj Khalifa,forecast,2025-11-01,,21797.341723910846
Burj Khalifa,forecast,2025-12-01,,21388.345147595486
Burj Khalifa,forecast,2026-01-01,,21040.04643502966
Burj Khalifa,forecast,2026-02-01,,20823.501279023585
Business Bay,train,2022-09-01,21908.58736990503,21908.587369905028
Business Bay,train,2022-10-01,21876.722841883893,21908.587369905028
Business Bay,train,2022-11-01,21910.426371173206,21876.722841883893
Business Bay,train,2022-12-01,21799.3503277882,21910.426371173206
Business Bay,train,2023-01-01,21847.30136983204,21799.3503277882
Business Bay,train,2023-02-01,22039.745850634645,21847.30136983204
Business Bay,train,2023-03-01,21499.53853565395,22039.745850634645
Business Bay,train,2023-04-01,20306.763879984923,21499.53853565395
Business Bay,train,2023-05-01,19520.00094354271,20306.763879984923
Business Bay,train,2023-06-01,19220.25202575532,19520.00094354271
Business Bay,train,2023-07-01,20502.152259339626,19220.25202575532
Business Bay,train,2023-08-01,21642.351501924288,20502.152259339626
Business Bay,train,2023-09-01,22194.188716337172,21642.351501924288
Business Bay,train,2023-10-01,22598.55300270657,22194.188716337172
Business Bay,train,2023-11-01,22408.21897095913,22598.55300270657
Business Bay,train,2023-12-01,22665.341354375225,22408.21897095913
Business Bay,train,2024-01-01,22916.201198049886,22665.341354375225
Business Bay,train,2024-02-01,23104.244859568942,22916.201198049886
Business Bay,train,2024-03-01,23097.052927232096,23104.244859568942
Business Bay,train,2024-04-01,23314.25515566428,23097.052927232096
Business Bay,train,2024-05-01,23391.896929953422,23314.25515566428
Business Bay,train,2024-06-01,23259.360236692934,23391.896929953422
Business Bay,train,2024-07-01,23208.45717008098,23259.360236692934
Business Bay,train,2024-08-01,23123.64471927439,23208.45717008098
Business Bay,train,2024-09-01,23238.54325991096,23123.64471927439
Business Bay,train,2024-10-01,23387.9098215157,23238.54325991096
Business Bay,train,2024-11-01,23606.384544574717,23387.9098215157
Business Bay,train,2024-12-01,23586.923767202024,23606.384544574717
Business Bay,train,2025-01-01,23709.277202490823,23586.923767202024
Business Bay,train,2025-02-01,23917.318788679513,23709.277202490823
Business Bay,test,2025-03-01,23987.365006390235,23917.318788679513
Business Bay,test,2025-04-01,24218.76321949086,23917.318788679513
Business Bay,test,2025-05-01,24363.80144033796,23917.318788679513
Business Bay,test,2025-06-01,25042.074089144244,23917.318788679513
Business Bay,test,2025-07-01,25890.05093731782,23917.318788679513
Business Bay,test,2025-08-01,26792.062048986627,23917.318788679513
Business Bay,forecast,2025-09-01,,23917.318788679513
Business Bay,forecast,2025-10-01,,23917.318788679513
Business Bay,forecast,2025-11-01,,23917.318788679513
Business Bay,forecast,2025-12-01,,23917.318788679513
Business Bay,forecast,2026-01-01,,23917.318788679513
Business Bay,forecast,2026-02-01,,23917.318788679513
Hadaeq Sheikh Mohammed Bin Rashid,train,2022-09-01,18882.200670152353,19262.591268691463
Hadaeq Sheikh Mohammed Bin Rashid,train,2022-10-01,18964.976009480302,19262.591268691463
Hadaeq Sheikh Mohammed Bin Rashid,train,2022-11-01,19079.508005756823,19004.317159784412
Hadaeq Sheikh Mohammed Bin Rashid,train,2022-12-01,19223.55065881779,19301.182774797093
Hadaeq Sheikh Mohammed Bin Rashid,train,2023-01-01,19416.43487243494,19343.930434660822
Hadaeq Sheikh Mohammed Bin Rashid,train,2023-02-01,19843.577522946354,19657.5844095052
Hadaeq Sheikh Mohammed Bin Rashid,train,2023-03-01,20096.532693789286,20211.857945752694
Hadaeq Sheikh Mohammed Bin Rashid,train,2023-04-01,20271.05998662931,20189.98702515937
Hadaeq Sheikh Mohammed Bin Rashid,train,2023-05-01,20435.81417710686,20523.106493168045
Hadaeq Sheikh Mohammed Bin Rashid,train,2023-06-01,20427.670768771477,20538.670865639364
Hadaeq Sheikh Mohammed Bin Rashid,train,2023-07-01,20497.935859510555,20485.587576685513
Hadaeq Sheikh Mohammed Bin Rashid,train,2023-08-01,20817.756502568645,20676.901592201822
Hadaeq Sheikh Mohammed Bin Rashid,train,2023-09-01,21212.477550747797,21147.023487829396
Hadaeq Sheikh Mohammed Bin Rashid,train,2023-10-01,21666.069835432714,21483.050391232187
Hadaeq Sheikh Mohammed Bin Rashid,train,2023-11-01,22097.081905805248,22053.651177764055
Hadaeq Sheikh Mohammed Bin Rashid,train,2023-12-01,22337.16838212656,22352.58363104957
Hadaeq Sheikh Mohammed Bin Rashid,train,2024-01-01,22462.802322695123,22512.77552576467
Hadaeq Sheikh Mohammed Bin Rashid,train,2024-02-01,22654.671936113053,22590.892447721493
Hadaeq Sheikh Mohammed Bin Rashid,train,2024-03-01,22889.395965239783,22898.497178883117
Hadaeq Sheikh Mohammed Bin Rashid,train,2024-04-01,23183.49860745621,23070.11729599041
Hadaeq Sheikh Mohammed Bin Rashid,train,2024-05-01,23648.16355687779,23488.10387649276
Hadaeq Sheikh Mohammed Bin Rashid,train,2024-06-01,23990.794028898104,24019.756992589995
Hadaeq Sheikh Mohammed Bin Rashid,train,2024-07-01,24256.965949686382,24166.672890984355
Hadaeq Sheikh Mohammed Bin Rashid,train,2024-08-01,24499.8880637375,24536.602468892466
Hadaeq Sheikh Mohammed Bin Rashid,train,2024-09-01,24584.814008350622,24655.17824386134
Hadaeq Sheikh Mohammed Bin Rashid,train,2024-10-01,24503.42999713891,24687.102341610484
Hadaeq Sheikh Mohammed Bin Rashid,train,2024-11-01,24426.99620671349,24475.103983098263
Hadaeq Sheikh Mohammed Bin Rashid,train,2024-12-01,24356.47399897037,24529.318418819817
Hadaeq Sheikh Mohammed Bin Rashid,train,2025-01-01,24357.178366602697,24339.502073895525
Hadaeq Sheikh Mohammed Bin Rashid,train,2025-02-01,24556.91848756756,24532.860261065067
Hadaeq Sheikh Mohammed Bin Rashid,test,2025-03-01,24816.96980780704,24764.860598761134
Hadaeq Sheikh Mohammed Bin Rashid,test,2025-04-01,25130.34410060683,24950.67678591335
Hadaeq Sheikh Mohammed Bin Rashid,test,2025-05-01,25445.775278130466,25133.59307157972
Hadaeq Sheikh Mohammed Bin Rashid,test,2025-06-01,25680.574384316387,25316.129285949995
Hadaeq Sheikh Mohammed Bin Rashid,test,2025-07-01,25919.202683083688,25498.615686838395
Hadaeq Sheikh Mohammed Bin Rashid,test,2025-08-01,26169.921033551724,25681.095558996523
Hadaeq Sheikh Mohammed Bin Rashid,forecast,2025-09-01,,24764.860598761134
Hadaeq Sheikh Mohammed Bin Rashid,forecast,2025-10-01,,24950.67678591335
Hadaeq Sheikh Mohammed Bin Rashid,forecast,2025-11-01,,25133.59307157972
Hadaeq Sheikh Mohammed Bin Rashid,forecast,2025-12-01,,25316.129285949995
Hadaeq Sheikh Mohammed Bin Rashid,forecast,2026-01-01,,25498.615686838395
Hadaeq Sheikh Mohammed Bin Rashid,forecast,2026-02-01,,25681.095558996523
Jabal Ali First,train,2022-09-01,11335.06317794672,10870.407559203955
Jabal Ali First,train,2022-10-01,11102.735368575333,10870.407559203955
Jabal Ali First,train,2022-11-01,10870.234146688465,10870.407559203955
Jabal Ali First,train,2022-12-01,10646.044366467513,10637.732924801594
Jabal Ali First,train,2023-01-01,10445.420731726388,10421.854586246562
Jabal Ali First,train,2023-02-01,10128.97731825455,10244.797096985263
Jabal Ali First,train,2023-03-01,10171.920736987975,9812.533904782713
Jabal Ali First,train,2023-04-01,10325.764513160808,10214.8641557214
Jabal Ali First,train,2023-05-01,10399.171979372075,10479.60828933364
Jabal Ali First,train,2023-06-01,10390.521427610849,10472.579445583342
Jabal Ali First,train,2023-07-01,10388.456527919509,10381.870875849623
Jabal Ali First,train,2023-08-01,10646.201986266107,10386.391628228168
Jabal Ali First,train,2023-09-01,10989.998051146295,10903.947444612706
Jabal Ali First,train,2023-10-01,11205.902626028423,11333.794116026482
Jabal Ali First,train,2023-11-01,11507.401575976462,11421.807200910549
Jabal Ali First,train,2023-12-01,11747.792031638168,11808.900525924504
Jabal Ali First,train,2024-01-01,11814.3801677368,11988.182487299873
Jabal Ali First,train,2024-02-01,11972.893189921318,11880.96830383543
Jabal Ali First,train,2024-03-01,12204.83556008529,12131.406212105838
Jabal Ali First,train,2024-04-01,12336.129280273746,12436.777930249262
Jabal Ali First,train,2024-05-01,12353.373040926263,12467.423000462202
Jabal Ali First,train,2024-06-01,12324.835058774734,12370.616801578779
Jabal Ali First,train,2024-07-01,12314.359188017292,12296.297076623205
Jabal Ali First,train,2024-08-01,12352.956670082947,12303.88331725985
Jabal Ali First,train,2024-09-01,12499.280989953479,12391.554152148601
Jabal Ali First,train,2024-10-01,12717.388574535296,12645.605309824012
Jabal Ali First,train,2024-11-01,12902.177102255102,12935.496159117114
Jabal Ali First,train,2024-12-01,13068.050918593295,13086.965629974906
Jabal Ali First,train,2025-01-01,13225.238232404923,13233.92473493149
Jabal Ali First,train,2025-02-01,13391.606885150522,13382.425546216551
Jabal Ali First,test,2025-03-01,13556.569714321327,13557.975537896122
Jabal Ali First,test,2025-04-01,13743.268023034258,13724.344190641721
Jabal Ali First,test,2025-05-01,13944.776706148827,13890.71284338732
Jabal Ali First,test,2025-06-01,14143.765716786453,14057.08149613292
Jabal Ali First,test,2025-07-01,14346.015511999356,14223.450148878519
Jabal Ali First,test,2025-08-01,14550.779718555988,14389.818801624118
Jabal Ali First,forecast,2025-09-01,,13557.975537896122
Jabal Ali First,forecast,2025-10-01,,13724.344190641721
Jabal Ali First,forecast,2025-11-01,,13890.71284338732
Jabal Ali First,forecast,2025-12-01,,14057.08149613292
Jabal Ali First,forecast,2026-01-01,,14223.450148878519
Jabal Ali First,forecast,2026-02-01,,14389.818801624118
Madinat Al Mataar,train,2022-09-01,7290.6944083385115,8838.18085403241
Madinat Al Mataar,train,2022-10-01,7277.661690591429,8838.18085403241
Madinat Al Mataar,train,2022-11-01,7250.5387770756715,6891.550729460688
Madinat Al Mataar,train,2022-12-01,7205.339413822804,7243.817035698801
Madinat Al Mataar,train,2023-01-01,7083.995819499229,7258.176495257901
Madinat Al Mataar,train,2023-02-01,7111.665200377569,7134.724114933093
Madinat Al Mataar,train,2023-03-01,7153.398656922552,7376.656167328635
Madinat Al Mataar,train,2023-04-01,7322.419040413565,7436.920770316588
Madinat Al Mataar,train,2023-05-01,7588.9612909948955,7745.466725838854
Madinat Al Mataar,train,2023-06-01,7858.036394819645,8081.02543066803
Madinat Al Mataar,train,2023-07-01,8171.360644947109,8330.353235560578
Madinat Al Mataar,train,2023-08-01,8297.774678838905,8679.31407599179
Madinat Al Mataar,train,2023-09-01,8882.160201583805,8634.330169242414
Madinat Al Mataar,train,2023-10-01,10176.79182722035,9659.701818659527
Madinat Al Mataar,train,2023-11-01,12114.98426625637,11401.419521923479
Madinat Al Mataar,train,2023-12-01,14269.96010199644,13576.609730361983
Madinat Al Mataar,train,2024-01-01,15088.381058627769,15546.143648239211
Madinat Al Mataar,train,2024-02-01,14241.506788752053,14976.531150261912
Madinat Al Mataar,train,2024-03-01,13145.3591553677,13012.40024239513
Madinat Al Mataar,train,2024-04-01,11580.820252779968,12284.261218012056
Madinat Al Mataar,train,2024-05-01,10628.404523430807,10640.204435520935
Madinat Al Mataar,train,2024-06-01,10613.953456733268,10585.186720119997
Madinat Al Mataar,train,2024-07-01,11287.467948962249,11395.934714598816
Madinat Al Mataar,train,2024-08-01,12599.12595027957,12463.549538922787
Madinat Al Mataar,train,2024-09-01,14094.383873315786,14070.629080856266
Madinat Al Mataar,train,2024-10-01,15508.109700801962,15409.539146095447
Madinat Al Mataar,train,2024-11-01,16635.420078195817,16529.326486749826
Madinat Al Mataar,train,2024-12-01,17046.332478281525,17278.542982668405
Madinat Al Mataar,train,2025-01-01,17600.105196325614,17060.234134849066
Madinat Al Mataar,train,2025-02-01,18058.135435639182,17892.268907341244
Madinat Al Mataar,test,2025-03-01,18011.177315558012,18238.51041482797
Madinat Al Mataar,test,2025-04-01,17977.304577158833,18221.462135424066
Madinat Al Mataar,test,2025-05-01,17831.090228798646,18150.76584875677
Madinat Al Mataar,test,2025-06-01,17298.348527341626,18153.49691563136
Madinat Al Mataar,test,2025-07-01,16640.15139656871,18305.817430743005
Madinat Al Mataar,test,2025-08-01,15948.277536882519,18625.90735300493
Madinat Al Mataar,forecast,2025-09-01,,18238.51041482797
Madinat Al Mataar,forecast,2025-10-01,,18221.462135424066
Madinat Al Mataar,forecast,2025-11-01,,18150.76584875677
Madinat Al Mataar,forecast,2025-12-01,,18153.49691563136
Madinat Al Mataar,forecast,2026-01-01,,18305.817430743005
Madinat Al Mataar,forecast,2026-02-01,,18625.90735300493
Madinat Dubai Almelaheyah,train,2022-09-01,16952.600832151078,17675.675945432424
Madinat Dubai Almelaheyah,train,2022-10-01,17523.389302789376,17675.675945432424
Madinat Dubai Almelaheyah,train,2022-11-01,18062.146918292387,17871.1620699245
Madinat Dubai Almelaheyah,train,2022-12-01,18563.456115794666,18573.282079077773
Madinat Dubai Almelaheyah,train,2023-01-01,19088.552357718512,18962.777442186754
Madinat Dubai Almelaheyah,train,2023-02-01,19311.338580814252,19583.99272731596
Madinat Dubai Almelaheyah,train,2023-03-01,19280.275716056556,19399.944009709547
Madinat Dubai Almelaheyah,train,2023-04-01,19302.813114262357,19384.006688481324
Madinat Dubai Almelaheyah,train,2023-05-01,19549.487329102536,19513.810229565177
Madinat Dubai Almelaheyah,train,2023-06-01,19958.149309542878,19912.461332399598
Madinat Dubai Almelaheyah,train,2023-07-01,20474.24370596819,20381.345542677645
Madinat Dubai Almelaheyah,train,2023-08-01,20883.49011878957,20956.590707933392
Madinat Dubai Almelaheyah,train,2023-09-01,21143.933970299426,21192.147128840897
Madinat Dubai Almelaheyah,train,2023-10-01,21503.546826237853,21412.566604947115
Madinat Dubai Almelaheyah,train,2023-11-01,21830.39493651874,21944.642059729515
Madinat Dubai Almelaheyah,train,2023-12-01,22322.735748300875,22090.33835773019
Madinat Dubai Almelaheyah,train,2024-01-01,23182.989059140924,22901.08163790559
Madinat Dubai Almelaheyah,train,2024-02-01,23939.229929414672,23963.13093746558
Madinat Dubai Almelaheyah,train,2024-03-01,24414.538885330945,24383.784853019155
Madinat Dubai Almelaheyah,train,2024-04-01,24863.795596603464,24795.59750608597
Madinat Dubai Almelaheyah,train,2024-05-01,24944.18441661121,25311.19020809055
Madinat Dubai Almelaheyah,train,2024-06-01,24807.590000058786,24900.268853173708
Madinat Dubai Almelaheyah,train,2024-07-01,24801.62707331846,24902.226805295006
Madinat Dubai Almelaheyah,train,2024-08-01,25055.440171958177,25001.101516867337
Madinat Dubai Almelaheyah,train,2024-09-01,25423.280116730304,25432.076906172893
Madinat Dubai Almelaheyah,train,2024-10-01,25812.712551576802,25790.805601603337
Madinat Dubai Almelaheyah,train,2024-11-01,26238.624942941027,26189.74724875528
Madinat Dubai Almelaheyah,train,2024-12-01,26726.215029913837,26659.838669697037
Madinat Dubai Almelaheyah,train,2025-01-01,27294.371407423474,27179.02356765047
Madinat Dubai Almelaheyah,train,2025-02-01,27878.266479122107,27811.492519923806
Madinat Dubai Almelaheyah,test,2025-03-01,28347.120130164134,28359.175874246528
Madinat Dubai Almelaheyah,test,2025-04-01,28813.494102493034,28742.11742663018
Madinat Dubai Almelaheyah,test,2025-05-01,29368.398283613922,29097.294879208224
Madinat Dubai Almelaheyah,test,2025-06-01,29920.53782319718,29452.47233178627
Madinat Dubai Almelaheyah,test,2025-07-01,30466.075639932358,29807.649784364316
Madinat Dubai Almelaheyah,test,2025-08-01,31033.0767439697,30162.82723694236
Madinat Dubai Almelaheyah,forecast,2025-09-01,,28359.175874246528
Madinat Dubai Almelaheyah,forecast,2025-10-01,,28742.11742663018
Madinat Dubai Almelaheyah,forecast,2025-11-01,,29097.294879208224
Madinat Dubai Almelaheyah,forecast,2025-12-01,,29452.47233178627
Madinat Dubai Almelaheyah,forecast,2026-01-01,,29807.649784364316
Madinat Dubai Almelaheyah,forecast,2026-02-01,,30162.82723694236
Me'Aisem First,train,2022-09-01,7422.718907092463,7809.7073749102
Me'Aisem First,train,2022-10-01,7446.9529805538705,7809.7073749102
Me'Aisem First,train,2022-11-01,7509.056643022353,7433.478635449709
Me'Aisem First,train,2022-12-01,7625.466921563097,7652.83624872485
Me'Aisem First,train,2023-01-01,7885.8161362090905,7805.521480478524
Me'Aisem First,train,2023-02-01,8492.29867008092,8186.91046334989
Me'Aisem First,train,2023-03-01,8924.59194894987,9077.247872800377
Me'Aisem First,train,2023-04-01,9411.420842602973,9140.504192929095
Me'Aisem First,train,2023-05-01,9814.233017417419,9778.440799173868
Me'Aisem First,train,2023-06-01,9827.229267724744,10064.002715547016
Me'Aisem First,train,2023-07-01,9567.621600924525,9715.123755765464
Me'Aisem First,train,2023-08-01,9370.157644541992,9381.352490420746
Me'Aisem First,train,2023-09-01,9346.125601387414,9396.126971816866
Me'Aisem First,train,2023-10-01,9296.237456486477,9519.71367653528
Me'Aisem First,train,2023-11-01,9322.054361262664,9349.091205602932
Me'Aisem First,train,2023-12-01,9606.285185366312,9467.976411981823
Me'Aisem First,train,2024-01-01,9934.331788816595,9981.286167178849
Me'Aisem First,train,2024-02-01,10128.849695430397,10215.468043732548
Me'Aisem First,train,2024-03-01,10267.926932356217,10246.798808467538
Me'Aisem First,train,2024-04-01,10471.319407838775,10400.109027146937
Me'Aisem First,train,2024-05-01,10856.833567081425,10700.656887561872
Me'Aisem First,train,2024-06-01,11276.310027554278,11241.695336622348
Me'Aisem First,train,2024-07-01,11644.39508079076,11598.239443862645
Me'Aisem First,train,2024-08-01,12046.428454203402,11894.278426431962
Me'Aisem First,train,2024-09-01,12253.630699140938,12359.551904485837
Me'Aisem First,train,2024-10-01,12152.411439132196,12344.850938993774
Me'Aisem First,train,2024-11-01,12023.906645194835,12026.679208722398
Me'Aisem First,train,2024-12-01,12106.374559682889,12036.333181527767
Me'Aisem First,train,2025-01-01,12416.513660847217,12353.968430071465
Me'Aisem First,train,2025-02-01,12895.8511008534,12787.970028619347
Me'Aisem First,test,2025-03-01,13418.836044705238,13321.0543796785
Me'Aisem First,test,2025-04-01,13903.467823384322,13598.266399713366
Me'Aisem First,test,2025-05-01,14084.048604246676,13750.111624482059
Me'Aisem First,test,2025-06-01,14242.565796409965,13850.946921168446
Me'Aisem First,test,2025-07-01,14372.55689492528,13966.233831214167
Me'Aisem First,test,2025-08-01,14479.751445325366,14124.184693879339
Me'Aisem First,forecast,2025-09-01,,13321.0543796785
Me'Aisem First,forecast,2025-10-01,,13598.266399713366
Me'Aisem First,forecast,2025-11-01,,13750.111624482059
Me'Aisem First,forecast,2025-12-01,,13850.946921168446
Me'Aisem First,forecast,2026-01-01,,13966.233831214167
Me'Aisem First,forecast,2026-02-01,,14124.184693879339
Nadd Hessa,train,2022-09-01,5988.319877514079,6598.672780522549
Nadd Hessa,train,2022-10-01,6645.020905410596,6598.672780522549
Nadd Hessa,train,2022-11-01,7274.348487900996,7119.976551956977
Nadd Hessa,train,2022-12-01,7672.897831212593,7759.233541267296
Nadd Hessa,train,2023-01-01,7684.643549511985,7942.708971717945
Nadd Hessa,train,2023-02-01,7108.445825047933,7649.697245069973
Nadd Hessa,train,2023-03-01,6937.616324630304,6621.122221804039
Nadd Hessa,train,2023-04-01,6920.955118917161,7019.760728267097
Nadd Hessa,train,2023-05-01,7025.867533893237,7030.118386978915
Nadd Hessa,train,2023-06-01,6954.0528945914575,7206.214274685946
Nadd Hessa,train,2023-07-01,6839.516783927116,6926.741421678607
Nadd Hessa,train,2023-08-01,6974.455463826265,6824.1256646169995
Nadd Hessa,train,2023-09-01,7078.545073013205,7213.356022781467
Nadd Hessa,train,2023-10-01,7185.839195166153,7212.4065437604095
Nadd Hessa,train,2023-11-01,7254.169241780493,7332.098933734909
Nadd Hessa,train,2023-12-01,7589.658892118895,7361.757739300818
Nadd Hessa,train,2024-01-01,8197.835186230406,7967.520229946621
Nadd Hessa,train,2024-02-01,8615.660718965843,8759.058581826748
Nadd Hessa,train,2024-03-01,8638.412380189711,8910.499951225815
Nadd Hessa,train,2024-04-01,8486.897928944662,8608.307066167257
Nadd Hessa,train,2024-05-01,8434.95672287094,8407.222624363962
Nadd Hessa,train,2024-06-01,8475.31975021633,8504.15844352716
Nadd Hessa,train,2024-07-01,8655.861630394911,8603.834817548188
Nadd Hessa,train,2024-08-01,8877.680319493053,8892.208958290532
Nadd Hessa,train,2024-09-01,9218.07643953617,9111.724161788965
Nadd Hessa,train,2024-10-01,9753.816892367277,9554.42748527515
Nadd Hessa,train,2024-11-01,10156.252032085122,10243.465543539925
Nadd Hessa,train,2024-12-01,10909.747094048224,10458.02865911347
Nadd Hessa,train,2025-01-01,11618.330528396698,11591.419233307694
Nadd Hessa,train,2025-02-01,12431.235472319311,12150.739628676673
Nadd Hessa,test,2025-03-01,13391.784017762466,13078.131742293126
Nadd Hessa,test,2025-04-01,13960.212376889609,13532.941382763576
Nadd Hessa,test,2025-05-01,14261.042796623455,13851.900678534317
Nadd Hessa,test,2025-06-01,14034.279689973426,14097.288735661356
Nadd Hessa,test,2025-07-01,13452.6893226938,14312.424493230355
Nadd Hessa,test,2025-08-01,12889.189401953266,14520.457989694454
Nadd Hessa,forecast,2025-09-01,,13078.131742293126
Nadd Hessa,forecast,2025-10-01,,13532.941382763576
Nadd Hessa,forecast,2025-11-01,,13851.900678534317
Nadd Hessa,forecast,2025-12-01,,14097.288735661356
Nadd Hessa,forecast,2026-01-01,,14312.424493230355
Nadd Hessa,forecast,2026-02-01,,14520.457989694454
Palm Jumeirah,train,2022-09-01,20095.289844769504,19617.348021700276
Palm Jumeirah,train,2022-10-01,19903.182034144236,19617.348021700276
Palm Jumeirah,train,2022-11-01,19680.512519170486,19617.348021700276
Palm Jumeirah,train,2022-12-01,19465.266839532866,19487.35739591728
Palm Jumeirah,train,2023-01-01,19126.04812049914,19236.887107895913
Palm Jumeirah,train,2023-02-01,18673.605768008365,18715.533681246598
Palm Jumeirah,train,2023-03-01,18333.871444902474,18193.32201364285
Palm Jumeirah,train,2023-04-01,18030.319246229697,18088.772870232846
Palm Jumeirah,train,2023-05-01,17789.4081450494,17687.16070472335
Palm Jumeirah,train,2023-06-01,17733.211303809134,17617.97638031581
Palm Jumeirah,train,2023-07-01,17726.91802729413,17755.423123452238
Palm Jumeirah,train,2023-08-01,17908.28568739861,17701.217262441303
Palm Jumeirah,train,2023-09-01,18232.92428293832,18230.674547516137
Palm Jumeirah,train,2023-10-01,18614.738571082482,18559.095233310803
Palm Jumeirah,train,2023-11-01,19030.627115867785,19034.45534420582
Palm Jumeirah,train,2023-12-01,19388.4083385343,19443.907918221357
Palm Jumeirah,train,2024-01-01,19614.656382146743,19708.383425916953
Palm Jumeirah,train,2024-02-01,19826.910525569812,19777.057473928955
Palm Jumeirah,train,2024-03-01,19974.116990369206,20073.124711915527
Palm Jumeirah,train,2024-04-01,20071.103086193296,20053.879020067558
Palm Jumeirah,train,2024-05-01,20189.740400377086,20179.82228830951
Palm Jumeirah,train,2024-06-01,20211.403327197644,20315.133976136476
Palm Jumeirah,train,2024-07-01,20236.44557353023,20162.40447028533
Palm Jumeirah,train,2024-08-01,20335.128589900938,20311.924954867456
Palm Jumeirah,train,2024-09-01,20571.025448392287,20449.6180280386
Palm Jumeirah,train,2024-10-01,21008.11891842622,20889.62559515026
Palm Jumeirah,train,2024-11-01,21489.926073743693,21525.930581004483
Palm Jumeirah,train,2024-12-01,21887.166216610884,21947.20679434375
Palm Jumeirah,train,2025-01-01,22187.158406784252,22243.506443769416
Palm Jumeirah,train,2025-02-01,22332.682605560607,22448.766056843735
Palm Jumeirah,test,2025-03-01,22339.432182068937,22399.13022719248
Palm Jumeirah,test,2025-04-01,22360.602906324075,22465.577848824352
Palm Jumeirah,test,2025-05-01,22459.01288724984,22532.025470456225
Palm Jumeirah,test,2025-06-01,22576.89702247094,22598.473092088097
Palm Jumeirah,test,2025-07-01,22695.389710514482,22664.92071371997
Palm Jumeirah,test,2025-08-01,22830.747770607682,22731.368335351843
Palm Jumeirah,forecast,2025-09-01,,22399.13022719248
Palm Jumeirah,forecast,2025-10-01,,22465.577848824352
Palm Jumeirah,forecast,2025-11-01,,22532.025470456225
Palm Jumeirah,forecast,2025-12-01,,22598.473092088097
Palm Jumeirah,forecast,2026-01-01,,22664.92071371997
Palm Jumeirah,forecast,2026-02-01,,22731.368335351843
Wadi Al Safa 5,train,2022-09-01,7699.848128157153,8265.167055909693
Wadi Al Safa 5,train,2022-10-01,7761.664003111763,8265.167055909693
Wadi Al Safa 5,train,2022-11-01,7789.838636120083,7747.937104173316
Wadi Al Safa 5,train,2022-12-01,7777.010553761384,7834.893992379118
Wadi Al Safa 5,train,2023-01-01,7710.099402365141,7788.130359757645
Wadi Al Safa 5,train,2023-02-01,7807.737732779325,7674.582589647459
Wadi Al Safa 5,train,2023-03-01,7864.604155602303,8013.612267136085
Wadi Al Safa 5,train,2023-04-01,7903.200068486921,7926.572798329123
Wadi Al Safa 5,train,2023-05-01,8357.538191279875,7964.391312096816
Wadi Al Safa 5,train,2023-06-01,8835.225074673894,8962.75754128446
Wadi Al Safa 5,train,2023-07-01,9035.907001715423,9239.121904817686
Wadi Al Safa 5,train,2023-08-01,9052.838945694428,9071.105676394713
Wadi Al Safa 5,train,2023-09-01,8930.61710593275,9006.196884683117
Wadi Al Safa 5,train,2023-10-01,8633.788406124559,8807.517227912855
Wadi Al Safa 5,train,2023-11-01,8336.51042100043,8363.892854968082
Wadi Al Safa 5,train,2023-12-01,8172.068577744153,8163.183382469291
Wadi Al Safa 5,train,2024-01-01,8109.12664257054,8169.569090115627
Wadi Al Safa 5,train,2024-02-01,8254.382579908104,8163.059634353925
Wadi Al Safa 5,train,2024-03-01,8622.515405028755,8519.195509052492
Wadi Al Safa 5,train,2024-04-01,9380.830122613734,9057.694694382955
Wadi Al Safa 5,train,2024-05-01,10267.726019005613,10193.048605560834
Wadi Al Safa 5,train,2024-06-01,11169.064034533334,11027.97397468844
Wadi Al Safa 5,train,2024-07-01,11898.388078197288,11876.319117350395
Wadi Al Safa 5,train,2024-08-01,12369.17496658368,12376.721416848204
Wadi Al Safa 5,train,2024-09-01,12554.277076002363,12611.218353655448
Wadi Al Safa 5,train,2024-10-01,12651.114861659615,12573.308318644826
Wadi Al Safa 5,train,2024-11-01,12797.10854593268,12715.749604618653
Wadi Al Safa 5,train,2024-12-01,12942.063842040996,12973.972708933872
Wadi Al Safa 5,train,2025-01-01,13022.957008295201,13090.245882817619
Wadi Al Safa 5,train,2025-02-01,13182.315571661413,13089.453293673958
Wadi Al Safa 5,test,2025-03-01,13301.795750991083,13385.212902799112
Wadi Al Safa 5,test,2025-04-01,13337.52500155434,13600.363711563996
Wadi Al Safa 5,test,2025-05-01,13638.352389538379,13807.02593726762
Wadi Al Safa 5,test,2025-06-01,13999.254519494334,13995.970373959753
Wadi Al Safa 5,test,2025-07-01,14389.743696855723,14166.885803752033
Wadi Al Safa 5,test,2025-08-01,14812.095428143977,14324.507408644095
Wadi Al Safa 5,forecast,2025-09-01,,13385.212902799112
Wadi Al Safa 5,forecast,2025-10-01,,13600.363711563996
Wadi Al Safa 5,forecast,2025-11-01,,13807.02593726762
Wadi Al Safa 5,forecast,2025-12-01,,13995.970373959753
Wadi Al Safa 5,forecast,2026-01-01,,14166.885803752033
Wadi Al Safa 5,forecast,2026-02-01,,14324.507408644095
