Area,Phase,Month,Actual_Smoothed,Predicted
Al Barsha South Fifth,train,2022-09-01,10342.529185439029,11437.32555754025
Al Barsha South Fifth,train,2022-10-01,10622.60748817011,11437.32555754025
Al Barsha South Fifth,train,2022-11-01,10878.512078872358,10494.824562356644
Al Barsha South Fifth,train,2022-12-01,11117.882854233421,10906.485811491168
Al Barsha South Fifth,train,2023-01-01,11338.102240245918,11292.895103329018
Al Barsha South Fifth,train,2023-02-01,11430.35460559974,11506.1624060037
Al Barsha South Fifth,train,2023-03-01,11475.229981950917,11498.43492059324
Al Barsha South Fifth,train,2023-04-01,11454.896905617692,11534.112634860483
Al Barsha South Fifth,train,2023-05-01,11436.372211420783,11499.270365864097
Al Barsha South Fifth,train,2023-06-01,11416.959946238621,11506.982381798967
Al Barsha South Fifth,train,2023-07-01,12753.789718044463,11502.138740671524
Al Barsha South Fifth,train,2023-08-01,14262.064456816735,13981.938380182643
Al Barsha South Fifth,train,2023-09-01,15682.136854324935,15357.996082849626
Al Barsha South Fifth,train,2023-10-01,16501.601882520485,16342.462661146532
Al Barsha South Fifth,train,2023-11-01,16043.958356181796,16632.424393659476
Al Barsha South Fifth,train,2023-12-01,14929.92266989988,15242.124191825298
Al Barsha South Fifth,train,2024-01-01,13873.011247760207,13980.058626488048
Al Barsha South Fifth,train,2024-02-01,13381.285121015848,13412.547700427578
Al Barsha South Fifth,train,2024-03-01,13591.452359776998,13543.46789524398
Al Barsha South Fifth,train,2024-04-01,13835.268194147582,14216.132073477529
Al Barsha South Fifth,train,2024-05-01,14083.21976437346,14209.026577398694
Al Barsha South Fifth,train,2024-06-01,14325.922221827755,14284.750903120555
Al Barsha South Fifth,train,2024-07-01,14601.899556586803,14514.08991694807
Al Barsha South Fifth,train,2024-08-01,14837.241914862814,14818.192822138888
Al Barsha South Fifth,train,2024-09-01,15003.06929012462,15013.750431804929
Al Barsha South Fifth,train,2024-10-01,15133.838574478947,15121.274596303989
Al Barsha South Fifth,train,2024-11-01,15231.088915923227,15246.462150826565
Al Barsha South Fifth,train,2024-12-01,15257.443601681283,15339.339155221147
Al Barsha South Fifth,train,2025-01-01,15246.305299134281,15321.211378495484
Al Barsha South Fifth,train,2025-02-01,15209.895695239335,15301.009042082054
Al Barsha South Fifth,test,2025-03-01,15114.809010422234,15268.007660971798
Al Barsha South Fifth,test,2025-04-01,15073.232881325679,15419.974638162672
Al Barsha South Fifth,test,2025-05-01,15164.473834876346,15637.832846796202
Al Barsha South Fifth,test,2025-06-01,15262.96240756739,15869.330266956724
Al Barsha South Fifth,test,2025-07-01,15371.556926945701,16076.292456725703
Al Barsha South Fifth,test,2025-08-01,15497.9406126529,16243.937582658147
Al Barsha South Fifth,forecast,2025-09-01,,16380.170184135046
Al Barsha South Fifth,forecast,2025-10-01,,16503.854716018646
Al Barsha South Fifth,forecast,2025-11-01,,16632.834369303313
Al Barsha South Fifth,forecast,2025-12-01,,16776.396171959223
Al Barsha South Fifth,forecast,2026-01-01,,16934.186972105763
Al Barsha South Fifth,forecast,2026-02-01,,17099.720428789227
Al Barsha South Fourth,train,2022-09-01,8959.694880539377,9673.062281747341
Al Barsha South Fourth,train,2022-10-01,9320.598497718232,9673.062281747341
Al Barsha South Fourth,train,2022-11-01,9681.379646190668,9673.062281747341
Al Barsha South Fourth,train,2022-12-01,10035.943291328911,10046.246413836783
Al Barsha South Fourth,train,2023-01-01,10418.233087453245,10383.845125176269
Al Barsha South Fourth,train,2023-02-01,10783.63085699566,10825.240577330726
Al Barsha South Fourth,train,2023-03-01,11058.679567687057,11117.482720184098
Al Barsha South Fourth,train,2023-04-01,11230.862811616716,11287.776556995648
Al Barsha South Fourth,train,2023-05-01,11400.479141258775,11357.745562947055
Al Barsha South Fourth,train,2023-06-01,11598.331753708415,11604.506405850156
Al Barsha South Fourth,train,2023-07-01,11845.924968733489,11791.17477833018
Al Barsha South Fourth,train,2023-08-01,12141.37217922514,12138.15772428605
Al Barsha South Fourth,train,2023-09-01,12433.033902306594,12439.448845590488
Al Barsha South Fourth,train,2023-10-01,12692.472231195301,12719.436615177246
Al Barsha South Fourth,train,2023-11-01,12900.933375562387,12929.772389809787
Al Barsha South Fourth,train,2023-12-01,13017.41804353932,13085.693723002843
Al Barsha South Fourth,train,2024-01-01,13083.909355838223,13077.753994687568
Al Barsha South Fourth,train,2024-02-01,13143.454523091714,13155.465025112202
Al Barsha South Fourth,train,2024-03-01,13197.059695879749,13193.11495026472
Al Barsha South Fourth,train,2024-04-01,13263.314221888824,13253.912101247635
Al Barsha South Fourth,train,2024-05-01,13353.36066457051,13337.309468650856
Al Barsha South Fourth,train,2024-06-01,13427.08918310775,13456.623241749772
Al Barsha South Fourth,train,2024-07-01,13448.055572580304,13476.498556614268
Al Barsha South Fourth,train,2024-08-01,13458.592441818622,13445.60020938041
Al Barsha South Fourth,train,2024-09-01,13439.676035572207,13479.828255723329
Al Barsha South Fourth,train,2024-10-01,13425.73178432274,13387.694099240687
Al Barsha South Fourth,train,2024-11-01,13532.5609513996,13443.11216298844
Al Barsha South Fourth,train,2024-12-01,13735.949458994073,13713.053281669936
Al Barsha South Fourth,train,2025-01-01,13993.277089823128,13958.193621258295
Al Barsha South Fourth,train,2025-02-01,14265.853055890957,14279.49708041079
Al Barsha South Fourth,test,2025-03-01,14527.22367651151,14527.192698339264
Al Barsha South Fourth,test,2025-04-01,14767.116879379613,14788.532340787571
Al Barsha South Fourth,test,2025-05-01,14956.531284050248,15049.871983235878
Al Barsha South Fourth,test,2025-06-01,15136.471656703136,15311.211625684185
Al Barsha South Fourth,test,2025-07-01,15318.616977602818,15572.551268132493
Al Barsha South Fourth,test,2025-08-01,15500.328977603687,15833.8909105808
Al Barsha South Fourth,forecast,2025-09-01,,16095.230553029107
Al Barsha South Fourth,forecast,2025-10-01,,16356.570195477414
Al Barsha South Fourth,forecast,2025-11-01,,16617.909837925723
Al Barsha South Fourth,forecast,2025-12-01,,16879.24948037403
Al Barsha South Fourth,forecast,2026-01-01,,17140.589122822337
Al Barsha South Fourth,forecast,2026-02-01,,17401.928765270644
Al Barshaa South Third,train,2022-09-01,12334.796769882907,12723.925555954815
Al Barshaa South Third,train,2022-10-01,12017.729850006424,12723.925555954815
Al Barshaa South Third,train,2022-11-01,11725.553547607124,11755.606628737563
Al Barshaa South Third,train,2022-12-01,11438.109610318792,11602.701660420083
Al Barshaa South Third,train,2023-01-01,11030.894679604855,11170.894173397011
Al Barshaa South Third,train,2023-02-01,10995.20152817517,11001.713987909307
Al Barshaa South Third,train,2023-03-01,11365.684575638032,11286.521934042363
Al Barshaa South Third,train,2023-04-01,11968.051716768958,11750.095412235045
Al Barshaa South Third,train,2023-05-01,12490.40126717813,12588.51613549204
Al Barshaa South Third,train,2023-06-01,13100.830960840647,12912.128798344233
Al Barshaa South Third,train,2023-07-01,13438.018840657676,13470.667011317557
Al Barshaa South Third,train,2023-08-01,13233.535412695579,13305.528720015614
Al Barshaa South Third,train,2023-09-01,12944.674215268,12952.709439377797
Al Barshaa South Third,train,2023-10-01,12735.28663432917,12676.651997920684
Al Barshaa South Third,train,2023-11-01,12455.526255216888,12413.721370258985
Al Barshaa South Third,train,2023-12-01,12568.013409922769,12427.6687188587
Al Barshaa South Third,train,2024-01-01,12857.298164918899,12961.14916771057
Al Barshaa South Third,train,2024-02-01,13140.834550934507,13127.25189495744
Al Barshaa South Third,train,2024-03-01,13440.999267852567,13561.022295561117
Al Barshaa South Third,train,2024-04-01,13678.920594130834,13617.073712749341
Al Barshaa South Third,train,2024-05-01,13842.66153518638,13801.172052751986
Al Barshaa South Third,train,2024-06-01,13955.634540728173,13832.821878642799
Al Barshaa South Third,train,2024-07-01,14005.119169444157,13958.388401559747
Al Barshaa South Third,train,2024-08-01,14021.699444980826,14018.33858070348
Al Barshaa South Third,train,2024-09-01,13976.608337845137,14026.461152411193
Al Barshaa South Third,train,2024-10-01,13928.32619482002,13903.624110960476
Al Barshaa South Third,train,2024-11-01,13907.496597515597,13941.56389199824
Al Barshaa South Third,train,2024-12-01,13893.37872229813,13896.65008819445
Al Barshaa South Third,train,2025-01-01,13887.952897570633,14014.855527013162
Al Barshaa South Third,train,2025-02-01,13948.256805990068,13987.85625156691
Al Barshaa South Third,test,2025-03-01,13987.318268252868,14138.098291867995
Al Barshaa South Third,test,2025-04-01,14042.402786785817,14351.190255237494
Al Barshaa South Third,test,2025-05-01,14111.395924061011,14514.682845498015
Al Barshaa South Third,test,2025-06-01,14152.3353034278,14661.039184988855
Al Barshaa South Third,test,2025-07-01,14186.956284363783,14730.797378771707
Al Barshaa South Third,test,2025-08-01,14215.131109112432,14710.857900779967
Al Barshaa South Third,forecast,2025-09-01,,14716.643389640616
Al Barshaa South Third,forecast,2025-10-01,,14741.765734821098
Al Barshaa South Third,forecast,2025-11-01,,14792.324612746848
Al Barshaa South Third,forecast,2025-12-01,,14939.517170372323
Al Barshaa South Third,forecast,2026-01-01,,15151.2193610188
Al Barshaa South Third,forecast,2026-02-01,,15354.993575246512
Al Hebiah First,train,2022-09-01,6630.217603086977,8396.39178463837
Al Hebiah First,train,2022-10-01,6623.49174996938,8396.39178463837
Al Hebiah First,train,2022-11-01,6603.6554780999,6619.717849054484
Al Hebiah First,train,2022-12-01,6587.965393007763,6592.525273016992
Al Hebiah First,train,2023-01-01,6568.402541714962,6579.161628570935
Al Hebiah First,train,2023-02-01,6566.840695582198,6557.425753922982
Al Hebiah First,train,2023-03-01,6711.185253061736,6565.964337974277
Al Hebiah First,train,2023-04-01,7053.868795474215,6792.177515010959
Al Hebiah First,train,2023-05-01,7360.972019661045,7246.149791151476
Al Hebiah First,train,2023-06-01,7572.572678146537,7533.288767954909
Al Hebiah First,train,2023-07-01,7672.91603921408,7691.302585667398
Al Hebiah First,train,2023-08-01,7605.798604938383,7729.219068066415
Al Hebiah First,train,2023-09-01,7437.932193588943,7568.138765778962
Al Hebiah First,train,2023-10-01,7277.457643852073,7343.741732944682
Al Hebiah First,train,2023-11-01,7125.647350292281,7187.414783938115
Al Hebiah First,train,2023-12-01,7010.316994833661,7040.466036377303
Al Hebiah First,train,2024-01-01,7060.950727532808,6945.604708322091
Al Hebiah First,train,2024-02-01,7196.971926374501,7089.36150112791
Al Hebiah First,train,2024-03-01,7361.339638227508,7273.293921187471
Al Hebiah First,train,2024-04-01,7479.631933705493,7453.566965719785
Al Hebiah First,train,2024-05-01,7540.438554828822,7546.006175652828
Al Hebiah First,train,2024-06-01,7597.10006380918,7574.557373523915
Al Hebiah First,train,2024-07-01,7792.01781090931,7628.89304483949
Al Hebiah First,train,2024-08-01,8366.69826029984,7901.386875509644
Al Hebiah First,train,2024-09-01,12321.104345905522,8689.153573523085
Al Hebiah First,train,2024-10-01,14763.770125236426,14539.936140685028
Al Hebiah First,train,2024-11-01,17538.561296965792,16134.358875574428
Al Hebiah First,train,2024-12-01,20013.49048071634,19095.506826186418
Al Hebiah First,train,2025-01-01,20059.873616789537,21402.18234590507
Al Hebiah First,train,2025-02-01,20060.09287368438,20085.899364988596
Al Hebiah First,test,2025-03-01,20175.78806887079,20060.215899534276
Al Hebiah First,test,2025-04-01,20403.9759644052,20060.28492979101
Al Hebiah First,test,2025-05-01,20611.969016191782,20060.323662921885
Al Hebiah First,test,2025-06-01,20793.96851387061,20060.34539622404
Al Hebiah First,test,2025-07-01,20981.41406878607,20060.35759085979
Al Hebiah First,test,2025-08-01,21161.05271385324,20060.364433314746
Al Hebiah First,forecast,2025-09-01,,20060.368272641383
Al Hebiah First,forecast,2025-10-01,,20060.370426901674
Al Hebiah First,forecast,2025-11-01,,20060.371635665048
Al Hebiah First,forecast,2025-12-01,,20060.37231390662
Al Hebiah First,forecast,2026-01-01,,20060.37269447046
Al Hebiah First,forecast,2026-02-01,,20060.372908006233
Al Merkadh,train,2022-09-01,19792.979082156296,19789.005104512213
Al Merkadh,train,2022-10-01,19787.06449642355,19789.005104512213
Al Merkadh,train,2022-11-01,19734.9926602899,19775.308881100074
Al Merkadh,train,2022-12-01,19667.62944088965,19672.33390717499
Al Merkadh,train,2023-01-01,19624.64840917676,19613.207570983857
Al Merkadh,train,2023-02-01,19330.203832142677,19610.17079087871
Al Merkadh,train,2023-03-01,19023.61285198161,19001.46611899331
Al Merkadh,train,2023-04-01,18937.357250753976,18825.782616542805
Al Merkadh,train,2023-05-01,19069.339083718507,19022.091961739065
Al Merkadh,train,2023-06-01,19248.760980022693,19301.40372025139
Al Merkadh,train,2023-07-01,19476.098637515453,19415.992641739093
Al Merkadh,train,2023-08-01,19612.39386107478,19669.17442293296
Al Merkadh,train,2023-09-01,19518.355271201923,19662.107481461102
Al Merkadh,train,2023-10-01,19373.33048323568,19334.934305043473
Al Merkadh,train,2023-11-01,19222.605525440904,19255.634073194036
Al Merkadh,train,2023-12-01,18964.406583710024,19130.56872557017
Al Merkadh,train,2024-01-01,18717.342739533822,18751.394800036713
Al Merkadh,train,2024-02-01,18523.42107255005,18584.60646394605
Al Merkadh,train,2024-03-01,18420.75220752242,18457.393021228563
Al Merkadh,train,2024-04-01,18517.850530772357,18442.85440864098
Al Merkadh,train,2024-05-01,18793.594714488576,18734.994751697555
Al Merkadh,train,2024-06-01,19239.12606067564,19114.99029135782
Al Merkadh,train,2024-07-01,19699.82981504519,19659.149838683694
Al Merkadh,train,2024-08-01,19987.76047754467,20031.141574724013
Al Merkadh,train,2024-09-01,20128.411771881347,20086.68639614355
Al Merkadh,train,2024-10-01,20232.382087343365,20132.735245126114
Al Merkadh,train,2024-11-01,20250.53267720822,20266.728602520652
Al Merkadh,train,2024-12-01,20138.66383505573,20197.620129946827
Al Merkadh,train,2025-01-01,20108.477451573457,19974.727554701156
Al Merkadh,train,2025-02-01,20259.244631399026,20116.6780140982
Al Merkadh,test,2025-03-01,20401.416867677053,20442.424559904186
Al Merkadh,test,2025-04-01,20502.793036689818,20562.055200578066
Al Merkadh,test,2025-05-01,20525.584053953444,20581.30651591976
Al Merkadh,test,2025-06-01,20557.81515299218,20509.65886849211
Al Merkadh,test,2025-07-01,20565.376158828116,20381.86007693099
Al Merkadh,test,2025-08-01,20551.59597659335,20237.85097902094
Al Merkadh,forecast,2025-09-01,,20109.017872626664
Al Merkadh,forecast,2025-10-01,,20012.24898522471
Al Merkadh,forecast,2025-11-01,,19950.470088179416
Al Merkadh,forecast,2025-12-01,,19916.99512807446
Al Merkadh,forecast,2026-01-01,,19900.96826292497
Al Merkadh,forecast,2026-02-01,,19891.915854619892
Al Thanyah Fifth,train,2022-09-01,10099.81913410265,11983.185364593817
Al Thanyah Fifth,train,2022-10-01,10436.407535744956,11983.185364593817
Al Thanyah Fifth,train,2022-11-01,10742.894035916344,10079.75784956449
Al Thanyah Fifth,train,2022-12-01,11037.397877297983,11006.41385635858
Al Thanyah Fifth,train,2023-01-01,11301.577740842466,11303.462972262352
Al Thanyah Fifth,train,2023-02-01,11437.015083929104,11541.425102580146
Al Thanyah Fifth,train,2023-03-01,11996.835864543917,11555.09891527359
Al Thanyah Fifth,train,2023-04-01,13438.626737258783,12632.649051889031
Al Thanyah Fifth,train,2023-05-01,15436.463685604422,14798.382194613116
Al Thanyah Fifth,train,2023-06-01,16921.2282907182,16940.05406142187
Al Thanyah Fifth,train,2023-07-01,18032.176994655914,17595.19115964572
Al Thanyah Fifth,train,2023-08-01,18404.698534771196,18568.817688034585
Al Thanyah Fifth,train,2023-09-01,17255.49325287029,18344.63326885987
Al Thanyah Fifth,train,2023-10-01,16006.784935102993,15949.516154848061
Al Thanyah Fifth,train,2023-11-01,15442.31108606628,15368.949138797889
Al Thanyah Fifth,train,2023-12-01,15094.400338286352,15584.231919202017
Al Thanyah Fifth,train,2024-01-01,14974.817842381275,15118.993221625955
Al Thanyah Fifth,train,2024-02-01,14908.262523992666,15132.546342045667
Al Thanyah Fifth,train,2024-03-01,14646.12844748781,15006.336611989946
Al Thanyah Fifth,train,2024-04-01,14291.039620843925,14508.812248028666
Al Thanyah Fifth,train,2024-05-01,14434.974476965082,14154.168960246172
Al Thanyah Fifth,train,2024-06-01,15564.786582869332,14877.164482891729
Al Thanyah Fifth,train,2024-07-01,17060.68049845013,16803.67153480917
Al Thanyah Fifth,train,2024-08-01,18265.47729315381,18188.107969690067
Al Thanyah Fifth,train,2024-09-01,19128.554054926408,18896.462500461108
Al Thanyah Fifth,train,2024-10-01,19471.867036653686,19543.489912071604
Al Thanyah Fifth,train,2024-11-01,18992.64093563386,19506.78060066914
Al Thanyah Fifth,train,2024-12-01,18273.609995066367,18415.467630352556
Al Thanyah Fifth,train,2025-01-01,17849.05296272649,17859.35979786042
Al Thanyah Fifth,train,2025-02-01,18268.281392445842,17870.600384920937
Al Thanyah Fifth,test,2025-03-01,18857.960489319124,19039.171806906594
Al Thanyah Fifth,test,2025-04-01,18999.113034082147,19755.52742996378
Al Thanyah Fifth,test,2025-05-01,18816.565944246053,20234.86266755869
Al Thanyah Fifth,test,2025-06-01,18784.94050230697,20489.36836181405
Al Thanyah Fifth,test,2025-07-01,18676.427257842148,20624.874318300186
Al Thanyah Fifth,test,2025-08-01,18474.80631069107,20747.95296945623
Al Thanyah Fifth,forecast,2025-09-01,,20918.329571568764
Al Thanyah Fifth,forecast,2025-10-01,,21145.43022704219
Al Thanyah Fifth,forecast,2025-11-01,,21408.91454984214
Al Thanyah Fifth,forecast,2025-12-01,,21682.311892449507
Al Thanyah Fifth,forecast,2026-01-01,,21947.76268024063
Al Thanyah Fifth,forecast,2026-02-01,,22199.702232252956
Al Warsan First,train,2022-09-01,4906.047641847754,4883.05096149341
Al Warsan First,train,2022-10-01,4894.967764539522,4883.05096149341
Al Warsan First,train,2022-11-01,4886.232675204749,4883.05096149341
Al Warsan First,train,2022-12-01,4881.833497190662,4879.049536368509
Al Warsan First,train,2023-01-01,4863.610875326967,4879.215818885635
Al Warsan First,train,2023-02-01,4862.949595720631,4834.325332403927
Al Warsan First,train,2023-03-01,4902.859019489219,4883.6251654476755
Al Warsan First,train,2023-04-01,4978.388972366,4957.506273339723
Al Warsan First,train,2023-05-01,5053.961937520015,5070.179746905057
Al Warsan First,train,2023-06-01,5122.015571892136,5116.783086209038
Al Warsan First,train,2023-07-01,5199.841540691537,5194.208197650685
Al Warsan First,train,2023-08-01,5277.619193094029,5282.140333619255
Al Warsan First,train,2023-09-01,5319.23956830363,5351.798606805476
Al Warsan First,train,2023-10-01,5335.8851176196395,5334.908390936386
Al Warsan First,train,2023-11-01,5352.561435814132,5353.309918248449
Al Warsan First,train,2023-12-01,5379.756311584567,5368.640239083505
Al Warsan First,train,2024-01-01,5420.603325508254,5415.828589297473
Al Warsan First,train,2024-02-01,5493.632937685608,5465.264426759432
Al Warsan First,train,2024-03-01,5596.690822044682,5589.327036873066
Al Warsan First,train,2024-04-01,5694.622957358404,5705.632452629206
Al Warsan First,train,2024-05-01,5777.0895957493785,5783.757821424063
Al Warsan First,train,2024-06-01,5848.120480645858,5854.227689827265
Al Warsan First,train,2024-07-01,5899.446688863322,5914.270999436824
Al Warsan First,train,2024-08-01,5942.339784626481,5938.92636221733
Al Warsan First,train,2024-09-01,5995.859932202401,5987.960673833096
Al Warsan First,train,2024-10-01,6062.034749454907,6055.692715251115
Al Warsan First,train,2024-11-01,6154.920973688728,6133.277779656344
Al Warsan First,train,2024-12-01,6273.3815550634945,6265.103323465864
Al Warsan First,train,2025-01-01,6372.702800215578,6398.457684300931
Al Warsan First,train,2025-02-01,6446.5357088369865,6451.442009379453
Al Warsan First,test,2025-03-01,6502.44988675748,6516.447740673037
Al Warsan First,test,2025-04-01,6521.894631255106,6586.359772509087
Al Warsan First,test,2025-05-01,6543.999308939592,6656.271804345137
Al Warsan First,test,2025-06-01,6575.880506217797,6726.183836181187
Al Warsan First,test,2025-07-01,6610.0157408265995,6796.095868017237
Al Warsan First,test,2025-08-01,6648.040451411749,6866.007899853287
Al Warsan First,forecast,2025-09-01,,6935.919931689337
Al Warsan First,forecast,2025-10-01,,7005.831963525387
Al Warsan First,forecast,2025-11-01,,7075.743995361438
Al Warsan First,forecast,2025-12-01,,7145.656027197488
Al Warsan First,forecast,2026-01-01,,7215.568059033538
Al Warsan First,forecast,2026-02-01,,7285.480090869588
Al Yelayiss 2,train,2022-09-01,8123.113591100904,8469.695887422216
Al Yelayiss 2,train,2022-10-01,8396.746170255963,8469.695887422216
Al Yelayiss 2,train,2022-11-01,8730.102876516365,8601.36813494624
Al Yelayiss 2,train,2022-12-01,9113.676429533622,9056.19929772126
Al Yelayiss 2,train,2023-01-01,9512.070010861602,9428.576277154329
Al Yelayiss 2,train,2023-02-01,9942.511620450174,9857.221968714912
Al Yelayiss 2,train,2023-03-01,10551.730932057784,10306.983253495582
Al Yelayiss 2,train,2023-04-01,10789.556745012827,11131.691749464739
Al Yelayiss 2,train,2023-05-01,10667.509217577363,10709.091835871523
Al Yelayiss 2,train,2023-06-01,10649.196854022084,10676.056755821925
Al Yelayiss 2,train,2023-07-01,10710.195264584247,10717.424082168362
Al Yelayiss 2,train,2023-08-01,10817.359645517448,10831.5656798748
Al Yelayiss 2,train,2023-09-01,10987.14312726974,10953.60907871004
Al Yelayiss 2,train,2023-10-01,11269.92080528106,11194.109923307718
Al Yelayiss 2,train,2023-11-01,11575.625248653892,11566.076978621368
Al Yelayiss 2,train,2023-12-01,11880.534518448147,11823.442396419578
Al Yelayiss 2,train,2024-01-01,12162.011296287928,12170.448498693575
Al Yelayiss 2,train,2024-02-01,12318.463774881044,12382.728595660392
Al Yelayiss 2,train,2024-03-01,12365.182227960639,12432.131296422336
Al Yelayiss 2,train,2024-04-01,12372.990609657696,12426.314679000425
Al Yelayiss 2,train,2024-05-01,12302.639597887512,12428.54575207105
Al Yelayiss 2,train,2024-06-01,12269.66349585422,12257.289764477237
Al Yelayiss 2,train,2024-07-01,12294.174416591533,12365.611070701383
Al Yelayiss 2,train,2024-08-01,12251.88669748429,12340.960741904508
Al Yelayiss 2,train,2024-09-01,12210.860564767067,12252.302751545662
Al Yelayiss 2,train,2024-10-01,12376.533044312417,12254.703953698865
Al Yelayiss 2,train,2024-11-01,12690.042331086825,12661.675479443533
Al Yelayiss 2,train,2024-12-01,13045.44748392859,12958.466892074966
Al Yelayiss 2,train,2025-01-01,13420.930420978875,13385.789886900831
Al Yelayiss 2,train,2025-02-01,13784.881828982387,13723.736240722379
Al Yelayiss 2,test,2025-03-01,14032.289142698499,14105.864164952962
Al Yelayiss 2,test,2025-04-01,14075.635096350003,14352.148123179966
Al Yelayiss 2,test,2025-05-01,14029.422393073983,14564.357786309076
Al Yelayiss 2,test,2025-06-01,14019.368751110887,14761.024172308336
Al Yelayiss 2,test,2025-07-01,14006.02742035656,14950.600361335328
Al Yelayiss 2,test,2025-08-01,13985.779904890538,15136.94229720672
Al Yelayiss 2,forecast,2025-09-01,,15321.808901219856
Al Yelayiss 2,forecast,2025-10-01,,15506.002520161239
Al Yelayiss 2,forecast,2025-11-01,,15689.889151285428
Al Yelayiss 2,forecast,2025-12-01,,15873.635747327324
Al Yelayiss 2,forecast,2026-01-01,,16057.318465185219
Al Yelayiss 2,forecast,2026-02-01,,16240.97204447066
Burj Khalifa,train,2022-09-01,19845.0220610016,20015.60783347531
Burj Khalifa,train,2022-10-01,20370.171279578706,20015.60783347531
Burj Khalifa,train,2022-11-01,20880.14849163694,21080.324770672967
Burj Khalifa,train,2022-12-01,21349.30186508503,21357.47634828474
Burj Khalifa,train,2023-01-01,21796.206673743192,21723.92750728714
Burj Khalifa,train,2023-02-01,21934.58959410388,22104.459548942992
Burj Khalifa,train,2023-03-01,21865.308031496275,21853.665064726476
Burj Khalifa,train,2023-04-01,21376.26171729042,21664.0864113271
Burj Khalifa,train,2023-05-01,20869.333385800186,20803.41963088305
Burj Khalifa,train,2023-06-01,20687.525707854547,20511.243520400436
Burj Khalifa,train,2023-07-01,20750.043507245184,20761.1310380571
Burj Khalifa,train,2023-08-01,21121.60776602997,20983.21240921066
Burj Khalifa,train,2023-09-01,21666.438818160983,21589.131165043276
Burj Khalifa,train,2023-10-01,22041.73965238551,22152.20613698857
Burj Khalifa,train,2023-11-01,22218.41727047307,22199.607158581486
Burj Khalifa,train,2023-12-01,22209.527303019997,22178.986481791748
Burj Khalifa,train,2024-01-01,21929.114038562024,22024.113643487704
Burj Khalifa,train,2024-02-01,21599.841812288887,21520.024690347593
Burj Khalifa,train,2024-03-01,21307.97059587057,21283.76902288045
Burj Khalifa,train,2024-04-01,20954.197681362395,21094.725996207468
Burj Khalifa,train,2024-05-01,20586.18851506991,20693.170542495638
Burj Khalifa,train,2024-06-01,20488.84661832665,20379.098503678943
Burj Khalifa,train,2024-07-01,20711.773474289006,20634.13869234037
Burj Khalifa,train,2024-08-01,21109.75302734721,21112.93892595653
Burj Khalifa,train,2024-09-01,21648.736859240937,21545.05407313186
Burj Khalifa,train,2024-10-01,22229.13029263993,22118.56721382767
Burj Khalifa,train,2024-11-01,22461.18511207269,22619.375437671144
Burj Khalifa,train,2024-12-01,22498.81929784717,22375.054991377336
Burj Khalifa,train,2025-01-01,22487.675728147944,22311.87425086001
Burj Khalifa,train,2025-02-01,22523.335791772533,22322.26373656124
Burj Khalifa,test,2025-03-01,22607.07795086663,22431.459221695994
Burj Khalifa,test,2025-04-01,22404.120709338433,22174.15190738967
Burj Khalifa,test,2025-05-01,21894.769313716417,21797.341723910846
Burj Khalifa,test,2025-06-01,21516.70422974917,21388.345147595486
Burj Khalifa,test,2025-07-01,21084.554007028873,21040.04643502966
Burj Khalifa,test,2025-08-01,20610.097469925728,20823.501279023585
Burj Khalifa,forecast,2025-09-01,,20771.63147580268
Burj Khalifa,forecast,2025-10-01,,20875.171146796863
Burj Khalifa,forecast,2025-11-01,,21089.666522681473
Burj Khalifa,forecast,2025-12-01,,21350.190120822277
Burj Khalifa,forecast,2026-01-01,,21589.177216039578
Burj Khalifa,forecast,2026-02-01,,21752.703273900705
Business Bay,train,2022-09-01,21858.087636789445,22431.83713008811
Business Bay,train,2022-10-01,21879.143896032074,22431.83713008811
Business Bay,train,2022-11-01,21920.854561740183,21803.475814516576
Business Bay,train,2022-12-01,21961.2908325651,21894.392381157715
Business Bay,train,2023-01-01,21877.017947845816,21950.20782519114
Business Bay,train,2023-02-01,21793.112051094336,21779.74289300674
Business Bay,train,2023-03-01,21282.74257863225,21716.019639214075
Business Bay,train,2023-04-01,20592.50190641989,20891.795734145075
Business Bay,train,2023-05-01,20132.477310976326,20117.599468023407
Business Bay,train,2023-06-01,19930.813650405114,19888.60914404334
Business Bay,train,2023-07-01,20346.06664188712,19896.89691541105
Business Bay,train,2023-08-01,20798.35036604156,20765.189741190898
Business Bay,train,2023-09-01,21461.98971548195,21168.131188257506
Business Bay,train,2023-10-01,22045.178252626712,21937.943072480637
Business Bay,train,2023-11-01,22349.99272937687,22400.342501833064
Business Bay,train,2023-12-01,22538.746405983118,22461.214548804954
Business Bay,train,2024-01-01,22850.629529010883,22569.91117087244
Business Bay,train,2024-02-01,23086.567018133544,22994.06846604796
Business Bay,train,2024-03-01,23163.11002028496,23170.925077119668
Business Bay,train,2024-04-01,23248.60915885694,23132.851178431418
Business Bay,train,2024-05-01,23313.569992241566,23246.888194336694
Business Bay,train,2024-06-01,23260.078869578087,23309.611823891548
Business Bay,train,2024-07-01,23217.02341882164,23176.60540957947
Business Bay,train,2024-08-01,23229.42466877311,23161.41533892504
Business Bay,train,2024-09-01,23255.861738849384,23228.37776118504
Business Bay,train,2024-10-01,23404.245881681753,23267.777767208412
Business Bay,train,2024-11-01,23515.255210060066,23509.480517653166
Business Bay,train,2024-12-01,23609.232959659606,23579.043434774343
Business Bay,train,2025-01-01,23775.10146124635,23655.380704502622
Business Bay,train,2025-02-01,23901.950999538658,23874.99266381132
Business Bay,test,2025-03-01,23981.42689641016,23963.56563346722
Business Bay,test,2025-04-01,24203.818176882894,23973.77098252618
Business Bay,test,2025-05-01,24650.11480946139,23950.51706953987
Business Bay,test,2025-06-01,25192.10982500222,23910.98578441675
Business Bay,test,2025-07-01,25754.70401084073,23868.726572091935
Business Bay,test,2025-08-01,26354.34946196847,23832.564991936342
Business Bay,forecast,2025-09-01,,23806.8011641831
Business Bay,forecast,2025-10-01,,23792.164122697006
Business Bay,forecast,2025-11-01,,23787.054989433054
Business Bay,forecast,2025-12-01,,23788.738900780463
Business Bay,forecast,2026-01-01,,23794.286199313574
Business Bay,forecast,2026-02-01,,23801.18646333313
Hadaeq Sheikh Mohammed Bin Rashid,train,2022-09-01,18882.200670152353,19262.591268691463
Hadaeq Sheikh Mohammed Bin Rashid,train,2022-10-01,18964.976009480302,19262.591268691463
Hadaeq Sheikh Mohammed Bin Rashid,train,2022-11-01,19079.508005756823,19004.317159784412
Hadaeq Sheikh Mohammed Bin Rashid,train,2022-12-01,19223.55065881779,19301.182774797093
Hadaeq Sheikh Mohammed Bin Rashid,train,2023-01-01,19416.43487243494,19343.930434660822
Hadaeq Sheikh Mohammed Bin Rashid,train,2023-02-01,19843.577522946354,19657.5844095052
Hadaeq Sheikh Mohammed Bin Rashid,train,2023-03-01,20096.532693789286,20211.857945752694
Hadaeq Sheikh Mohammed Bin Rashid,train,2023-04-01,20271.05998662931,20189.98702515937
Hadaeq Sheikh Mohammed Bin Rashid,train,2023-05-01,20435.81417710686,20523.106493168045
Hadaeq Sheikh Mohammed Bin Rashid,train,2023-06-01,20427.670768771477,20538.670865639364
Hadaeq Sheikh Mohammed Bin Rashid,train,2023-07-01,20497.935859510555,20485.587576685513
Hadaeq Sheikh Mohammed Bin Rashid,train,2023-08-01,20817.756502568645,20676.901592201822
Hadaeq Sheikh Mohammed Bin Rashid,train,2023-09-01,21212.477550747797,21147.023487829396
Hadaeq Sheikh Mohammed Bin Rashid,train,2023-10-01,21666.069835432714,21483.050391232187
Hadaeq Sheikh Mohammed Bin Rashid,train,2023-11-01,22097.081905805248,22053.651177764055
Hadaeq Sheikh Mohammed Bin Rashid,train,2023-12-01,22337.16838212656,22352.58363104957
Hadaeq Sheikh Mohammed Bin Rashid,train,2024-01-01,22462.802322695123,22512.77552576467
Hadaeq Sheikh Mohammed Bin Rashid,train,2024-02-01,22654.671936113053,22590.892447721493
Hadaeq Sheikh Mohammed Bin Rashid,train,2024-03-01,22889.395965239783,22898.497178883117
Hadaeq Sheikh Mohammed Bin Rashid,train,2024-04-01,23183.49860745621,23070.11729599041
Hadaeq Sheikh Mohammed Bin Rashid,train,2024-05-01,23648.16355687779,23488.10387649276
Hadaeq Sheikh Mohammed Bin Rashid,train,2024-06-01,23990.794028898104,24019.756992589995
Hadaeq Sheikh Mohammed Bin Rashid,train,2024-07-01,24256.965949686382,24166.672890984355
Hadaeq Sheikh Mohammed Bin Rashid,train,2024-08-01,24499.8880637375,24536.602468892466
Hadaeq Sheikh Mohammed Bin Rashid,train,2024-09-01,24584.814008350622,24655.17824386134
Hadaeq Sheikh Mohammed Bin Rashid,train,2024-10-01,24503.42999713891,24687.102341610484
Hadaeq Sheikh Mohammed Bin Rashid,train,2024-11-01,24426.99620671349,24475.103983098263
Hadaeq Sheikh Mohammed Bin Rashid,train,2024-12-01,24356.47399897037,24529.318418819817
Hadaeq Sheikh Mohammed Bin Rashid,train,2025-01-01,24357.178366602697,24339.502073895525
Hadaeq Sheikh Mohammed Bin Rashid,train,2025-02-01,24556.91848756756,24532.860261065067
Hadaeq Sheikh Mohammed Bin Rashid,test,2025-03-01,24816.96980780704,24764.860598761134
Hadaeq Sheikh Mohammed Bin Rashid,test,2025-04-01,25130.34410060683,24950.67678591335
Hadaeq Sheikh Mohammed Bin Rashid,test,2025-05-01,25445.775278130466,25133.59307157972
Hadaeq Sheikh Mohammed Bin Rashid,test,2025-06-01,25680.574384316387,25316.129285949995
Hadaeq Sheikh Mohammed Bin Rashid,test,2025-07-01,25919.202683083688,25498.615686838395
Hadaeq Sheikh Mohammed Bin Rashid,test,2025-08-01,26169.921033551724,25681.095558996523
Hadaeq Sheikh Mohammed Bin Rashid,forecast,2025-09-01,,25863.57457547628
Hadaeq Sheikh Mohammed Bin Rashid,forecast,2025-10-01,,26046.05347980782
Hadaeq Sheikh Mohammed Bin Rashid,forecast,2025-11-01,,26228.532369440818
Hadaeq Sheikh Mohammed Bin Rashid,forecast,2025-12-01,,26411.011257147373
Hadaeq Sheikh Mohammed Bin Rashid,forecast,2026-01-01,,26593.49014460144
Hadaeq Sheikh Mohammed Bin Rashid,forecast,2026-02-01,,26775.969032022418
Jabal Ali First,train,2022-09-01,11335.06317794672,10870.407559203955
Jabal Ali First,train,2022-10-01,11102.735368575333,10870.407559203955
Jabal Ali First,train,2022-11-01,10870.234146688465,10870.407559203955
Jabal Ali First,train,2022-12-01,10646.044366467513,10637.732924801594
Jabal Ali First,train,2023-01-01,10445.420731726388,10421.854586246562
Jabal Ali First,train,2023-02-01,10128.97731825455,10244.797096985263
Jabal Ali First,train,2023-03-01,10171.920736987975,9812.533904782713
Jabal Ali First,train,2023-04-01,10325.764513160808,10214.8641557214
Jabal Ali First,train,2023-05-01,10399.171979372075,10479.60828933364
Jabal Ali First,train,2023-06-01,10390.521427610849,10472.579445583342
Jabal Ali First,train,2023-07-01,10388.456527919509,10381.870875849623
Jabal Ali First,train,2023-08-01,10646.201986266107,10386.391628228168
Jabal Ali First,train,2023-09-01,10989.998051146295,10903.947444612706
Jabal Ali First,train,2023-10-01,11205.902626028423,11333.794116026482
Jabal Ali First,train,2023-11-01,11507.401575976462,11421.807200910549
Jabal Ali First,train,2023-12-01,11747.792031638168,11808.900525924504
Jabal Ali First,train,2024-01-01,11814.3801677368,11988.182487299873
Jabal Ali First,train,2024-02-01,11972.893189921318,11880.96830383543
Jabal Ali First,train,2024-03-01,12204.83556008529,12131.406212105838
Jabal Ali First,train,2024-04-01,12336.129280273746,12436.777930249262
Jabal Ali First,train,2024-05-01,12353.373040926263,12467.423000462202
Jabal Ali First,train,2024-06-01,12324.835058774734,12370.616801578779
Jabal Ali First,train,2024-07-01,12314.359188017292,12296.297076623205
Jabal Ali First,train,2024-08-01,12352.956670082947,12303.88331725985
Jabal Ali First,train,2024-09-01,12499.280989953479,12391.554152148601
Jabal Ali First,train,2024-10-01,12717.388574535296,12645.605309824012
Jabal Ali First,train,2024-11-01,12902.177102255102,12935.496159117114
Jabal Ali First,train,2024-12-01,13068.050918593295,13086.965629974906
Jabal Ali First,train,2025-01-01,13225.238232404923,13233.92473493149
Jabal Ali First,train,2025-02-01,13391.606885150522,13382.425546216551
Jabal Ali First,test,2025-03-01,13556.569714321327,13557.975537896122
Jabal Ali First,test,2025-04-01,13743.268023034258,13724.344190641721
Jabal Ali First,test,2025-05-01,13944.776706148827,13890.71284338732
Jabal Ali First,test,2025-06-01,14143.765716786453,14057.08149613292
Jabal Ali First,test,2025-07-01,14346.015511999356,14223.450148878519
Jabal Ali First,test,2025-08-01,14550.779718555988,14389.818801624118
Jabal Ali First,forecast,2025-09-01,,14556.187454369718
Jabal Ali First,forecast,2025-10-01,,14722.556107115317
Jabal Ali First,forecast,2025-11-01,,14888.924759860916
Jabal Ali First,forecast,2025-12-01,,15055.293412606516
Jabal Ali First,forecast,2026-01-01,,15221.662065352115
Jabal Ali First,forecast,2026-02-01,,15388.030718097714
Madinat Dubai Almelaheyah,train,2022-09-01,16952.600832151078,17675.675945432424
Madinat Dubai Almelaheyah,train,2022-10-01,17523.389302789376,17675.675945432424
Madinat Dubai Almelaheyah,train,2022-11-01,18062.146918292387,17871.1620699245
Madinat Dubai Almelaheyah,train,2022-12-01,18563.456115794666,18573.282079077773
Madinat Dubai Almelaheyah,train,2023-01-01,19088.552357718512,18962.777442186754
Madinat Dubai Almelaheyah,train,2023-02-01,19311.338580814252,19583.99272731596
Madinat Dubai Almelaheyah,train,2023-03-01,19280.275716056556,19399.944009709547
Madinat Dubai Almelaheyah,train,2023-04-01,19302.813114262357,19384.006688481324
Madinat Dubai Almelaheyah,train,2023-05-01,19549.487329102536,19513.810229565177
Madinat Dubai Almelaheyah,train,2023-06-01,19958.149309542878,19912.461332399598
Madinat Dubai Almelaheyah,train,2023-07-01,20474.24370596819,20381.345542677645
Madinat Dubai Almelaheyah,train,2023-08-01,20883.49011878957,20956.590707933392
Madinat Dubai Almelaheyah,train,2023-09-01,21143.933970299426,21192.147128840897
Madinat Dubai Almelaheyah,train,2023-10-01,21503.546826237853,21412.566604947115
Madinat Dubai Almelaheyah,train,2023-11-01,21830.39493651874,21944.642059729515
Madinat Dubai Almelaheyah,train,2023-12-01,22322.735748300875,22090.33835773019
Madinat Dubai Almelaheyah,train,2024-01-01,23182.989059140924,22901.08163790559
Madinat Dubai Almelaheyah,train,2024-02-01,23939.229929414672,23963.13093746558
Madinat Dubai Almelaheyah,train,2024-03-01,24414.538885330945,24383.784853019155
Madinat Dubai Almelaheyah,train,2024-04-01,24863.795596603464,24795.59750608597
Madinat Dubai Almelaheyah,train,2024-05-01,24944.18441661121,25311.19020809055
Madinat Dubai Almelaheyah,train,2024-06-01,24807.590000058786,24900.268853173708
Madinat Dubai Almelaheyah,train,2024-07-01,24801.62707331846,24902.226805295006
Madinat Dubai Almelaheyah,train,2024-08-01,25055.440171958177,25001.101516867337
Madinat Dubai Almelaheyah,train,2024-09-01,25423.280116730304,25432.076906172893
Madinat Dubai Almelaheyah,train,2024-10-01,25812.712551576802,25790.805601603337
Madinat Dubai Almelaheyah,train,2024-11-01,26238.624942941027,26189.74724875528
Madinat Dubai Almelaheyah,train,2024-12-01,26726.215029913837,26659.838669697037
Madinat Dubai Almelaheyah,train,2025-01-01,27294.371407423474,27179.02356765047
Madinat Dubai Almelaheyah,train,2025-02-01,27878.266479122107,27811.492519923806
Madinat Dubai Almelaheyah,test,2025-03-01,28347.120130164134,28359.175874246528
Madinat Dubai Almelaheyah,test,2025-04-01,28813.494102493034,28742.11742663018
Madinat Dubai Almelaheyah,test,2025-05-01,29368.398283613922,29097.294879208224
Madinat Dubai Almelaheyah,test,2025-06-01,29920.53782319718,29452.47233178627
Madinat Dubai Almelaheyah,test,2025-07-01,30466.075639932358,29807.649784364316
Madinat Dubai Almelaheyah,test,2025-08-01,31033.0767439697,30162.82723694236
Madinat Dubai Almelaheyah,forecast,2025-09-01,,30518.004689520407
Madinat Dubai Almelaheyah,forecast,2025-10-01,,30873.182142098452
Madinat Dubai Almelaheyah,forecast,2025-11-01,,31228.359594676498
Madinat Dubai Almelaheyah,forecast,2025-12-01,,31583.537047254544
Madinat Dubai Almelaheyah,forecast,2026-01-01,,31938.71449983259
Madinat Dubai Almelaheyah,forecast,2026-02-01,,32293.891952410635
Marsa Dubai,train,2022-09-01,14543.192968777033,15092.399879611126
Marsa Dubai,train,2022-10-01,14699.358668507752,15092.399879611126
Marsa Dubai,train,2022-11-01,14842.322108456074,14734.94120872512
Marsa Dubai,train,2022-12-01,14999.05596478339,15030.816474400224
Marsa Dubai,train,2023-01-01,15231.319351608467,15126.018051259402
Marsa Dubai,train,2023-02-01,15213.497450852678,15459.545543319335
Marsa Dubai,train,2023-03-01,15063.420708588583,15158.461610059969
Marsa Dubai,train,2023-04-01,14928.983077476518,15038.014350130383
Marsa Dubai,train,2023-05-01,14768.519116764413,14902.076925264939
Marsa Dubai,train,2023-06-01,14560.299909533715,14718.473023722092
Marsa Dubai,train,2023-07-01,14458.499042180709,14478.716979955832
Marsa Dubai,train,2023-08-01,14509.148639796764,14491.652863600551
Marsa Dubai,train,2023-09-01,14518.139284151726,14621.100984192428
Marsa Dubai,train,2023-10-01,14556.499647223158,14549.616747164104
Marsa Dubai,train,2023-11-01,14742.272440140167,14658.04777864104
Marsa Dubai,train,2023-12-01,15049.917599543427,14941.88699837936
Marsa Dubai,train,2024-01-01,15476.095183081032,15309.131264862195
Marsa Dubai,train,2024-02-01,16098.188291522138,15812.42040337369
Marsa Dubai,train,2024-03-01,16663.105896898905,16573.416067978505
Marsa Dubai,train,2024-04-01,16866.241223442805,17011.427959317745
Marsa Dubai,train,2024-05-01,16968.535526601816,16949.773637405084
Marsa Dubai,train,2024-06-01,17053.42073331888,17101.0230320311
Marsa Dubai,train,2024-07-01,17026.371042913994,17143.702850888403
Marsa Dubai,train,2024-08-01,17057.883780538985,17036.301341565486
Marsa Dubai,train,2024-09-01,17357.985960217044,17164.664694911353
Marsa Dubai,train,2024-10-01,17866.52418687275,17659.938379817388
Marsa Dubai,train,2024-11-01,18599.630851062975,18255.71917743543
Marsa Dubai,train,2024-12-01,19340.221215270638,19148.656660889723
Marsa Dubai,train,2025-01-01,19389.609181819127,19810.603542989997
Marsa Dubai,train,2025-02-01,19473.640334664728,19266.44019474574
Marsa Dubai,test,2025-03-01,19487.09980476333,19699.938947702663
Marsa Dubai,test,2025-04-01,19251.74255946713,19870.0672404764
Marsa Dubai,test,2025-05-01,19182.894586754443,20018.597762290377
Marsa Dubai,test,2025-06-01,19029.893984727343,20158.823832425314
Marsa Dubai,test,2025-07-01,18851.86202866038,20295.856799076657
Marsa Dubai,test,2025-08-01,18638.88061469272,20431.662001361245
Marsa Dubai,forecast,2025-09-01,,20566.995122065007
Marsa Dubai,forecast,2025-10-01,,20702.14672502401
Marsa Dubai,forecast,2025-11-01,,20837.228533496207
Marsa Dubai,forecast,2025-12-01,,20972.28350563681
Marsa Dubai,forecast,2026-01-01,,21107.328159072797
Marsa Dubai,forecast,2026-02-01,,21242.3688449149
Me'Aisem First,train,2022-09-01,7422.718907092463,7809.7073749102
Me'Aisem First,train,2022-10-01,7446.9529805538705,7809.7073749102
Me'Aisem First,train,2022-11-01,7509.056643022353,7433.478635449709
Me'Aisem First,train,2022-12-01,7625.466921563097,7652.83624872485
Me'Aisem First,train,2023-01-01,7885.8161362090905,7805.521480478524
Me'Aisem First,train,2023-02-01,8492.29867008092,8186.91046334989
Me'Aisem First,train,2023-03-01,8924.59194894987,9077.247872800377
Me'Aisem First,train,2023-04-01,9411.420842602973,9140.504192929095
Me'Aisem First,train,2023-05-01,9814.233017417419,9778.440799173868
Me'Aisem First,train,2023-06-01,9827.229267724744,10064.002715547016
Me'Aisem First,train,2023-07-01,9567.621600924525,9715.123755765464
Me'Aisem First,train,2023-08-01,9370.157644541992,9381.352490420746
Me'Aisem First,train,2023-09-01,9346.125601387414,9396.126971816866
Me'Aisem First,train,2023-10-01,9296.237456486477,9519.71367653528
Me'Aisem First,train,2023-11-01,9322.054361262664,9349.091205602932
Me'Aisem First,train,2023-12-01,9606.285185366312,9467.976411981823
Me'Aisem First,train,2024-01-01,9934.331788816595,9981.286167178849
Me'Aisem First,train,2024-02-01,10128.849695430397,10215.468043732548
Me'Aisem First,train,2024-03-01,10267.926932356217,10246.798808467538
Me'Aisem First,train,2024-04-01,10471.319407838775,10400.109027146937
Me'Aisem First,train,2024-05-01,10856.833567081425,10700.656887561872
Me'Aisem First,train,2024-06-01,11276.310027554278,11241.695336622348
Me'Aisem First,train,2024-07-01,11644.39508079076,11598.239443862645
Me'Aisem First,train,2024-08-01,12046.428454203402,11894.278426431962
Me'Aisem First,train,2024-09-01,12253.630699140938,12359.551904485837
Me'Aisem First,train,2024-10-01,12152.411439132196,12344.850938993774
Me'Aisem First,train,2024-11-01,12023.906645194835,12026.679208722398
Me'Aisem First,train,2024-12-01,12106.374559682889,12036.333181527767
Me'Aisem First,train,2025-01-01,12416.513660847217,12353.968430071465
Me'Aisem First,train,2025-02-01,12895.8511008534,12787.970028619347
Me'Aisem First,test,2025-03-01,13418.836044705238,13321.0543796785
Me'Aisem First,test,2025-04-01,13903.467823384322,13598.266399713366
Me'Aisem First,test,2025-05-01,14084.048604246676,13750.111624482059
Me'Aisem First,test,2025-06-01,14242.565796409965,13850.946921168446
Me'Aisem First,test,2025-07-01,14372.55689492528,13966.233831214167
Me'Aisem First,test,2025-08-01,14479.751445325366,14124.184693879339
Me'Aisem First,forecast,2025-09-01,,14318.901078509149
Me'Aisem First,forecast,2025-10-01,,14528.974814804675
Me'Aisem First,forecast,2025-11-01,,14735.226240277088
Me'Aisem First,forecast,2025-12-01,,14929.185256773611
Me'Aisem First,forecast,2026-01-01,,15112.366781817316
Me'Aisem First,forecast,2026-02-01,,15290.930706727464
Nadd Hessa,train,2022-09-01,6357.84619523077,6960.79867975906
Nadd Hessa,train,2022-10-01,6659.322437494914,6960.79867975906
Nadd Hessa,train,2022-11-01,6915.078036485146,6960.79867975906
Nadd Hessa,train,2022-12-01,7140.669786712753,7170.833635475378
Nadd Hessa,train,2023-01-01,7441.5970395535405,7366.26153694036
Nadd Hessa,train,2023-02-01,7272.487764102151,7742.524292394328
Nadd Hessa,train,2023-03-01,7113.635586354111,7103.378488650758
Nadd Hessa,train,2023-04-01,6965.634294410513,6954.783408606071
Nadd Hessa,train,2023-05-01,6895.044782977317,6817.633002466914
Nadd Hessa,train,2023-06-01,6934.669058861062,6824.4552715441205
Nadd Hessa,train,2023-07-01,6995.793576991742,6974.293334744809
Nadd Hessa,train,2023-08-01,6995.672114954428,7056.9180951224225
Nadd Hessa,train,2023-09-01,7016.764434337836,6995.550652917115
Nadd Hessa,train,2023-10-01,7178.877255736002,7037.856753721243
Nadd Hessa,train,2023-11-01,7429.035113968036,7340.990077134168
Nadd Hessa,train,2023-12-01,7729.417550937641,7679.192972200071
Nadd Hessa,train,2024-01-01,8097.589890408596,8029.799987907247
Nadd Hessa,train,2024-02-01,8382.073395672718,8465.76222987955
Nadd Hessa,train,2024-03-01,8519.288162318768,8666.556900936841
Nadd Hessa,train,2024-04-01,8570.39926387549,8656.502928964816
Nadd Hessa,train,2024-05-01,8518.410364711377,8621.510365432212
Nadd Hessa,train,2024-06-01,8499.657623263682,8466.421465547262
Nadd Hessa,train,2024-07-01,8679.323395551137,8480.904881815986
Nadd Hessa,train,2024-08-01,8978.067118728168,8858.989167838596
Nadd Hessa,train,2024-09-01,9309.264504877392,9276.810841905197
Nadd Hessa,train,2024-10-01,9707.284833368332,9640.461891026618
Nadd Hessa,train,2024-11-01,10277.186820890303,10105.305161859273
Nadd Hessa,train,2024-12-01,10989.611779470022,10847.088808412278
Nadd Hessa,train,2025-01-01,11678.963207105693,11702.03673804974
Nadd Hessa,train,2025-02-01,12440.895724537657,12368.314634741366
Nadd Hessa,test,2025-03-01,13266.285186455532,13202.82824196962
Nadd Hessa,test,2025-04-01,13802.8062696627,13964.760759401584
Nadd Hessa,test,2025-05-01,13721.049834204157,14726.693276833548
Nadd Hessa,test,2025-06-01,13637.080468182054,15488.625794265512
Nadd Hessa,test,2025-07-01,13532.929751858454,16250.558311697476
Nadd Hessa,test,2025-08-01,13388.752619784336,17012.49082912944
Nadd Hessa,forecast,2025-09-01,,17774.423346561405
Nadd Hessa,forecast,2025-10-01,,18536.35586399337
Nadd Hessa,forecast,2025-11-01,,19298.288381425333
Nadd Hessa,forecast,2025-12-01,,20060.220898857297
Nadd Hessa,forecast,2026-01-01,,20822.15341628926
Nadd Hessa,forecast,2026-02-01,,21584.085933721224
Palm Jumeirah,train,2022-09-01,20095.289844769504,19617.348021700276
Palm Jumeirah,train,2022-10-01,19903.182034144236,19617.348021700276
Palm Jumeirah,train,2022-11-01,19680.512519170486,19617.348021700276
Palm Jumeirah,train,2022-12-01,19465.266839532866,19487.35739591728
Palm Jumeirah,train,2023-01-01,19126.04812049914,19236.887107895913
Palm Jumeirah,train,2023-02-01,18673.605768008365,18715.533681246598
Palm Jumeirah,train,2023-03-01,18333.871444902474,18193.32201364285
Palm Jumeirah,train,2023-04-01,18030.319246229697,18088.772870232846
Palm Jumeirah,train,2023-05-01,17789.4081450494,17687.16070472335
Palm Jumeirah,train,2023-06-01,17733.211303809134,17617.97638031581
Palm Jumeirah,train,2023-07-01,17726.91802729413,17755.423123452238
Palm Jumeirah,train,2023-08-01,17908.28568739861,17701.217262441303
Palm Jumeirah,train,2023-09-01,18232.92428293832,18230.674547516137
Palm Jumeirah,train,2023-10-01,18614.738571082482,18559.095233310803
Palm Jumeirah,train,2023-11-01,19030.627115867785,19034.45534420582
Palm Jumeirah,train,2023-12-01,19388.4083385343,19443.907918221357
Palm Jumeirah,train,2024-01-01,19614.656382146743,19708.383425916953
Palm Jumeirah,train,2024-02-01,19826.910525569812,19777.057473928955
Palm Jumeirah,train,2024-03-01,19974.116990369206,20073.124711915527
Palm Jumeirah,train,2024-04-01,20071.103086193296,20053.879020067558
Palm Jumeirah,train,2024-05-01,20189.740400377086,20179.82228830951
Palm Jumeirah,train,2024-06-01,20211.403327197644,20315.133976136476
Palm Jumeirah,train,2024-07-01,20236.44557353023,20162.40447028533
Palm Jumeirah,train,2024-08-01,20335.128589900938,20311.924954867456
Palm Jumeirah,train,2024-09-01,20571.025448392287,20449.6180280386
Palm Jumeirah,train,2024-10-01,21008.11891842622,20889.62559515026
Palm Jumeirah,train,2024-11-01,21489.926073743693,21525.930581004483
Palm Jumeirah,train,2024-12-01,21887.166216610884,21947.20679434375
Palm Jumeirah,train,2025-01-01,22187.158406784252,22243.506443769416
Palm Jumeirah,train,2025-02-01,22332.682605560607,22448.766056843735
Palm Jumeirah,test,2025-03-01,22339.432182068937,22399.13022719248
Palm Jumeirah,test,2025-04-01,22360.602906324075,22465.577848824352
Palm Jumeirah,test,2025-05-01,22459.01288724984,22532.025470456225
Palm Jumeirah,test,2025-06-01,22576.89702247094,22598.473092088097
Palm Jumeirah,test,2025-07-01,22695.389710514482,22664.92071371997
Palm Jumeirah,test,2025-08-01,22830.747770607682,22731.368335351843
Palm Jumeirah,forecast,2025-09-01,,22797.815956983715
Palm Jumeirah,forecast,2025-10-01,,22864.263578615588
Palm Jumeirah,forecast,2025-11-01,,22930.71120024746
Palm Jumeirah,forecast,2025-12-01,,22997.158821879333
Palm Jumeirah,forecast,2026-01-01,,23063.606443511206
Palm Jumeirah,forecast,2026-02-01,,23130.05406514308
Wadi Al Safa 5,train,2022-09-01,7699.848128157153,8265.167055909693
Wadi Al Safa 5,train,2022-10-01,7761.664003111763,8265.167055909693
Wadi Al Safa 5,train,2022-11-01,7789.838636120083,7747.937104173316
Wadi Al Safa 5,train,2022-12-01,7777.010553761384,7834.893992379118
Wadi Al Safa 5,train,2023-01-01,7710.099402365141,7788.130359757645
Wadi Al Safa 5,train,2023-02-01,7807.737732779325,7674.582589647459
Wadi Al Safa 5,train,2023-03-01,7864.604155602303,8013.612267136085
Wadi Al Safa 5,train,2023-04-01,7903.200068486921,7926.572798329123
Wadi Al Safa 5,train,2023-05-01,8357.538191279875,7964.391312096816
Wadi Al Safa 5,train,2023-06-01,8835.225074673894,8962.75754128446
Wadi Al Safa 5,train,2023-07-01,9035.907001715423,9239.121904817686
Wadi Al Safa 5,train,2023-08-01,9052.838945694428,9071.105676394713
Wadi Al Safa 5,train,2023-09-01,8930.61710593275,9006.196884683117
Wadi Al Safa 5,train,2023-10-01,8633.788406124559,8807.517227912855
Wadi Al Safa 5,train,2023-11-01,8336.51042100043,8363.892854968082
Wadi Al Safa 5,train,2023-12-01,8172.068577744153,8163.183382469291
Wadi Al Safa 5,train,2024-01-01,8109.12664257054,8169.569090115627
Wadi Al Safa 5,train,2024-02-01,8254.382579908104,8163.059634353925
Wadi Al Safa 5,train,2024-03-01,8622.515405028755,8519.195509052492
Wadi Al Safa 5,train,2024-04-01,9380.830122613734,9057.694694382955
Wadi Al Safa 5,train,2024-05-01,10267.726019005613,10193.048605560834
Wadi Al Safa 5,train,2024-06-01,11169.064034533334,11027.97397468844
Wadi Al Safa 5,train,2024-07-01,11898.388078197288,11876.319117350395
Wadi Al Safa 5,train,2024-08-01,12369.17496658368,12376.721416848204
Wadi Al Safa 5,train,2024-09-01,12554.277076002363,12611.218353655448
Wadi Al Safa 5,train,2024-10-01,12651.114861659615,12573.308318644826
Wadi Al Safa 5,train,2024-11-01,12797.10854593268,12715.749604618653
Wadi Al Safa 5,train,2024-12-01,12942.063842040996,12973.972708933872
Wadi Al Safa 5,train,2025-01-01,13022.957008295201,13090.245882817619
Wadi Al Safa 5,train,2025-02-01,13182.315571661413,13089.453293673958
Wadi Al Safa 5,test,2025-03-01,13301.795750991083,13385.212902799112
Wadi Al Safa 5,test,2025-04-01,13337.52500155434,13600.363711563996
Wadi Al Safa 5,test,2025-05-01,13638.352389538379,13807.02593726762
Wadi Al Safa 5,test,2025-06-01,13999.254519494334,13995.970373959753
Wadi Al Safa 5,test,2025-07-01,14389.743696855723,14166.885803752033
Wadi Al Safa 5,test,2025-08-01,14812.095428143977,14324.507408644095
Wadi Al Safa 5,forecast,2025-09-01,,14475.08888314541
Wadi Al Safa 5,forecast,2025-10-01,,14624.02622543246
Wadi Al Safa 5,forecast,2025-11-01,,14774.769198577253
Wadi Al Safa 5,forecast,2025-12-01,,14928.745559397568
Wadi Al Safa 5,forecast,2026-01-01,,15085.869385951606
Wadi Al Safa 5,forecast,2026-02-01,,15245.235987729355
